joint_0_vel,joint_1_vel,joint_2_vel,joint_3_vel,joint_4_vel,joint_5_vel,joint_6_vel,joint_7_vel,joint_8_vel,joint_9_vel,joint_10_vel,joint_11_vel,joint_12_vel,joint_13_vel,joint_14_vel,joint_15_vel,joint_16_vel,joint_17_vel,joint_18_vel,joint_19_vel,joint_20_vel,joint_21_vel,joint_22_vel,joint_23_vel,joint_24_vel,joint_25_vel,joint_26_vel,joint_27_vel,joint_28_vel
-0.320149,-0.459637,-0.036832,-0.065807,0.054237,0.016904,-0.195593,0.197939,1.060066,0.197333,0.589310,-1.129670,-1.265098,0.088952,-0.287270,0.199413,-0.307790,0.079117,-0.172384,0.327325,-0.142210,1.063972,0.895819,-1.022868,1.813024,0.673785,0.953201,-2.603310,2.807680
-0.297579,-0.345751,-0.055363,-0.047915,0.060342,0.014653,-0.162932,0.122481,0.834974,0.190924,0.398690,-0.605966,-0.718630,0.089138,-0.147098,-0.033049,-0.063851,0.043559,-0.146997,0.299645,-0.142285,0.805631,0.680424,-0.621598,1.264214,0.504883,0.747733,-2.032899,2.276531
-0.252439,-0.117979,-0.092425,-0.012132,0.072553,0.010151,-0.097608,-0.028436,0.384789,0.178107,0.017448,0.441442,0.374305,0.089509,0.133246,-0.497974,0.424028,-0.027558,-0.096222,0.244284,-0.142436,0.288949,0.249633,0.180940,0.166595,0.167079,0.336798,-0.892076,1.214234
-0.231397,-0.076240,-0.096234,-0.004523,0.073640,0.019479,-0.091182,-0.028081,0.276330,0.116904,-0.061105,0.522187,0.513794,0.015578,0.197772,-0.445589,0.392515,-0.073095,-0.024497,0.302002,-0.154441,0.403429,0.541362,0.222157,0.046004,0.144714,0.336883,-0.914153,1.186042
-0.220875,-0.055371,-0.098139,-0.000719,0.074184,0.024143,-0.087969,-0.027904,0.222101,0.086302,-0.100382,0.562560,0.583539,-0.021387,0.230036,-0.419397,0.376758,-0.095863,0.011366,0.330862,-0.160443,0.460669,0.687227,0.242765,-0.014292,0.133531,0.336926,-0.925192,1.171947
0.017597,0.098910,-0.064694,0.011445,0.103142,0.011324,0.055869,0.032066,0.067021,-0.151822,-0.239413,0.538219,0.615885,-0.052707,0.166885,-0.416872,0.425605,-0.132583,0.073458,0.551153,-0.267565,0.915871,1.298513,0.360647,-0.593843,0.007284,0.156862,-0.374815,0.487795
0.064295,0.156165,-0.039555,0.002879,0.090764,0.002103,0.050962,0.013881,0.015274,-0.172011,-0.275728,0.444684,0.576931,-0.042334,0.175012,-0.364260,0.386767,-0.145868,0.058223,0.663051,-0.326886,1.147166,1.544491,0.329928,-0.737349,-0.043084,0.065563,-0.183824,0.215816
0.157692,0.270674,0.010722,-0.014252,0.066008,-0.016339,0.041148,-0.022488,-0.088219,-0.212389,-0.348356,0.257614,0.499021,-0.021589,0.191267,-0.259038,0.309092,-0.172438,0.027753,0.886849,-0.445529,1.609758,2.036448,0.268489,-1.024361,-0.143818,-0.117035,0.198158,-0.328143
0.225825,0.411659,0.094150,-0.022808,0.024515,-0.060450,0.049641,-0.107769,-0.155628,-0.190712,-0.472658,-0.067556,0.345917,-0.090380,0.142497,0.044774,0.023859,-0.193395,0.008633,1.303551,-0.750393,2.340877,2.706456,0.276305,-1.122265,-0.117955,-0.220427,0.581685,-0.880014
0.259891,0.482152,0.135864,-0.027086,0.003768,-0.082506,0.053888,-0.150409,-0.189332,-0.179874,-0.534808,-0.230141,0.269365,-0.124775,0.118113,0.196680,-0.118758,-0.203873,-0.000926,1.511902,-0.902824,2.706437,3.041461,0.280213,-1.171217,-0.105024,-0.272122,0.773449,-1.155950
0.394068,0.860900,0.254095,-0.136979,-0.031155,-0.272538,-0.244346,-0.083013,0.033982,0.189632,-0.624073,-2.446522,-1.193806,-0.163845,-0.169173,1.319688,-0.813053,-0.182918,-0.082878,2.651886,-2.274620,5.543316,6.195636,0.248741,-1.074294,-0.620353,-0.711168,4.290898,-3.618599
0.485765,0.888563,0.297698,-0.147505,-0.038079,-0.251402,-0.205464,0.076488,-0.131767,0.212502,-0.517199,-2.829296,-1.788149,-0.132915,-0.208541,2.453647,-1.907418,-0.271222,-0.020945,3.374695,-3.082662,5.983976,7.025893,-0.778040,-0.566465,-0.404015,-0.581428,5.393274,-4.803691
0.669160,0.943889,0.384902,-0.168559,-0.051929,-0.209130,-0.127700,0.395489,-0.463266,0.258243,-0.303452,-3.594842,-2.976836,-0.071054,-0.287278,4.721566,-4.096150,-0.447831,0.102923,4.820314,-4.698747,6.865296,8.686407,-2.831603,0.449195,0.028661,-0.321948,7.598027,-7.173875
0.667478,0.985435,0.329155,-0.080543,-0.232732,-0.121362,0.250226,-0.169123,-0.226577,0.518925,-0.165221,-4.636364,-4.442144,0.162729,-0.185305,6.505129,-5.899627,-0.299402,0.322336,3.772954,-3.511974,4.565685,5.785431,-2.649545,0.826296,0.071590,-0.387024,6.160843,-6.165920
0.666637,1.006208,0.301281,-0.036535,-0.323133,-0.077478,0.439189,-0.451428,-0.108233,0.649267,-0.096106,-5.157125,-5.174798,0.279621,-0.134319,7.396910,-6.801365,-0.225187,0.432043,3.249274,-2.918588,3.415879,4.334943,-2.558516,1.014847,0.093054,-0.419563,5.442251,-5.661942
0.972310,1.046959,0.162336,0.064635,-0.407896,-0.140461,0.823916,-0.569082,-0.372675,0.405538,0.284598,-8.220676,-8.584713,-0.388046,-0.739609,6.586227,-6.745588,0.299706,0.333136,-3.447615,2.901518,-1.467165,-0.054617,1.306494,-0.619032,-1.527871,-1.693523,4.487386,-4.460167
0.983679,0.876941,0.172618,0.063612,-0.323158,-0.104849,0.892202,-0.401651,-0.264739,0.145826,0.312923,-9.493442,-9.817109,-0.420225,-0.752358,5.268915,-5.623403,0.305394,0.245903,-5.368894,4.831395,-2.038277,-0.967869,1.848020,-1.113102,-1.615547,-1.767147,3.929964,-3.842727
1.006418,0.536904,0.193182,0.061568,-0.153683,-0.033624,1.028775,-0.066790,-0.048869,-0.373599,0.369574,-12.038972,-12.281899,-0.484582,-0.777854,2.634290,-3.379033,0.316769,0.071438,-9.211451,8.691147,-3.180503,-2.794372,2.931072,-2.101242,-1.790900,-1.914393,2.815119,-2.607846
0.845958,0.267449,0.290487,0.119476,-0.126241,-0.084552,1.006800,0.118408,-0.153293,-0.422821,0.464264,-11.266803,-11.326048,-0.252254,-0.486447,-0.538975,-0.471182,0.228933,0.076886,-10.256839,10.371497,-5.300592,-5.573157,3.317899,-2.987762,-1.902880,-1.754657,1.473873,-0.881009
0.765728,0.132722,0.339140,0.148429,-0.112520,-0.110016,0.995813,0.211007,-0.205504,-0.447432,0.511609,-10.880719,-10.848123,-0.136089,-0.340743,-2.125608,0.982744,0.185016,0.079610,-10.779533,11.211672,-6.360637,-6.962550,3.511313,-3.431023,-1.958870,-1.674788,0.803250,-0.017590
-0.145081,-0.677189,-0.224375,0.309061,-0.041908,0.005083,0.640253,0.003684,0.049018,0.126488,0.733206,-7.679025,-8.024025,0.197035,0.375429,-3.646651,2.920632,0.430843,0.120963,-8.452404,8.751097,-9.511396,-10.768443,1.018319,-1.114784,-1.827517,-1.638133,-3.007177,2.001838
-0.382000,-0.835636,-0.294407,0.286267,0.023242,-0.003667,0.462995,0.066505,-0.026011,0.281957,0.710424,-6.610034,-6.862502,0.265374,0.413532,-3.614443,2.882326,0.370373,0.074721,-7.083874,7.412264,-8.782272,-10.472260,0.345933,-0.743470,-1.430100,-1.200232,-2.838421,1.955860
-0.855838,-1.152530,-0.434471,0.240678,0.153541,-0.021166,0.108479,0.192146,-0.176069,0.592895,0.664859,-4.472051,-4.539456,0.402054,0.489739,-3.550027,2.805712,0.249432,-0.017762,-4.346813,4.734598,-7.324024,-9.879892,-0.998837,-0.000842,-0.635266,-0.324430,-2.500908,1.863903
-0.883476,-0.864611,-0.238587,0.028640,0.192661,0.028760,-0.655045,0.355501,-0.177459,0.674188,0.534457,-3.113682,-3.360043,0.110585,0.289231,-3.228020,2.428136,0.118345,0.032700,-2.688360,2.989892,-4.928713,-7.173879,0.007797,-0.519761,-0.289693,-0.178184,-1.845224,1.670063
-0.897296,-0.720651,-0.140645,-0.077379,0.212222,0.053723,-1.036807,0.437178,-0.178155,0.714835,0.469256,-2.434498,-2.770336,-0.035149,0.188976,-3.067017,2.239348,0.052802,0.057931,-1.859134,2.117540,-3.731058,-5.820873,0.511115,-0.779220,-0.116906,-0.105061,-1.517382,1.573143
-0.444750,-0.267784,-0.084871,-0.212163,0.161804,0.099934,-0.521338,0.250722,0.298956,0.343871,0.199790,-1.333766,-1.082658,0.005044,0.092120,-1.580341,0.698277,-0.033114,0.123046,-0.070835,0.432165,-2.341024,-3.586663,-0.456424,0.819370,-0.024086,0.042091,-0.357743,0.551775
-0.365396,-0.201917,-0.033241,-0.179976,0.140848,0.093883,-0.430240,0.226705,0.173403,0.274027,0.147322,-1.055723,-0.761662,0.025089,0.075040,-1.282598,0.584092,-0.039011,0.106023,-0.124205,0.365688,-2.247804,-3.252042,-0.379160,0.870859,-0.043114,0.018049,-0.359546,0.545959
-0.206688,-0.070182,0.070020,-0.115601,0.098936,0.081780,-0.248043,0.178670,-0.077703,0.134340,0.042387,-0.499638,-0.119669,0.065180,0.040880,-0.687112,0.355720,-0.050805,0.071976,-0.230945,0.232733,-2.061363,-2.582798,-0.224633,0.973838,-0.081169,-0.030034,-0.363153,0.534327
-0.040055,0.066602,0.119681,-0.116025,0.065125,0.039878,-0.244273,0.075415,-0.040017,-0.057430,-0.077726,-0.266224,0.047929,0.041437,0.051225,-0.276828,0.053468,-0.068997,0.089747,-0.042506,0.005690,-1.991231,-2.243189,-0.491143,1.040663,-0.069805,0.053486,-0.285050,0.568491
0.043261,0.134995,0.144511,-0.116237,0.048219,0.018927,-0.242388,0.023788,-0.021173,-0.153315,-0.137783,-0.149517,0.131729,0.029566,0.056397,-0.071687,-0.097657,-0.078093,0.098633,0.051713,-0.107832,-1.956165,-2.073384,-0.624398,1.074076,-0.064123,0.095246,-0.245998,0.585573
0.132024,0.180689,0.146334,-0.055522,-0.000526,-0.001522,-0.103200,-0.030755,-0.013636,-0.184952,-0.100477,0.082626,0.252979,0.046391,0.009373,0.210593,-0.230906,-0.025304,0.044408,0.137901,-0.221593,-1.689245,-1.616911,-0.707009,0.892065,0.041739,0.157621,-0.277953,0.532200
0.132427,0.199678,0.130660,-0.041781,0.011407,0.001139,-0.113369,-0.031954,-0.026082,-0.180482,-0.135150,0.151361,0.304127,0.048738,0.009219,0.274038,-0.283495,-0.024420,0.027608,0.144837,-0.219644,-1.556969,-1.485723,-0.776407,0.837873,0.079072,0.182299,-0.296321,0.473289
0.133233,0.237657,0.099313,-0.014299,0.035272,0.006461,-0.133706,-0.034351,-0.050976,-0.171543,-0.204496,0.288831,0.406423,0.053433,0.008912,0.400928,-0.388672,-0.022651,-0.005993,0.158708,-0.215746,-1.292416,-1.223346,-0.915204,0.729489,0.153738,0.231654,-0.333057,0.355467
0.131080,0.164872,0.093807,-0.022376,0.002922,0.018810,-0.097188,-0.024348,-0.057958,-0.228302,-0.143083,0.319318,0.497999,0.044471,0.009961,0.525454,-0.407059,-0.031960,0.023262,0.145135,-0.223697,-1.048795,-0.973108,-0.879857,0.813120,0.180149,0.241161,-0.298518,0.245452
0.130004,0.128479,0.091054,-0.026414,-0.013252,0.024985,-0.078928,-0.019346,-0.061449,-0.256681,-0.112377,0.334561,0.543787,0.039990,0.010486,0.587717,-0.416252,-0.036614,0.037889,0.138348,-0.227673,-0.926984,-0.847988,-0.862184,0.854935,0.193355,0.245914,-0.281248,0.190445
0.049601,0.055431,0.054299,0.009164,-0.052109,-0.001547,-0.054639,-0.046132,-0.040197,-0.014604,0.065774,0.304463,0.474815,-0.001378,-0.048801,0.479270,-0.327122,-0.010470,0.006354,0.011337,-0.145844,-0.589205,-0.428935,-0.595724,0.467826,0.151551,0.210824,-0.200711,0.189687
0.040750,0.036840,0.046409,0.000792,-0.046783,-0.013692,-0.064238,-0.033733,-0.043947,-0.017065,0.075687,0.282489,0.427264,-0.020474,-0.075056,0.381361,-0.257426,-0.004652,-0.001989,-0.005460,-0.118059,-0.486693,-0.314247,-0.496098,0.380720,0.126789,0.175626,-0.151574,0.134128
0.023047,-0.000341,0.030628,-0.015954,-0.036133,-0.037982,-0.083435,-0.008934,-0.051448,-0.021986,0.095513,0.238541,0.332161,-0.058666,-0.127565,0.185543,-0.118033,0.006983,-0.018675,-0.039053,-0.062488,-0.281669,-0.084870,-0.296845,0.206509,0.077264,0.105232,-0.053301,0.023009
-0.030373,-0.034061,0.008838,0.033304,-0.032194,-0.046178,-0.037615,-0.001132,-0.048454,0.134918,0.162514,0.107805,0.126289,-0.115007,-0.189517,-0.022380,0.019605,0.041337,-0.066326,-0.072215,-0.029706,-0.097045,0.122081,-0.034854,-0.081996,0.032495,0.029675,0.020560,-0.076116
-0.057083,-0.050921,-0.002057,0.057932,-0.030224,-0.050276,-0.014705,0.002770,-0.046957,0.213371,0.196014,0.042436,0.023353,-0.143177,-0.220492,-0.126341,0.088423,0.058513,-0.090151,-0.088795,-0.013314,-0.004732,0.225556,0.096142,-0.226249,0.010110,-0.008103,0.057491,-0.125678
-0.134589,-0.216138,-0.042263,0.085272,-0.075689,-0.051031,0.102258,-0.078097,0.007664,0.374001,0.503536,-0.207002,-0.273288,-0.175378,-0.310887,-0.363736,0.256087,0.115903,-0.144652,-0.122455,0.040913,0.216444,0.411741,0.310518,-0.371108,-0.086423,-0.110879,0.179692,-0.253260
-0.165814,-0.249624,-0.056212,0.087731,-0.053049,-0.053632,0.123426,-0.024070,0.003575,0.423101,0.506856,-0.245259,-0.339810,-0.193001,-0.272282,-0.382916,0.239407,0.125874,-0.125127,-0.141045,0.073721,0.275147,0.402232,0.401649,-0.446370,-0.097609,-0.131378,0.173823,-0.244800
-0.228264,-0.316595,-0.084111,0.092650,-0.007769,-0.058835,0.165761,0.083984,-0.004602,0.521300,0.513497,-0.321772,-0.472852,-0.228248,-0.195072,-0.421275,0.206047,0.145818,-0.086076,-0.178224,0.139339,0.392552,0.383213,0.583911,-0.596895,-0.119980,-0.172375,0.162084,-0.227882
-0.238841,-0.303666,-0.095169,0.090956,0.004935,-0.035914,0.201943,0.064837,-0.003044,0.464424,0.390916,-0.315814,-0.463539,-0.195270,-0.146733,-0.326731,0.100540,0.120803,-0.074034,-0.188063,0.148444,0.382186,0.363868,0.678339,-0.671408,-0.173103,-0.225555,0.205322,-0.373987
-0.244129,-0.297201,-0.100698,0.090110,0.011287,-0.024453,0.220034,0.055263,-0.002264,0.435986,0.329625,-0.312835,-0.458883,-0.178781,-0.122564,-0.279459,0.047786,0.108296,-0.068013,-0.192983,0.152997,0.377003,0.354196,0.725553,-0.708664,-0.199665,-0.252146,0.226941,-0.447039
-0.203501,-0.280680,-0.089972,0.042350,0.034305,-0.013495,0.177101,0.079369,-0.080965,0.221973,0.133933,-0.229990,-0.378481,-0.061432,0.001253,0.111605,-0.278297,0.082360,-0.059045,-0.263000,0.246373,0.352027,0.341483,1.089653,-0.761781,-0.308588,-0.357053,0.439889,-0.562141
-0.183114,-0.236918,-0.084876,0.035313,0.022823,-0.005378,0.157900,0.042486,-0.074197,0.158494,0.068367,-0.152940,-0.304558,-0.015798,0.014836,0.326757,-0.448987,0.054134,-0.069619,-0.248736,0.235913,0.387276,0.402593,1.107844,-0.755517,-0.341871,-0.390916,0.492842,-0.617625
-0.142341,-0.149394,-0.074684,0.021238,-0.000141,0.010857,0.119499,-0.031280,-0.060663,0.031534,-0.062765,0.001162,-0.156713,0.075469,0.042004,0.757061,-0.790368,-0.002319,-0.090768,-0.220209,0.214992,0.457772,0.524815,1.144225,-0.742990,-0.408437,-0.458643,0.598747,-0.728593
-0.047356,-0.052692,-0.031199,0.008135,-0.033761,0.036505,0.072137,-0.008989,0.099559,-0.143626,-0.143537,0.168725,-0.017967,0.146997,0.020807,1.623451,-1.392516,-0.017957,-0.107554,-0.205425,0.178952,0.546718,0.703007,1.018534,-0.525404,-0.502519,-0.570802,0.681809,-0.835792
0.000136,-0.004342,-0.009456,0.001584,-0.050571,0.049329,0.048457,0.002156,0.179670,-0.231206,-0.183924,0.252507,0.051405,0.182761,0.010208,2.056646,-1.693590,-0.025777,-0.115947,-0.198033,0.160933,0.591191,0.792103,0.955689,-0.416611,-0.549560,-0.626881,0.723341,-0.889392
0.234670,0.300879,0.051019,-0.061768,-0.176624,0.103495,0.033959,-0.268410,0.110389,-0.521257,-0.347393,1.117816,1.102391,0.262527,-0.168972,3.855178,-3.036422,-0.090162,-0.169533,-0.075499,-0.269787,0.774041,1.544926,0.722392,0.176235,-0.732373,-0.677506,0.955799,-1.103471
0.327546,0.412955,0.042290,-0.097406,-0.222212,0.164102,0.064830,-0.382298,0.222921,-0.648371,-0.421983,1.669419,1.688267,0.221834,-0.202431,4.469486,-3.557595,-0.117242,-0.062901,0.384490,-0.825367,1.627830,2.445706,0.440516,0.844838,-0.711454,-0.790501,1.093244,-1.323212
0.513299,0.637106,0.024832,-0.168682,-0.313386,0.285317,0.126572,-0.610074,0.447986,-0.902599,-0.571163,2.772624,2.860018,0.140449,-0.269349,5.698101,-4.599942,-0.171402,0.150362,1.304469,-1.936526,3.335407,4.247266,-0.123235,2.182045,-0.669615,-1.016489,1.368135,-1.762695
0.558324,0.617780,0.065517,-0.290731,-0.241989,0.160386,-0.542435,-0.388673,0.358399,-1.117370,-0.518633,5.129344,4.826587,-0.074953,-0.262195,5.940502,-4.589926,-0.224163,0.092096,4.082597,-4.305604,5.639618,6.902729,0.982043,-0.163995,-0.234898,-0.935268,2.344835,-2.507264
0.580836,0.608117,0.085859,-0.351755,-0.206291,0.097920,-0.876938,-0.277973,0.313606,-1.224756,-0.492368,6.307704,5.809872,-0.182654,-0.258618,6.061703,-4.584918,-0.250544,0.062964,5.471662,-5.490142,6.791723,8.230460,1.534683,-1.337015,-0.017540,-0.894657,2.833184,-2.879549
0.385670,0.375068,-0.079823,-0.286711,0.152922,0.110508,-0.756464,0.130134,-0.177687,-0.752849,-0.509889,13.110623,12.278604,-0.226542,-0.159789,3.110415,-2.134817,-0.342661,0.079350,13.358738,-12.707030,9.796571,10.876252,0.525645,-2.622192,1.932988,1.469433,2.970406,-3.670167
0.306268,0.388372,-0.116678,-0.278173,0.180054,0.084853,-0.922050,0.076472,-0.008034,-0.479517,-0.426890,12.283840,11.675108,-0.283789,-0.114990,1.509742,-0.676981,-0.320927,0.072106,12.852721,-12.428955,9.910257,11.269172,-1.152892,-0.805157,2.245596,1.867746,1.536843,-2.347240
0.147464,0.414980,-0.190388,-0.261098,0.234318,0.033542,-1.253222,-0.030852,0.331272,0.067148,-0.260893,10.630274,10.468116,-0.398283,-0.025390,-1.691605,2.238690,-0.277459,0.057617,11.840689,-11.872806,10.137629,12.055013,-4.509965,2.828913,2.870810,2.664373,-1.330282,0.298614
-0.222025,-0.007362,-0.166083,-0.014738,0.120864,-0.128742,-0.568081,0.182054,0.641370,0.611563,0.082291,9.200400,9.387822,-0.018135,0.354808,-3.332096,3.889939,-0.226927,-0.020583,8.925376,-9.308619,6.539839,7.179255,-3.517216,2.518745,2.411365,2.282824,-2.376549,1.630492
-0.406769,-0.218533,-0.153931,0.108442,0.064137,-0.209884,-0.225510,0.288506,0.796418,0.883770,0.253882,8.485463,8.847675,0.171939,0.544907,-4.152342,4.715563,-0.201661,-0.059683,7.467720,-8.026526,4.740944,4.741377,-3.020842,2.363661,2.181642,2.092049,-2.899683,2.296430
-0.537595,-0.432004,-0.178840,-0.015290,0.092188,-0.156578,-0.114920,0.267369,0.378673,0.533548,-0.030228,5.117074,5.877479,0.331797,0.644447,-6.667428,7.064949,-0.049245,-0.514566,2.471340,-3.198039,2.954078,1.820140,-2.670822,3.070915,2.032467,1.916574,-3.082931,3.433555
-0.537931,-0.543407,-0.232006,-0.015733,0.154254,-0.083710,-0.139039,0.397289,0.201896,0.316920,-0.024150,4.266093,4.871374,0.279795,0.550445,-6.916241,7.038771,-0.010318,-0.529074,0.888159,-1.611589,2.140309,1.132036,-1.924447,2.283810,1.775452,1.812733,-3.226027,3.588080
-0.538603,-0.766212,-0.338340,-0.016617,0.278386,0.062027,-0.187276,0.657130,-0.151659,-0.116336,-0.011994,2.564129,2.859163,0.175791,0.362442,-7.413867,6.986414,0.067535,-0.558088,-2.278204,1.561311,0.512770,-0.244170,-0.431697,0.709602,1.261422,1.605050,-3.512217,3.897132
-0.405330,-0.599036,-0.341473,0.061255,0.261949,0.131749,-0.188271,0.419147,-0.126463,-0.320970,-0.169370,1.777574,2.014537,-0.074445,0.301480,-6.847121,6.143048,0.158227,-0.207461,-3.559407,2.865236,-1.245166,-1.757973,1.137073,-0.122847,0.568962,1.080173,-3.609212,4.158015
-0.338693,-0.515448,-0.343039,0.100191,0.253731,0.166609,-0.188768,0.300156,-0.113865,-0.423287,-0.248058,1.384297,1.592224,-0.199562,0.270999,-6.563747,5.721365,0.203573,-0.032147,-4.200009,3.517199,-2.124134,-2.514875,1.921458,-0.539071,0.222732,0.817734,-3.657709,4.288456
-0.165519,-0.373946,-0.206999,0.031014,0.148070,0.218321,-0.046822,-0.002874,0.007316,-0.580621,-0.329422,1.085995,0.913061,0.063653,0.197015,-4.191636,3.844719,0.253649,0.015402,-4.063256,3.678738,-3.521873,-4.012907,1.368059,-0.082385,0.141146,0.477759,-4.433163,4.524235
-0.162268,-0.332891,-0.151161,0.007752,0.112082,0.200111,0.007226,-0.036237,-0.057162,-0.474310,-0.304819,0.865544,0.780259,0.141626,0.213460,-3.429511,3.147517,0.214393,0.034331,-3.594067,3.303359,-3.165311,-3.590757,1.067814,-0.018927,0.249152,0.525914,-3.963131,4.015749
-0.155765,-0.250779,-0.039484,-0.038771,0.040106,0.163693,0.115321,-0.102962,-0.186118,-0.261689,-0.255615,0.424641,0.514657,0.297571,0.246349,-1.905262,1.753114,0.135880,0.072188,-2.655688,2.552602,-2.452186,-2.746457,0.467325,0.107988,0.465165,0.622224,-3.023069,2.998776
-0.096526,-0.221793,-0.013587,-0.057108,-0.012125,0.109448,0.099908,-0.135364,-0.203942,-0.259351,-0.089590,0.253715,0.343708,0.313111,0.158604,-1.015493,0.942803,0.134031,0.030798,-2.123632,1.973267,-2.143508,-2.352545,0.156845,0.306794,0.270051,0.449003,-2.047028,2.246928
-0.066906,-0.207299,-0.000639,-0.066277,-0.038240,0.082326,0.092202,-0.151564,-0.212855,-0.258182,-0.006578,0.168252,0.258233,0.320882,0.114732,-0.570609,0.537648,0.133106,0.010103,-1.857605,1.683599,-1.989169,-2.155589,0.001605,0.406197,0.172494,0.362392,-1.559007,1.871004
-0.073912,-0.103894,0.106660,-0.014287,-0.075658,0.026959,0.096592,-0.108283,-0.108895,0.035363,0.107431,-0.033008,-0.089174,0.120188,0.018203,0.215111,-0.194341,0.110598,-0.038229,-1.338413,1.248145,-1.442821,-1.486883,0.107083,0.207184,0.152145,0.187959,-0.718278,0.781563
-0.049672,-0.099781,0.106985,-0.017915,-0.083939,0.018180,0.055028,-0.132690,-0.119098,-0.029499,0.120537,-0.067027,-0.133056,0.163927,-0.001566,0.311673,-0.294672,0.102723,-0.030017,-1.169934,1.091561,-1.375890,-1.451339,0.087730,0.145521,0.090458,0.112171,-0.521072,0.598771
-0.001192,-0.091554,0.107635,-0.025171,-0.100501,0.000621,-0.028099,-0.181502,-0.139504,-0.159223,0.146748,-0.135064,-0.220822,0.251405,-0.041104,0.504797,-0.495332,0.086972,-0.013593,-0.832974,0.778394,-1.242029,-1.380250,0.049025,0.022194,-0.032916,-0.039403,-0.126659,0.233187
0.061337,-0.008448,0.113082,0.003882,-0.118726,-0.034752,0.068552,-0.154889,-0.101036,-0.019113,0.156855,-0.278576,-0.349481,0.027287,-0.023432,0.481207,-0.489144,0.094243,0.044123,-0.657767,0.626154,-0.919926,-0.938473,0.093673,-0.201626,-0.053013,-0.059375,0.140545,-0.144533
0.092601,0.033105,0.115806,0.018408,-0.127839,-0.052438,0.116878,-0.141582,-0.081802,0.050942,0.161908,-0.350332,-0.413810,-0.084771,-0.014596,0.469413,-0.486049,0.097878,0.072980,-0.570164,0.550035,-0.758874,-0.717584,0.115997,-0.313537,-0.063062,-0.069361,0.274148,-0.333392
0.041164,0.042959,0.108876,0.001816,-0.106079,-0.067947,0.169693,-0.029467,-0.039478,0.048125,0.027758,-0.430272,-0.444904,0.050236,0.055475,0.366681,-0.407979,0.079802,-0.023698,-0.356726,0.391313,-0.577172,-0.737640,-0.039169,-0.140133,-0.152665,-0.164860,0.329540,-0.302986
0.074479,0.066236,0.109334,-0.015183,-0.096847,-0.065777,0.095170,-0.041288,-0.041874,-0.032890,0.001191,-0.455632,-0.454956,0.049843,0.033256,0.341389,-0.364141,0.054373,0.003668,-0.283841,0.339413,-0.504845,-0.614838,0.002650,-0.148904,-0.182494,-0.175107,0.405687,-0.414600
0.141109,0.112788,0.110249,-0.049180,-0.078381,-0.061436,-0.053875,-0.064930,-0.046666,-0.194919,-0.051942,-0.506351,-0.475060,0.049057,-0.011183,0.290805,-0.276466,0.003515,0.058398,-0.138071,0.235611,-0.360190,-0.369235,0.086288,-0.166447,-0.242152,-0.195602,0.557983,-0.637829
0.164127,0.146421,0.090743,-0.002618,-0.065581,-0.061970,0.078512,-0.058683,-0.042517,-0.133681,-0.091782,-0.496938,-0.509902,0.041375,0.106914,0.267553,-0.251261,0.022829,0.065157,-0.118721,0.201983,-0.243898,-0.227392,0.209545,-0.322457,-0.228266,-0.203691,0.590259,-0.669717
0.175637,0.163237,0.080991,0.020663,-0.059181,-0.062237,0.144706,-0.055560,-0.040442,-0.103062,-0.111702,-0.492232,-0.527322,0.037534,0.165962,0.255927,-0.238658,0.032486,0.068536,-0.109045,0.185169,-0.185752,-0.156471,0.271174,-0.400462,-0.221323,-0.207736,0.606396,-0.685661
0.225136,0.184383,0.081284,0.025260,-0.040690,-0.066179,0.111975,-0.081142,-0.001013,-0.250070,-0.164398,-0.419244,-0.467936,0.165193,0.085254,0.190510,-0.175741,-0.032019,0.072190,-0.064070,0.215097,-0.096749,-0.212370,0.255937,-0.414817,-0.138557,-0.163579,0.485096,-0.524360
0.206659,0.173302,0.071961,0.013891,-0.043245,-0.067905,0.083617,-0.074321,0.004156,-0.198985,-0.133343,-0.402084,-0.459081,0.141807,0.057885,0.169963,-0.145445,-0.038129,0.055244,-0.098129,0.244215,-0.089543,-0.150714,0.224308,-0.416976,-0.153747,-0.149309,0.511420,-0.544705
0.169705,0.151142,0.053313,-0.008846,-0.048355,-0.071355,0.026900,-0.060679,0.014495,-0.096815,-0.071232,-0.367766,-0.441371,0.095036,0.003148,0.128869,-0.084853,-0.050348,0.021354,-0.166247,0.302452,-0.075132,-0.027401,0.161050,-0.421295,-0.184125,-0.120769,0.564069,-0.585395
0.194337,0.157177,0.029136,0.002585,-0.044075,-0.067413,0.012468,-0.080351,0.042591,-0.198361,-0.108328,-0.312149,-0.315757,0.114475,0.035417,0.078326,-0.065538,-0.019538,0.039121,-0.117658,0.217596,-0.080605,-0.251937,-0.003971,-0.277436,-0.123944,-0.119418,0.309359,-0.300057
0.206653,0.160194,0.017048,0.008300,-0.041935,-0.065442,0.005252,-0.090187,0.056638,-0.249134,-0.126876,-0.284341,-0.252950,0.124194,0.051551,0.053055,-0.055880,-0.004134,0.048005,-0.093364,0.175168,-0.083342,-0.364205,-0.086482,-0.205507,-0.093853,-0.118742,0.182004,-0.157388
0.183729,0.098039,0.019808,0.048071,-0.030896,-0.029828,0.032390,-0.056808,-0.000309,-0.179847,0.077936,-0.255919,-0.245900,0.082123,0.017587,0.029450,-0.066383,-0.008925,0.031968,-0.067011,0.144447,0.020916,-0.168806,0.066115,-0.357867,-0.091717,-0.129945,0.360366,-0.397838
0.197237,0.113559,0.027431,0.029723,-0.040165,-0.037844,0.038265,-0.043759,-0.000366,-0.188182,0.040371,-0.296995,-0.287271,0.017929,-0.042502,0.008721,-0.033050,-0.009818,0.034491,-0.068248,0.159152,0.091289,-0.040289,0.016003,-0.321898,-0.092010,-0.124234,0.390518,-0.467564
0.224252,0.144597,0.042677,-0.006972,-0.058705,-0.053876,0.050014,-0.017661,-0.000478,-0.204853,-0.034760,-0.379148,-0.370013,-0.110460,-0.162682,-0.032737,0.033615,-0.011605,0.039537,-0.070724,0.188561,0.232034,0.216746,-0.084220,-0.249960,-0.092596,-0.112813,0.450822,-0.607016
0.150179,0.130819,0.035544,-0.006641,-0.047981,-0.034967,-0.010212,-0.027553,-0.009847,-0.123015,-0.010713,-0.419519,-0.361689,-0.024586,-0.140408,-0.034990,0.033786,-0.027305,-0.024319,-0.056939,0.167940,0.244175,0.131447,-0.099835,-0.187583,-0.110582,-0.164292,0.407096,-0.537032
0.113143,0.123930,0.031977,-0.006476,-0.042619,-0.025513,-0.040325,-0.032499,-0.014531,-0.082097,0.001310,-0.439705,-0.357527,0.018352,-0.129272,-0.036117,0.033872,-0.035155,-0.056247,-0.050046,0.157629,0.250245,0.088797,-0.107643,-0.156394,-0.119575,-0.190031,0.385232,-0.502041
0.212806,0.198732,0.092906,-0.001329,-0.041858,-0.029464,0.068710,-0.145929,0.025402,-0.136493,-0.146137,-0.546323,-0.509833,-0.192845,-0.117769,-0.046889,0.008227,0.019473,0.080913,-0.039760,0.281220,0.309062,0.183429,0.063402,-0.470497,-0.050168,-0.151437,0.428865,-0.483910
0.196063,0.153327,0.086051,0.010200,-0.058425,-0.025071,0.073258,-0.124092,0.045310,-0.079140,-0.019209,-0.584967,-0.564222,-0.164216,-0.139416,-0.052054,0.028643,0.023331,0.057826,-0.079207,0.341580,0.185257,0.113117,-0.036199,-0.442956,-0.095149,-0.169039,0.477056,-0.488898
0.162579,0.062518,0.072340,0.033258,-0.091559,-0.016286,0.082354,-0.080419,0.085125,0.035566,0.234645,-0.662257,-0.673001,-0.106959,-0.182712,-0.062385,0.069475,0.031047,0.011651,-0.158099,0.462301,-0.062352,-0.027509,-0.235400,-0.387875,-0.185110,-0.204245,0.573438,-0.498875
0.161920,0.046258,0.055762,0.048326,-0.079852,-0.023686,0.125216,-0.163001,0.095966,-0.040755,0.166270,-0.678194,-0.606032,-0.106910,-0.109594,-0.054176,0.063192,0.064110,0.044606,-0.083315,0.374108,-0.149248,-0.220315,-0.343942,-0.184132,-0.145766,-0.207709,0.611890,-0.574250
0.161590,0.038129,0.047473,0.055860,-0.073998,-0.027386,0.146648,-0.204291,0.101387,-0.078915,0.132083,-0.686163,-0.572547,-0.106886,-0.073036,-0.050071,0.060051,0.080642,0.061083,-0.045923,0.330012,-0.192695,-0.316719,-0.398213,-0.082261,-0.126094,-0.209441,0.631116,-0.611938
0.172124,0.115883,0.090990,0.054925,-0.101543,-0.043672,0.272761,-0.076392,0.156969,0.130950,0.117523,-0.742389,-0.725935,-0.186607,-0.144709,-0.017718,0.113197,0.063909,0.011269,-0.025743,0.431357,-0.855006,-0.509089,-0.600092,-0.076890,-0.231547,-0.227427,0.806767,-0.874644
0.158916,0.084939,0.070333,0.048842,-0.114729,-0.040991,0.252630,-0.091300,0.193272,0.149475,0.171134,-0.690884,-0.650676,-0.192277,-0.146085,0.008241,0.105700,0.047211,0.021411,0.021172,0.389477,-1.029326,-0.704073,-0.607569,-0.000255,-0.239845,-0.240375,0.848362,-0.874094
0.132499,0.023052,0.029021,0.036675,-0.141099,-0.035630,0.212368,-0.121115,0.265880,0.186524,0.278356,-0.587875,-0.500158,-0.203619,-0.148836,0.060158,0.090707,0.013814,0.041694,0.115003,0.305716,-1.377967,-1.094041,-0.622523,0.153016,-0.256442,-0.266271,0.931551,-0.872994
0.149474,0.044998,0.032329,0.055230,-0.152383,-0.047278,0.253107,-0.163424,0.263424,0.248894,0.367410,-0.463639,-0.362709,-0.186707,-0.172650,0.081863,-0.034992,0.050911,-0.011534,0.338521,0.155251,-1.932636,-1.865131,-0.802499,0.533542,-0.298665,-0.308070,0.879420,-0.634215
0.157961,0.055970,0.033984,0.064507,-0.158025,-0.053102,0.273477,-0.184579,0.262196,0.280079,0.411937,-0.401521,-0.293985,-0.178251,-0.184557,0.092716,-0.097842,0.069459,-0.038149,0.450279,0.080018,-2.209970,-2.250676,-0.892487,0.723806,-0.319777,-0.328970,0.853355,-0.514826
-0.034590,-0.226678,-0.024081,-0.036148,-0.141548,-0.053809,-0.060425,-0.060896,0.542495,0.161610,0.527510,0.042306,0.182672,0.015235,-0.109055,0.338642,-0.451849,-0.015164,0.035296,0.903772,-0.392464,-3.792837,-4.178472,-2.113804,2.387651,-0.110765,0.120173,0.478329,0.772228
-0.069457,-0.241627,-0.033411,-0.020332,-0.168668,-0.049177,0.001898,-0.128964,0.486038,0.075107,0.356805,0.616367,0.888797,0.015784,-0.075483,0.450602,-0.600413,-0.061922,0.058788,1.386440,-0.894304,-4.917968,-5.492801,-2.443151,2.866007,-0.101721,0.210737,0.307871,1.199679
-0.139189,-0.271525,-0.052072,0.011302,-0.222907,-0.039915,0.126545,-0.265101,0.373123,-0.097901,0.015393,1.764490,2.301047,0.016882,-0.008341,0.674521,-0.897541,-0.155437,0.105772,2.351776,-1.897983,-7.168230,-8.121458,-3.101843,3.822721,-0.083633,0.391865,-0.033044,2.054581
-0.182246,-0.108443,-0.073823,0.094806,-0.028488,0.004515,0.168383,-0.239830,0.176044,-0.110906,-0.452117,2.745481,2.962782,0.209014,0.153972,0.461706,-0.419414,-0.342055,0.207854,2.644222,-2.597219,-7.186967,-7.895524,-2.794652,3.724454,-0.244708,0.285669,0.331604,0.817764
-0.203775,-0.026902,-0.084699,0.136557,0.068722,0.026730,0.189303,-0.227195,0.077504,-0.117409,-0.685871,3.235977,3.293649,0.305080,0.235129,0.355299,-0.180350,-0.435364,0.258895,2.790445,-2.946837,-7.196335,-7.782557,-2.641057,3.675320,-0.325246,0.232571,0.513928,0.199356
0.001614,0.145744,-0.023300,0.029190,0.083213,-0.051357,0.158151,-0.194158,-0.177405,-0.206023,-0.696357,2.026527,1.930420,0.264727,0.140030,-0.405387,0.478546,-0.200417,0.235420,1.406028,-1.580421,-2.885100,-2.358307,-1.808830,1.418894,-0.245094,-0.112105,0.736206,-1.084729
-0.039484,0.074427,-0.009492,0.013437,0.047165,-0.036101,0.029379,-0.080722,-0.170536,-0.074788,-0.458700,1.894269,1.770293,0.237776,0.152483,-0.322788,0.329947,-0.168419,0.162945,1.157911,-1.287723,-2.636608,-2.155764,-1.498945,0.907499,-0.294467,-0.137003,0.605437,-0.742972
-0.121679,-0.068207,0.018124,-0.018069,-0.024932,-0.005587,-0.228165,0.146151,-0.156799,0.187682,0.016614,1.629754,1.450041,0.183874,0.177390,-0.157589,0.032750,-0.104425,0.017997,0.661676,-0.702326,-2.139624,-1.750679,-0.879176,-0.115290,-0.393214,-0.186799,0.343899,-0.059457
-0.119455,-0.113831,0.001455,-0.042938,-0.072270,0.005058,-0.172892,0.007375,-0.168537,0.136121,0.079143,1.216956,1.128037,0.188737,0.125743,-0.308787,0.096396,-0.096620,0.033856,0.558426,-0.492599,-1.625039,-1.289981,-0.542881,0.001392,-0.132836,0.014618,0.174905,0.126813
-0.118343,-0.136643,-0.006880,-0.055373,-0.095939,0.010381,-0.145256,-0.062013,-0.174406,0.110341,0.110408,1.010557,0.967035,0.191168,0.099919,-0.384386,0.128219,-0.092718,0.041786,0.506801,-0.387736,-1.367747,-1.059632,-0.374733,0.059733,-0.002647,0.115326,0.090408,0.219948
-0.109321,-0.042808,0.010520,-0.097416,-0.039414,-0.019953,-0.103345,-0.006687,-0.127975,0.169522,-0.047085,0.822568,0.581776,0.234281,-0.019293,-0.379630,0.177796,-0.103994,-0.080195,0.163677,-0.221136,-0.532713,-0.407221,-0.597383,-0.087163,0.107600,0.122925,-0.129571,0.020399
-0.136532,-0.046256,0.029058,-0.068581,-0.074143,-0.020005,-0.063904,-0.068242,-0.120270,0.194403,-0.001619,0.673037,0.482853,0.204862,-0.021710,-0.291296,0.091998,-0.078292,-0.108851,0.117710,-0.149557,-0.438943,-0.258611,-0.356859,-0.316907,0.024714,0.076670,-0.005467,-0.047719
-0.190953,-0.053154,0.066133,-0.010911,-0.143601,-0.020108,0.014977,-0.191353,-0.104860,0.244166,0.089314,0.373976,0.285009,0.146025,-0.026543,-0.114629,-0.079596,-0.026888,-0.166163,0.025777,-0.006398,-0.251404,0.038609,0.124190,-0.776396,-0.141057,-0.015840,0.242741,-0.183957
-0.159556,-0.119922,0.057086,-0.048476,-0.086434,-0.010609,-0.055999,-0.031237,-0.081848,0.227156,0.149335,0.164745,0.190831,0.034043,0.000991,-0.061180,-0.148089,-0.008867,-0.047279,-0.050701,0.102647,-0.104682,0.064983,-0.024871,-0.541143,-0.034430,0.014053,0.115142,-0.015257
-0.143857,-0.153306,0.052562,-0.067259,-0.057851,-0.005859,-0.091487,0.048821,-0.070342,0.218651,0.179345,0.060130,0.143741,-0.021949,0.014758,-0.034456,-0.182335,0.000144,0.012164,-0.088940,0.157169,-0.031321,0.078170,-0.099401,-0.423517,0.018883,0.029000,0.051343,0.069093
-0.202374,-0.178241,0.078759,-0.097221,-0.188288,0.009395,-0.207284,-0.181586,-0.032620,0.249239,0.411542,-0.003060,0.060257,0.026575,-0.168494,-0.067619,-0.042403,-0.026221,-0.044992,-0.013277,0.129125,0.184957,0.159836,0.185496,-0.015131,0.026592,0.008413,-0.107503,0.036245
-0.185305,-0.160745,0.083350,-0.102326,-0.176812,0.007004,-0.215682,-0.171078,-0.026023,0.212065,0.359668,-0.071581,0.006483,-0.019495,-0.181336,-0.058234,-0.058768,0.005523,-0.056783,-0.035204,0.171871,0.221445,0.197916,0.210989,-0.090319,0.016284,0.011245,-0.078896,0.051871
-0.151167,-0.125755,0.092530,-0.112536,-0.153861,0.002221,-0.232478,-0.150062,-0.012831,0.137716,0.255920,-0.208624,-0.101064,-0.111635,-0.207019,-0.039463,-0.091497,0.069009,-0.080365,-0.079059,0.257362,0.294419,0.274077,0.261975,-0.240694,-0.004333,0.016907,-0.021680,0.083123
-0.210280,-0.138517,0.075228,-0.047953,-0.158699,-0.008589,-0.071837,-0.165957,0.025155,0.279437,0.222626,-0.145667,-0.045580,-0.176257,-0.126900,-0.036986,-0.094121,0.051152,-0.036399,-0.007927,0.147454,0.198701,0.126380,-0.138705,-0.183315,-0.038048,0.010653,0.008818,0.117851
-0.239837,-0.144898,0.066577,-0.015661,-0.161118,-0.013995,0.008484,-0.173905,0.044148,0.350298,0.205979,-0.114189,-0.017838,-0.208568,-0.086840,-0.035747,-0.095433,0.042224,-0.014416,0.027639,0.092500,0.150842,0.052532,-0.339046,-0.154626,-0.054906,0.007526,0.024067,0.135216
-0.103121,-0.120911,0.001940,-0.028835,-0.007074,0.023000,-0.107360,-0.006564,0.019881,0.036379,0.091068,-0.078314,0.007462,0.084009,0.080073,0.025906,-0.117222,0.023801,-0.039243,-0.019194,0.110475,0.118019,-0.204132,-0.039856,0.032596,-0.065200,-0.126897,-0.043979,-0.025116
-0.094091,-0.164160,-0.002747,-0.066736,0.000615,0.020152,-0.164688,0.004711,-0.022387,-0.053744,0.071415,-0.072643,0.041776,0.185492,0.154983,-0.000519,-0.120750,0.018786,-0.034876,0.008486,0.075611,0.106341,-0.313591,0.075549,-0.071155,-0.068164,-0.118917,-0.047578,0.000158
-0.076029,-0.250657,-0.012120,-0.142540,0.015994,0.014454,-0.279345,0.027261,-0.106925,-0.233991,0.032109,-0.061302,0.110405,0.388458,0.304801,-0.053367,-0.127806,0.008757,-0.026142,0.063846,0.005883,0.082985,-0.532508,0.306360,-0.278658,-0.074092,-0.102955,-0.054775,0.050706
-0.178659,-0.283937,-0.062892,-0.090013,0.040487,0.045146,-0.160179,0.113600,-0.051607,0.024736,0.048525,0.080948,0.131182,0.507503,0.286952,-0.058570,-0.112540,-0.025776,-0.083278,0.012233,-0.035461,0.082688,-0.519311,0.286722,-0.277198,-0.118383,-0.135000,0.024550,-0.031109
-0.229974,-0.300578,-0.088278,-0.063750,0.052733,0.060493,-0.100596,0.156769,-0.023948,0.154100,0.056733,0.152073,0.141571,0.567026,0.278027,-0.061171,-0.104907,-0.043042,-0.111845,-0.013574,-0.056133,0.082540,-0.512712,0.276902,-0.276468,-0.140528,-0.151023,0.064213,-0.072016
-0.241866,-0.343698,-0.082056,-0.183948,0.071042,0.099941,-0.325178,0.066922,-0.103250,0.063956,-0.000942,0.129585,0.083762,0.638461,0.336478,-0.006674,-0.157126,-0.125044,-0.099391,-0.063490,-0.057746,-0.034473,-0.424836,0.574125,-0.617033,-0.164627,-0.174834,-0.034674,-0.023797
-0.262518,-0.341358,-0.063790,-0.203375,0.077898,0.098762,-0.319514,0.117391,-0.109551,0.107556,-0.054975,0.152539,0.057462,0.625802,0.353235,0.016577,-0.214213,-0.173506,-0.106523,-0.129758,0.003062,-0.010179,-0.330491,0.606784,-0.777239,-0.203309,-0.227897,0.126306,-0.287312
-0.303823,-0.336678,-0.027257,-0.242230,0.091609,0.096404,-0.308185,0.218329,-0.122153,0.194755,-0.163043,0.198447,0.004862,0.600484,0.386749,0.063078,-0.328389,-0.270429,-0.120787,-0.262293,0.124678,0.038409,-0.141799,0.672101,-1.097651,-0.280674,-0.334024,0.448266,-0.814341
-0.456396,-0.287745,0.012811,-0.219824,0.018231,0.093347,-0.170635,0.178894,-0.095304,0.628024,-0.133337,0.093917,-0.085081,0.608632,0.562945,0.097589,-0.459615,-0.373962,-0.145484,-0.345509,0.232315,-0.080618,-0.157246,0.897919,-1.435803,-0.356971,-0.398906,0.584060,-0.997820
-0.532682,-0.263278,0.032845,-0.208622,-0.018458,0.091818,-0.101859,0.159177,-0.081879,0.844659,-0.118484,0.041652,-0.130053,0.612706,0.651043,0.114844,-0.525228,-0.425728,-0.157833,-0.387117,0.286133,-0.140131,-0.164969,1.010828,-1.604878,-0.395120,-0.431346,0.651957,-1.089560
-1.159731,-0.285629,0.101218,-0.007168,-0.281892,0.057595,0.358038,0.133705,0.315438,2.291869,0.364320,-0.471850,-0.669276,0.069901,0.427135,0.163872,-0.660709,-0.488654,-0.185862,-0.423163,0.275668,-0.490237,-0.137302,0.901979,-1.969617,-0.439144,-0.458704,0.592993,-1.255345
-1.433192,-0.298676,0.148049,0.181765,-0.398987,0.025234,0.615753,0.041930,0.349058,2.982835,0.555069,-0.603710,-0.720166,-0.330230,0.173130,0.213767,-0.708545,-0.386711,-0.211399,-0.466673,0.290665,-0.679937,-0.224331,0.779524,-1.948034,-0.447360,-0.437981,0.535824,-1.189997
-1.980115,-0.324769,0.241711,0.559632,-0.633178,-0.039488,1.131184,-0.141622,0.416297,4.364766,0.936567,-0.867431,-0.821946,-1.130492,-0.334880,0.313556,-0.804219,-0.182825,-0.262473,-0.553694,0.320660,-1.059337,-0.398389,0.534616,-1.904867,-0.463792,-0.396535,0.421484,-1.059301
-2.650410,-0.508139,0.316621,1.461397,-1.026834,-0.022344,1.692088,-0.675988,0.426951,5.956692,1.811179,-1.426635,-1.255402,-1.718865,-1.543118,0.472507,-1.029611,0.039629,-0.590740,-0.727764,0.631112,-1.387526,-0.374247,0.437652,-1.490418,-0.562251,-0.361687,0.181566,-0.440538
-2.985558,-0.599825,0.354076,1.912279,-1.223662,-0.013772,1.972539,-0.943171,0.432277,6.752654,2.248484,-1.706237,-1.472130,-2.013051,-2.147236,0.551983,-1.142306,0.150856,-0.754874,-0.814800,0.786339,-1.551620,-0.362175,0.389171,-1.283194,-0.611480,-0.344263,0.061608,-0.131157
-3.198567,-1.455895,0.202888,3.620102,-2.033544,-0.014618,1.865819,-1.023463,0.720860,7.725670,4.761778,-2.859162,-2.431435,-3.041556,-4.776597,0.640634,-1.148057,0.244641,-0.697020,-0.817353,1.208200,-2.381224,-0.455178,-0.479904,-0.415629,-0.756102,-0.278596,-0.408050,0.663628
-3.114922,-1.737172,0.220677,3.914014,-2.209572,-0.027437,1.407411,-0.796168,0.636926,7.149532,5.235072,-3.432927,-2.928977,-2.818314,-4.575476,0.588540,-1.028730,0.395118,-0.529021,-0.921548,1.480572,-2.391799,-0.414146,-0.409368,-0.574573,-0.882314,-0.250855,-0.139735,0.410511
-2.947632,-2.299724,0.256255,4.501840,-2.561629,-0.053074,0.490595,-0.341577,0.469060,5.997255,6.181662,-4.580455,-3.924062,-2.371832,-4.173235,0.484352,-0.790075,0.696071,-0.193023,-1.129940,2.025318,-2.412949,-0.332083,-0.268296,-0.892461,-1.134737,-0.195373,0.396895,-0.095723
-2.520535,-2.573253,0.083039,4.718527,-2.458481,-0.179390,-0.786367,0.693327,0.553990,3.895330,6.192131,-5.245017,-4.871794,-2.493025,-3.316678,0.563026,-0.317866,0.667116,0.170628,-1.404590,2.430752,-2.190709,-0.189783,-0.287538,-1.407582,-1.215391,-0.197036,1.692462,-0.949162
-2.306987,-2.710017,-0.003569,4.826871,-2.406906,-0.242548,-1.424848,1.210779,0.596455,2.844368,6.197366,-5.577297,-5.345660,-2.553621,-2.888399,0.602363,-0.081761,0.652638,0.352454,-1.541915,2.633470,-2.079588,-0.118633,-0.297158,-1.665142,-1.255717,-0.197868,2.340246,-1.375881
-1.667587,-2.998659,-0.268845,4.693133,-2.284636,-0.269307,-2.488543,2.184462,1.219258,-1.197124,5.829440,-5.584459,-5.462340,-1.112777,-2.402358,1.529150,0.349776,-0.398554,0.420203,-1.088942,2.972735,-1.088197,-0.043373,1.847683,-0.406225,-0.799395,-0.404024,4.450991,-2.867108
-1.347529,-2.976892,-0.364830,4.178774,-2.115528,-0.211824,-2.604847,2.362145,1.296190,-2.502083,5.444803,-5.066791,-4.438918,-0.198009,-2.323923,1.972831,0.167504,-0.871214,0.538042,-0.938723,2.605836,-0.608865,-0.231566,2.111462,0.114623,-0.662169,-0.434142,4.303937,-2.570153
-0.707413,-2.933358,-0.556800,3.150056,-1.777312,-0.096860,-2.837455,2.717513,1.450054,-5.112001,4.675530,-4.031455,-2.392073,1.631526,-2.167053,2.860195,-0.197040,-1.816533,0.773721,-0.638286,1.872038,0.349799,-0.607952,2.639020,1.156317,-0.387717,-0.494378,4.009831,-1.976243
-0.078915,-2.955849,-1.025394,2.433656,-1.712545,-0.098678,-2.489123,2.588741,1.979123,-5.790012,3.921083,-2.363773,0.785341,2.397078,-1.305957,4.830881,-1.019424,-2.282584,1.086394,0.481381,-0.451557,1.228473,-0.958337,2.936691,0.938053,-0.321066,-0.525604,3.285774,-0.554519
0.235333,-2.967095,-1.259691,2.075456,-1.680161,-0.099588,-2.314957,2.524355,2.243658,-6.129017,3.543860,-1.529932,2.374047,2.779854,-0.875409,5.816224,-1.430615,-2.515609,1.242731,1.041214,-1.613354,1.667810,-1.133529,3.085527,0.828921,-0.287741,-0.541217,2.923746,0.156343
-1.924542,-3.873004,-1.939172,1.459621,-0.738087,-0.102513,-4.060883,4.157921,2.817115,-0.576510,4.365460,0.813088,7.638208,0.544766,-0.291880,9.708030,-2.956620,-1.689411,1.476402,3.295398,-5.261320,7.724264,-1.977642,3.165096,1.133916,1.366147,-0.305421,1.333343,2.119518
-2.358543,-3.723518,-1.668846,0.974609,-0.859901,-0.180253,-3.910114,3.813826,2.651669,0.812308,4.147041,1.196176,8.047780,0.113268,-0.175835,9.719912,-2.595317,-1.350609,1.376606,3.055302,-5.325249,10.033068,-1.946292,3.310443,1.455487,2.453655,0.006304,-0.129562,2.122344
-3.226544,-3.424546,-1.128193,0.004585,-1.103531,-0.335733,-3.608575,3.125636,2.320776,3.589945,3.710203,1.962354,8.866923,-0.749726,0.056255,9.743675,-1.872709,-0.673003,1.177015,2.575109,-5.453106,14.650675,-1.883591,3.601137,2.098627,4.628670,0.629754,-3.055372,2.127995
-3.724557,-2.753795,-0.591493,-0.325792,-1.075682,-0.305689,-3.036401,2.981878,1.667923,5.926594,3.103840,1.445024,6.555881,-1.842449,-0.006409,6.117545,-0.695274,-0.224335,0.778450,1.346716,-3.700984,13.071983,-1.091522,0.289241,1.022935,3.133074,0.394629,-2.293006,0.856718
-3.973564,-2.418419,-0.323143,-0.490980,-1.061758,-0.290667,-2.750313,2.909998,1.341496,7.094918,2.800659,1.186359,5.400361,-2.388810,-0.037740,4.304481,-0.106557,-0.000001,0.579168,0.732519,-2.824923,12.282637,-0.695488,-1.366707,0.485088,2.385277,0.277067,-1.911822,0.221079
-3.400696,-1.507414,0.365189,0.152501,-0.805850,0.031932,-2.083801,2.259980,0.352136,5.863348,1.937864,0.712245,2.905219,-2.939898,-0.237737,1.800056,0.741522,0.000000,0.400184,0.114121,-1.113671,5.178167,0.174773,-0.712760,-0.359859,0.673686,0.015084,0.934929,-1.175555
-3.186333,-1.271150,0.258232,0.027345,-0.671143,0.018837,-2.031983,2.072728,0.234772,5.411307,1.694115,0.623403,2.627454,-2.702383,-0.221953,1.450859,0.425630,0.000000,0.411291,-0.018190,-0.829359,4.343840,-0.058765,-0.568771,-0.261980,0.486812,-0.052488,0.497128,-0.947379
-2.757608,-0.798622,0.044318,-0.222967,-0.401729,-0.007353,-1.928347,1.698223,0.000043,4.507223,1.206619,0.445719,2.071924,-2.227353,-0.190387,0.752467,-0.206153,0.000000,0.433504,-0.282811,-0.260734,2.675185,-0.525840,-0.280794,-0.066223,0.113063,-0.187631,-0.378474,-0.491028
-2.110866,-0.480391,-0.054452,-0.447688,-0.533710,-0.021619,-1.428031,1.067762,0.000014,3.393813,0.652896,0.168806,1.648734,-1.673405,-0.023708,0.514258,-0.327486,0.000000,0.235785,-0.143356,-0.197819,1.659882,-0.420211,-0.270939,-0.137306,-0.124944,-0.113888,0.131721,-0.436471
-1.787496,-0.321275,-0.103837,-0.560049,-0.599701,-0.028752,-1.177873,0.752532,0.000000,2.837108,0.376035,0.030349,1.437138,-1.396431,0.059631,0.395154,-0.388153,0.000000,0.136926,-0.073628,-0.166362,1.152231,-0.367396,-0.266012,-0.172848,-0.243948,-0.077017,0.386819,-0.409193
-0.973617,-0.123668,0.122189,-0.353474,-0.433840,0.188760,-0.508106,0.039384,0.000000,1.491852,-0.331596,0.004381,0.990055,-0.509475,0.299971,0.070006,-0.300642,0.000000,-0.001852,-0.080726,-0.447754,0.382097,-0.282410,-0.101228,-0.419018,-0.215620,-0.064740,-0.077607,-0.207791
-0.767459,-0.070341,0.152168,-0.312662,-0.394050,0.238848,-0.396936,-0.025187,0.000000,1.188092,-0.422401,0.012506,0.944455,-0.364726,0.361979,-0.038456,-0.220245,0.000000,-0.000440,-0.089621,-0.424261,0.237596,-0.210712,-0.060132,-0.360059,-0.209775,-0.081093,0.005190,-0.266568
-0.355142,0.036314,0.212125,-0.231038,-0.314469,0.339025,-0.174596,-0.154328,0.000000,0.580573,-0.604012,0.028756,0.853255,-0.075227,0.485995,-0.255378,-0.059452,0.000000,0.002383,-0.107410,-0.377275,-0.051405,-0.067316,0.022059,-0.242139,-0.198084,-0.113798,0.170783,-0.384123
-0.157727,0.066102,0.396477,-0.152832,-0.424842,0.392380,0.082173,-0.293121,0.000000,0.241976,-0.656660,0.126388,0.677999,0.082723,0.381455,-0.323633,0.128251,0.000000,0.004375,-0.140795,-0.351060,-0.343659,-0.013701,0.147109,-0.350662,-0.187100,-0.112610,0.172608,-0.263582
-0.059019,0.080996,0.488653,-0.113729,-0.480028,0.419057,0.210557,-0.362518,0.000000,0.072677,-0.682983,0.175204,0.590370,0.161698,0.329186,-0.357760,0.222103,0.000000,0.005372,-0.157488,-0.337952,-0.489786,0.013107,0.209634,-0.404924,-0.181608,-0.112016,0.173520,-0.203311
-0.039754,-0.079114,0.388057,0.004304,-0.207542,0.351237,0.312947,-0.198394,0.000000,-0.229390,-0.576357,0.155860,0.470626,0.482005,0.391431,-0.317695,0.248378,0.000000,0.004925,-0.087033,-0.247227,-0.519902,0.040378,0.247571,-0.265941,-0.199089,-0.171171,0.162811,-0.199850
-0.009297,-0.032251,0.304695,0.043166,-0.139459,0.319235,0.257659,-0.148656,0.000000,-0.195452,-0.540783,0.128340,0.396073,0.398754,0.359919,-0.288099,0.166155,0.000000,0.004482,-0.075460,-0.217845,-0.493522,-0.014622,0.195535,-0.200961,-0.199575,-0.198053,0.140104,-0.104599
0.051616,0.061476,0.137971,0.120891,-0.003294,0.255232,0.147083,-0.049180,0.000000,-0.127577,-0.469637,0.073300,0.246969,0.232251,0.296896,-0.228907,0.001708,0.000000,0.003595,-0.052313,-0.159081,-0.440762,-0.124623,0.091463,-0.071001,-0.200546,-0.251817,0.094691,0.085902
0.006932,0.088620,0.036347,0.126215,0.006537,0.207951,0.152665,-0.110218,0.000000,-0.168101,-0.414274,0.008343,0.229202,0.305415,0.264717,-0.171975,-0.012475,0.000000,0.005991,0.012486,-0.123983,-0.260088,-0.152612,0.064731,0.088479,-0.081850,-0.155267,-0.056897,0.226400
-0.015410,0.102192,-0.014466,0.128877,0.011453,0.184311,0.155455,-0.140737,0.000000,-0.188363,-0.386592,-0.024136,0.220318,0.341998,0.248628,-0.143509,-0.019566,0.000000,0.007188,0.044886,-0.106434,-0.169752,-0.166606,0.051365,0.168218,-0.022502,-0.106993,-0.132691,0.296649
-0.200390,0.087193,-0.109191,0.044149,-0.110866,0.144721,0.053395,-0.118412,0.000000,-0.044600,-0.375087,-0.160352,0.096542,0.351818,0.233213,-0.096338,0.001876,0.000000,0.003650,0.161094,-0.082182,-0.004667,-0.153539,-0.117842,0.275565,0.034770,-0.069616,0.027055,0.125667
-0.271422,0.106411,-0.090883,0.006503,-0.060068,0.125435,-0.029871,-0.114055,0.000000,0.041327,-0.351079,-0.146363,0.084515,0.284944,0.179576,-0.025764,0.017846,0.000000,0.004075,0.141242,-0.038643,-0.000904,-0.132391,-0.129055,0.250747,0.023162,-0.063784,-0.000671,0.096209
-0.413486,0.144846,-0.054265,-0.068790,0.041528,0.086865,-0.196403,-0.105339,0.000000,0.213182,-0.303061,-0.118385,0.060461,0.151194,0.072303,0.115385,0.049785,0.000000,0.004923,0.101537,0.048435,0.006623,-0.090095,-0.151481,0.201110,-0.000055,-0.052121,-0.056123,0.037292
-0.400394,0.151136,-0.087656,-0.049798,-0.031391,0.048874,-0.229453,-0.111879,0.000000,0.177774,-0.290091,-0.152567,0.008533,0.053341,0.090320,0.118172,0.035229,0.000000,0.003636,0.111176,0.030706,0.097725,-0.084961,-0.102346,0.197229,0.067936,0.000111,-0.074697,0.186453
-0.393848,0.154281,-0.104352,-0.040303,-0.067851,0.029878,-0.245977,-0.115148,0.000000,0.160071,-0.283606,-0.169659,-0.017431,0.004415,0.099328,0.119566,0.027950,0.000000,0.002992,0.115995,0.021841,0.143276,-0.082394,-0.077779,0.195289,0.101932,0.026228,-0.083984,0.261034
-0.251316,0.261083,0.019811,0.017756,-0.116111,0.021615,-0.148684,-0.194926,0.000000,0.294417,-0.303304,-0.089364,-0.031402,-0.128004,0.071474,0.190980,-0.061587,0.000000,0.000544,0.013248,0.067133,0.150894,-0.036626,0.132879,0.115459,0.061695,0.021501,-0.041369,0.093362
-0.269341,0.282748,-0.005106,-0.021954,-0.124199,0.013474,-0.202205,-0.189076,0.000000,0.293572,-0.341271,-0.100821,-0.057416,-0.128062,0.135263,0.190562,-0.110322,0.000000,0.000760,-0.001725,0.102722,0.103644,-0.074041,0.084572,0.208228,0.060339,0.039574,-0.090277,0.174970
-0.305393,0.326078,-0.054939,-0.101375,-0.140374,-0.002807,-0.309249,-0.177377,0.000000,0.291882,-0.417205,-0.123735,-0.109445,-0.128179,0.262842,0.189725,-0.207791,0.000000,0.001192,-0.031669,0.173899,0.009145,-0.148870,-0.012041,0.393764,0.057629,0.075718,-0.188093,0.338185
-0.194478,0.412595,-0.075763,-0.135439,-0.157374,0.004348,-0.124019,-0.263990,0.000000,0.208042,-0.554930,-0.178156,-0.199149,-0.013806,0.327107,0.141214,-0.338650,0.000000,0.001796,-0.024370,0.090560,0.173270,-0.201871,0.037227,0.365012,0.171057,0.100975,-0.242604,0.458327
-0.139021,0.455854,-0.086174,-0.152471,-0.165873,0.007925,-0.031404,-0.307296,0.000000,0.166122,-0.623792,-0.205367,-0.244001,0.043380,0.359239,0.116959,-0.404080,0.000000,0.002097,-0.020720,0.048891,0.255332,-0.228372,0.061862,0.350636,0.227771,0.113604,-0.269859,0.518399
-0.181153,0.585058,0.079504,-0.042375,-0.200595,0.056348,0.075508,-0.586665,0.000000,-0.014673,-0.876589,-0.267422,-0.460385,-0.023500,0.488099,0.156831,-0.581274,0.000000,0.005835,-0.002530,0.106483,0.346702,-0.351461,0.068770,0.544954,0.164453,0.080256,-0.328639,0.568833
-0.251582,0.674866,0.095283,0.036067,-0.254528,0.066626,-0.009567,-0.642354,0.000000,0.019641,-0.925461,-0.292577,-0.551413,-0.016729,0.508885,0.187130,-0.675078,0.000589,0.004106,-0.004957,0.124624,0.423255,-0.429044,0.021902,0.624607,0.200064,0.104353,-0.308994,0.544709
-0.392439,0.854482,0.126841,0.192953,-0.362393,0.087181,-0.179716,-0.753732,0.000000,0.088270,-1.023206,-0.342888,-0.733468,-0.003186,0.550457,0.247729,-0.862686,0.001767,0.000650,-0.009810,0.160906,0.576360,-0.584210,-0.071833,0.783911,0.271285,0.152545,-0.269704,0.496460
-0.361636,0.936068,0.172556,0.096644,-0.490287,0.084541,0.127942,-0.945041,0.000000,-0.067906,-1.287893,-0.459583,-0.937224,0.161283,0.698714,0.271297,-0.797548,0.007473,0.000217,0.114466,-0.003646,0.671515,-0.741951,-0.264382,0.941019,0.228769,0.090951,-0.231529,0.597162
-0.346234,0.976861,0.195414,0.048489,-0.554234,0.083222,0.281771,-1.040696,0.000000,-0.145994,-1.420237,-0.517931,-1.039102,0.243518,0.772843,0.283080,-0.764979,0.010326,0.000000,0.176604,-0.085921,0.719093,-0.820822,-0.360656,1.019573,0.207511,0.060153,-0.212442,0.647513
-0.360972,1.271374,0.321293,0.146928,-0.609148,0.162226,0.242120,-1.248186,-0.000002,-0.079268,-1.790675,-0.730141,-1.587909,0.243473,0.902165,0.177559,-0.656957,0.019347,0.000000,0.385915,-0.307296,0.792124,-0.906258,-0.662150,0.605228,0.258764,0.089881,-0.077567,0.468440
-0.318878,1.343986,0.354334,-0.005475,-0.603562,0.212173,0.349194,-1.237418,-0.000009,-0.078332,-1.891152,-0.793792,-1.819679,0.253068,0.900705,0.118034,-0.573949,0.153645,0.000000,0.434769,-0.349503,0.715141,-0.971836,-0.724419,0.624813,0.258635,0.128079,-0.079078,0.524355
-0.234690,1.489209,0.420418,-0.310280,-0.592391,0.312067,0.563341,-1.215883,-0.000023,-0.076461,-2.092105,-0.921093,-2.283220,0.272259,0.897787,-0.001016,-0.407932,0.422243,0.000000,0.532477,-0.433916,0.561175,-1.102994,-0.848958,0.663983,0.258376,0.204475,-0.082101,0.636184
-0.200000,1.950341,0.775570,-0.464798,-0.431125,0.555612,0.603329,-1.476712,-0.000131,-0.167525,-2.301692,-1.089420,-3.189129,0.248492,0.787093,-0.392494,-0.143626,0.621084,0.000000,0.606170,-0.281515,0.160861,-1.049359,-1.038474,0.550934,0.090205,0.229145,0.207735,0.489427
-0.182655,2.180908,0.953146,-0.542057,-0.350491,0.677384,0.623323,-1.607126,-0.000184,-0.213057,-2.406485,-1.173584,-3.642084,0.236608,0.731746,-0.588233,-0.011473,0.720504,0.000000,0.643017,-0.205314,-0.039296,-1.022542,-1.133232,0.494410,0.006119,0.241481,0.352652,0.416049
-0.308307,2.975112,2.404255,-1.199870,-0.404466,0.973957,0.703313,-1.762745,-0.702608,-0.141324,-2.546368,-0.850447,-5.090106,0.219451,0.133100,-1.885135,1.094990,0.834914,0.000000,0.305663,0.821887,-2.485514,-0.521384,-1.589858,0.207338,-0.998153,-0.021506,1.273596,-0.683173
-0.316310,3.429957,3.079279,-1.439164,-0.311677,0.918882,0.753603,-1.777031,-0.928881,-0.171082,-2.828628,-0.608417,-5.758321,0.285040,-0.013624,-2.479300,1.589043,0.831909,0.000000,0.273284,0.927800,-3.932774,-0.223606,-1.810593,-0.198663,-1.466580,-0.094558,1.553678,-0.885477
-0.332315,4.339648,4.429328,-1.917753,-0.126100,0.808730,0.854184,-1.805601,-1.381428,-0.230598,-3.393148,-0.124358,-7.094750,0.416218,-0.307072,-3.667631,2.577149,0.825900,0.000000,0.208524,1.139628,-6.827295,0.371949,-2.252062,-1.010665,-2.403434,-0.240662,2.113843,-1.290085
-0.491683,5.952944,5.479294,-2.507611,0.111170,0.454438,1.200984,-2.287352,-1.753402,-0.423522,-4.523554,0.936236,-8.822877,0.131670,-0.458918,-5.429726,2.648158,0.940187,0.000000,-0.064498,1.318752,-10.264549,1.596528,-2.321017,-1.042884,-3.291116,-0.491130,0.798050,-1.907937
-0.571368,6.759592,6.004276,-2.802540,0.229805,0.277292,1.374384,-2.528227,-1.939389,-0.519984,-5.088757,1.466534,-9.686940,-0.010604,-0.534841,-6.310773,2.683663,0.997330,0.000000,-0.201009,1.408314,-11.983176,2.208817,-2.355494,-1.058993,-3.734957,-0.616364,0.140153,-2.216863
-0.403622,9.270765,5.384912,-3.008054,0.620375,-0.660559,2.882942,-3.349270,-2.654283,-0.393004,-8.029481,4.363733,-13.049523,-1.301358,1.000197,-8.567335,-0.988078,0.959049,-0.001273,-0.146559,5.025708,-10.251146,6.477502,-1.105338,0.246883,-2.493615,-1.009218,-2.867738,-1.604950
-0.416558,8.051137,5.153031,-2.409106,0.647256,-0.984869,3.194710,-3.072291,-2.465606,-0.052676,-6.630789,4.825441,-13.857854,-0.901944,0.393966,-7.136421,-1.411013,0.994580,-0.027571,-2.029595,6.888213,-8.219350,9.939513,-1.835321,-0.521356,-1.464075,-0.318744,-4.269346,-1.216888
-0.442429,5.611881,4.689268,-1.211210,0.701019,-1.633489,3.818248,-2.518331,-2.088251,0.627980,-3.833406,5.748856,-15.474517,-0.103117,-0.818495,-4.274592,-2.256884,1.065641,-0.080167,-5.795666,10.613221,-4.155757,16.863536,-3.295285,-2.057835,0.595006,1.062205,-7.072560,-0.440763
-0.576146,4.941635,2.873983,-2.232835,1.670953,-1.294659,2.685254,-0.459605,-1.045925,0.885849,-2.761211,4.721892,-13.353227,-0.414562,-0.847679,-2.790635,-0.707982,0.911449,-0.926234,-4.499452,11.096950,-1.926899,18.754575,-3.561676,-3.696874,2.130042,2.918828,-7.204402,2.986283
-0.643004,4.606512,1.966340,-2.743648,2.155920,-1.125244,2.118757,0.569758,-0.524761,1.014783,-2.225114,4.208410,-12.292582,-0.570284,-0.862271,-2.048657,0.066469,0.834353,-1.349267,-3.851345,11.338815,-0.812470,19.700095,-3.694872,-4.516393,2.897560,3.847140,-7.270323,4.699806
-0.870019,2.906190,0.509319,-2.667806,2.132864,-0.001508,0.960840,1.097474,-0.263088,0.573184,-1.059811,2.184161,-5.465662,0.491186,0.316025,-2.535170,1.261858,0.208050,-0.515468,-0.889197,5.143449,-0.655699,7.887565,0.176439,-4.422545,1.129729,1.339744,-2.364298,1.409170
-0.892044,2.548982,0.408865,-2.123324,1.972914,-0.067973,0.759122,0.909944,-0.314433,0.640750,-0.910552,1.815954,-4.234266,0.395969,0.349594,-1.894797,0.965447,0.305886,-0.464533,-0.895097,4.184984,-0.560253,6.597382,-0.106469,-3.610602,1.037809,1.251958,-2.004911,1.243696
-0.936095,1.834567,0.207955,-1.034359,1.653015,-0.200903,0.355686,0.534885,-0.417123,0.775881,-0.612034,1.079541,-1.771474,0.205534,0.416731,-0.614051,0.372625,0.501559,-0.362663,-0.906897,2.268054,-0.369362,4.017016,-0.672287,-1.986715,0.853971,1.076386,-1.286135,0.912749
-0.822285,1.175932,0.010969,-0.640566,1.193599,-0.074695,0.101522,0.615476,-0.229875,0.609865,-0.544550,0.794011,-1.610007,0.024292,0.368577,-0.205126,0.484346,0.396723,-0.217668,-0.652429,1.658731,-0.393587,2.918206,-0.567594,-1.307230,0.563905,0.645013,-1.038744,0.691336
-0.765381,0.846614,-0.087524,-0.443670,0.963891,-0.011591,-0.025560,0.655771,-0.136252,0.526857,-0.510809,0.651246,-1.529274,-0.066329,0.344499,-0.000663,0.540206,0.344305,-0.145171,-0.525194,1.354069,-0.405700,2.368802,-0.515247,-0.967487,0.418872,0.429327,-0.915048,0.580629
-0.449435,0.256203,-0.187815,-0.234080,0.443741,-0.049024,-0.116317,0.263082,-0.013757,0.024794,-0.347621,0.426421,-1.009326,0.028256,0.450482,0.190900,0.521949,0.169320,0.023080,-0.104674,0.730129,-0.319332,1.169225,-0.223204,-0.258570,0.057245,0.087440,-0.602268,0.267207
-0.418807,0.221248,-0.177193,-0.151995,0.414417,-0.063226,-0.073857,0.175427,-0.032637,0.003148,-0.359079,0.392660,-0.904334,0.009136,0.380524,0.213645,0.479850,0.191575,0.009466,-0.016535,0.626122,-0.292724,1.034548,-0.206946,-0.226960,0.028343,0.064095,-0.571374,0.243571
-0.357553,0.151339,-0.155949,0.012176,0.355768,-0.091629,0.011063,0.000117,-0.070398,-0.040144,-0.381993,0.325137,-0.694349,-0.029106,0.240607,0.259134,0.395651,0.236084,-0.017762,0.159743,0.418106,-0.239509,0.765195,-0.174429,-0.163739,-0.029463,0.017404,-0.509587,0.196299
-0.129741,0.221853,-0.195182,-0.022393,0.371590,-0.058046,0.092135,0.137543,-0.018807,-0.079190,-0.370446,0.251792,-0.465586,-0.082878,0.159165,0.244601,0.330583,0.201965,-0.004428,0.103319,0.220901,-0.239886,0.602083,-0.156194,-0.168878,-0.018856,0.043473,-0.454081,0.234179
-0.015836,0.257109,-0.214798,-0.039677,0.379500,-0.041254,0.132671,0.206257,0.006988,-0.098712,-0.364672,0.215120,-0.351205,-0.109765,0.118444,0.237334,0.298049,0.184905,0.002239,0.075106,0.122298,-0.240074,0.520527,-0.147076,-0.171448,-0.013552,0.056508,-0.426328,0.253119
0.000000,0.324714,-0.254647,-0.122668,0.480666,-0.070292,0.141172,0.227576,0.025632,-0.203419,-0.370828,0.084587,-0.016472,-0.092048,0.019348,0.263688,0.162578,0.161232,-0.124332,-0.027336,-0.014040,-0.093587,0.503021,-0.001826,-0.111546,0.116480,0.110926,-0.429798,0.273144
0.000000,0.268170,-0.205660,-0.056899,0.403557,-0.068669,0.123589,0.236132,0.037207,-0.110021,-0.245878,0.074027,0.043298,-0.105024,-0.009961,0.226758,0.139071,0.183100,-0.097940,-0.021427,-0.032313,-0.093046,0.414859,-0.071802,-0.109938,0.127979,0.101632,-0.393791,0.267731
0.000000,0.155084,-0.107687,0.074639,0.249338,-0.065423,0.088422,0.253243,0.060359,0.076776,0.004023,0.052907,0.162839,-0.130976,-0.068577,0.152897,0.092059,0.226836,-0.045155,-0.009609,-0.068858,-0.091964,0.238534,-0.211753,-0.106722,0.150976,0.083043,-0.321776,0.256906
0.000000,0.088275,-0.113667,0.113321,0.210439,-0.095999,0.079387,0.234748,0.041711,0.096035,0.005851,0.042320,0.168618,-0.187531,-0.172399,0.159290,0.026641,0.212323,-0.046472,0.019417,-0.048025,-0.134446,0.072061,-0.175833,-0.066209,0.158577,0.093475,-0.321612,0.262438
0.000000,0.054871,-0.116656,0.132662,0.190989,-0.111287,0.074869,0.225500,0.032387,0.105665,0.006765,0.037026,0.171508,-0.215809,-0.224310,0.162486,-0.006067,0.205066,-0.047130,0.033930,-0.037608,-0.155687,-0.011176,-0.157873,-0.045952,0.162377,0.098691,-0.321531,0.265204
0.000000,0.147831,-0.063425,0.079714,0.109128,-0.054491,0.025660,0.093046,0.104893,0.255808,-0.012170,-0.050392,0.204892,-0.218344,-0.338357,0.124245,-0.053474,0.155760,-0.110503,0.081914,-0.143945,-0.096832,-0.179565,-0.162004,0.217168,0.121359,0.081270,-0.221936,0.145411
0.000000,0.148225,-0.057760,0.102965,0.105265,-0.068229,0.060509,0.015353,0.110006,0.238277,0.023419,-0.056083,0.193627,-0.204766,-0.316831,0.120625,-0.096143,0.174760,-0.105210,0.116821,-0.112317,-0.090402,-0.196844,-0.215471,0.232861,0.115533,0.084977,-0.180863,0.134912
0.000000,0.149013,-0.046431,0.149466,0.097538,-0.095705,0.130208,-0.140033,0.120234,0.203215,0.094596,-0.067466,0.171096,-0.177611,-0.273780,0.113386,-0.181480,0.212760,-0.094624,0.186634,-0.049059,-0.077542,-0.231403,-0.322405,0.264248,0.103881,0.092390,-0.098718,0.113916
0.000000,0.141332,-0.045543,0.081428,0.176889,-0.089132,0.126475,-0.092879,0.109645,0.203506,0.116064,-0.044187,0.051494,-0.160155,-0.209106,0.100332,-0.229306,0.216837,-0.086836,0.145113,-0.057015,-0.121744,-0.224799,-0.308992,0.185008,0.040133,0.052765,-0.007632,0.068933
0.000000,0.137492,-0.045099,0.047409,0.216565,-0.085846,0.124608,-0.069302,0.104350,0.203651,0.126798,-0.032547,-0.008308,-0.151427,-0.176768,0.093806,-0.253218,0.218875,-0.082942,0.124353,-0.060993,-0.143846,-0.221497,-0.302285,0.145388,0.008259,0.032952,0.037910,0.046442
0.000000,0.118187,-0.103565,0.022000,0.310244,-0.151791,0.204096,-0.146790,0.118951,0.132029,0.187570,-0.010667,-0.074086,-0.054887,-0.007376,0.171551,-0.368392,0.210814,-0.069192,0.099765,0.080173,-0.140516,0.086610,-0.044478,-0.068731,0.029184,0.060521,0.092036,-0.036965
0.000000,0.097883,-0.088849,0.065771,0.323470,-0.176584,0.207917,-0.148907,0.119042,0.161816,0.225575,-0.009545,-0.112131,-0.043898,0.012211,0.212284,-0.420896,0.244789,-0.074371,0.101151,0.105196,-0.156395,0.172955,-0.102453,-0.034302,0.062539,0.083347,0.054675,-0.000099
0.000000,0.057274,-0.059416,0.153312,0.349923,-0.226171,0.215560,-0.153140,0.119224,0.221390,0.301586,-0.007302,-0.188220,-0.021919,0.051386,0.293752,-0.525904,0.312740,-0.084730,0.103924,0.155243,-0.188153,0.345644,-0.218403,0.034556,0.129249,0.128997,-0.020048,0.073635
0.000000,-0.107332,-0.134200,0.003164,0.445090,-0.291537,0.164018,-0.178578,0.075464,0.092393,0.431539,-0.014026,-0.254865,0.062977,0.421679,0.384039,-0.646860,0.323521,-0.073657,0.118059,0.225362,-0.154035,0.459787,-0.034375,-0.083647,0.124811,0.171221,0.084352,0.025714
0.000000,-0.189636,-0.171592,-0.071910,0.492674,-0.324220,0.138247,-0.191297,0.053584,0.027895,0.496516,-0.017388,-0.288187,0.105425,0.606826,0.429182,-0.707338,0.328912,-0.068121,0.125127,0.260421,-0.136976,0.516858,0.057639,-0.142748,0.122591,0.192333,0.136552,0.001754
0.086056,-0.319152,-0.120353,-0.571522,0.680643,-0.418246,0.010822,-0.345916,-0.171678,-0.219183,0.398770,-0.094216,-0.437422,0.226378,1.522578,0.648769,-0.721707,0.239207,-0.032550,0.160126,0.455582,-0.051791,0.640644,0.587093,-0.288672,-0.143531,0.038789,0.500700,-0.231223
0.455325,-0.288430,-0.155081,-0.531466,0.714599,-0.457405,0.166219,-0.398474,-0.151592,-0.540196,0.241258,-0.222891,-0.433517,0.134044,1.965899,0.747562,-0.808637,0.324097,0.050608,0.199184,0.437164,-0.006654,0.504441,0.788431,-0.214626,-0.197840,-0.054818,0.530666,-0.281222
1.193862,-0.226985,-0.224537,-0.451354,0.782511,-0.535723,0.477014,-0.503591,-0.111421,-1.182221,-0.073765,-0.480242,-0.425706,-0.050624,2.852539,0.945148,-0.982497,0.493876,0.216924,0.277298,0.400329,0.083620,0.232036,1.191108,-0.066533,-0.306460,-0.242033,0.590598,-0.381221
1.785531,-0.429950,-0.134687,-0.560219,0.725977,-0.525664,0.624129,-0.635292,-0.278244,-1.745995,-0.265741,-0.488859,-0.290937,0.003812,4.201041,0.655723,-0.778328,0.515322,0.561751,0.208276,0.268977,0.036663,-0.315211,1.096468,0.471901,-0.417686,-0.445545,0.673569,-0.449717
2.081366,-0.531433,-0.089763,-0.614651,0.697710,-0.520634,0.697687,-0.701143,-0.361655,-2.027882,-0.361729,-0.493167,-0.223553,0.031030,4.875293,0.511011,-0.676244,0.526045,0.734164,0.173765,0.203301,0.013185,-0.588834,1.049148,0.741119,-0.473299,-0.547301,0.715054,-0.483965
2.906649,-0.696403,-0.444639,-1.064458,0.788046,-0.345854,0.754162,-0.637099,-0.750968,-2.743438,-0.386932,-0.968054,0.693823,0.038593,6.961139,0.222763,-0.972852,0.330940,1.144159,-0.040825,-0.270638,-0.094818,-2.028973,1.098340,2.020073,-0.683553,-1.035595,1.004591,-0.824731
3.127857,-0.814802,-0.555508,-1.035917,0.782370,-0.280915,0.708537,-0.825535,-0.818287,-3.004315,-0.110418,-1.072758,1.104451,0.146078,6.696917,0.235812,-1.138367,0.275634,1.132933,-0.078007,-0.659224,-0.204937,-2.768401,0.933696,2.514409,-0.702526,-1.195476,0.979787,-1.051451
3.570274,-1.051599,-0.777245,-0.978835,0.771019,-0.151037,0.617287,-1.202407,-0.952924,-3.526068,0.442610,-1.282165,1.925708,0.361047,6.168471,0.261911,-1.469398,0.165022,1.110483,-0.152372,-1.436394,-0.425174,-4.247257,0.604409,3.503082,-0.740472,-1.515238,0.930178,-1.504890
3.932809,-1.379972,-1.302879,-1.031117,1.052945,0.417158,-0.036312,-0.582806,-0.885634,-3.883228,1.922704,-1.546510,3.762196,0.628715,4.230380,-0.140190,-1.756476,-0.208904,0.370161,-0.258289,-3.188819,-0.695773,-6.917251,0.117182,4.930092,-0.798979,-2.309585,0.808201,-2.409610
4.114076,-1.544158,-1.565697,-1.057258,1.193908,0.701256,-0.363112,-0.273005,-0.851989,-4.061809,2.662751,-1.678682,4.680440,0.762548,3.261335,-0.341240,-1.900014,-0.395867,0.000000,-0.311248,-4.065031,-0.831073,-8.252249,-0.126432,5.643598,-0.828232,-2.706759,0.747212,-2.861969
4.980492,-2.952536,-3.073761,-1.264289,0.715286,1.100133,-0.380420,1.041623,-0.756347,-5.089935,8.077229,-1.537408,13.136444,1.305862,-0.810223,-0.861433,-1.180247,-0.169412,0.000000,0.132053,-10.089283,-2.185640,-16.307850,-0.671999,6.374543,-1.267073,-4.212034,0.729871,-2.609799
5.798774,-4.653281,-3.958960,-1.218069,0.797626,1.190385,-0.690545,1.531156,-0.581007,-6.339543,10.835551,-1.664765,14.310321,1.550073,-1.733178,-0.579289,0.531758,-0.218145,-0.066527,0.113646,-9.951507,-2.584369,-15.749842,-0.516447,5.853671,-1.485053,-3.621325,0.845353,-1.248509
7.435339,-8.054770,-5.729358,-1.125630,0.962305,1.370890,-1.310796,2.510221,-0.230327,-8.838760,16.352195,-1.919477,16.658074,2.038494,-3.579087,-0.015001,3.955768,-0.315611,-0.199580,0.076832,-9.675956,-3.381827,-14.633826,-0.205345,4.811926,-1.921013,-2.439906,1.076319,1.474070
7.772122,-11.233995,-6.519442,-0.087000,1.645505,1.714824,-2.044349,2.023163,0.691649,-8.770064,16.643413,-4.497523,14.967062,2.392430,-0.919901,1.465068,3.447500,-0.814382,0.040866,-1.182645,-6.284264,-2.231018,-8.737279,0.401596,4.213015,-1.940282,-0.805726,1.808291,3.028833
7.940513,-12.823608,-6.914484,0.432314,1.987106,1.886792,-2.411126,1.779634,1.152637,-8.735715,16.789023,-5.786546,14.121556,2.569398,0.409693,2.205103,3.193367,-1.063768,0.161088,-1.812383,-4.588418,-1.655614,-5.789006,0.705067,3.913559,-1.949917,0.011365,2.174277,3.806214
6.439145,-12.773574,-7.189416,3.608808,1.032347,2.209512,-1.020616,-0.196660,3.744075,-5.318392,6.363877,-7.400283,12.059999,2.475444,-0.653021,3.405390,0.635598,-2.654612,0.002235,-1.086144,-4.144926,2.745566,-0.596936,4.345132,-0.203304,-0.814644,1.070316,2.335261,3.079568
6.077951,-11.700482,-7.626412,3.556987,0.856809,1.580003,-1.318542,0.840174,4.276049,-3.913816,2.398826,-7.638432,10.863666,2.387550,-0.159263,4.129640,0.053242,-2.909490,0.008512,-2.003325,-3.371908,4.755483,-0.113561,4.086778,-0.103760,-0.170666,1.334107,1.971639,2.420552
5.355564,-9.554297,-8.500403,3.453343,0.505733,0.320985,-1.914395,2.913843,5.339995,-1.104662,-5.531276,-8.114731,8.471001,2.211762,0.828251,5.578142,-1.111468,-3.419246,0.021065,-3.837686,-1.825871,8.775317,0.853191,3.570068,0.095329,1.117289,1.861690,1.244395,1.102522
4.022364,-6.629807,-5.939840,3.138741,-0.781057,-1.306297,-0.196193,2.941640,3.523618,-0.432881,-14.508144,-8.445760,6.029151,0.817588,0.612820,3.071937,-0.713191,-2.385725,0.017149,-4.997545,-1.618726,13.751630,1.457946,3.253872,-1.796035,1.998797,1.851918,0.210612,-0.161885
3.355764,-5.167562,-4.659559,2.981439,-1.424453,-2.119938,0.662909,2.955539,2.615429,-0.096990,-18.996577,-8.611275,4.808225,0.120501,0.505104,1.818835,-0.514053,-1.868965,0.015191,-5.577475,-1.515154,16.239786,1.760324,3.095774,-2.741717,2.439551,1.847032,-0.306279,-0.794088
1.833557,-3.062782,-2.277335,1.764555,-1.241903,-1.897247,1.620126,1.037845,0.361573,0.580453,-21.109071,-5.851622,2.962582,0.943588,-0.394401,-0.337822,-0.038536,-1.555415,0.000000,-4.660783,-1.150029,13.964521,0.110656,6.035864,-2.581353,2.067417,0.613074,-1.650504,-0.781474
1.984935,-2.962862,-1.918031,1.535225,-0.799727,-1.606244,1.219059,0.444260,0.277345,0.349607,-13.321102,-4.271600,2.273010,0.563129,0.058591,-0.483433,0.123947,-1.260348,0.000000,-3.613033,-0.777599,10.678561,-0.149924,4.824203,-1.776555,1.917351,0.582941,-1.241797,-0.793356
2.287691,-2.763022,-1.199423,1.076564,0.084625,-1.024238,0.416926,-0.742910,0.108889,-0.112085,2.254837,-1.111557,0.893866,-0.197787,0.964576,-0.774654,0.448914,-0.670214,0.000000,-1.517531,-0.032739,4.106643,-0.671084,2.400881,-0.166960,1.617219,0.522675,-0.424382,-0.817119
1.852732,-1.731263,-0.689063,0.311629,0.685120,-0.622455,-0.869004,-1.813386,-0.010614,-0.165490,12.781913,-0.149298,0.450069,-0.092037,0.440660,-1.341547,0.607823,-0.220826,0.000000,-0.857294,0.722920,1.956661,-0.521259,0.626509,0.724759,0.908776,0.534544,-0.744201,-0.535925
1.635253,-1.215384,-0.433883,-0.070839,0.985368,-0.421563,-1.511969,-2.348624,-0.070365,-0.192192,18.045452,0.331832,0.228170,-0.039162,0.178701,-1.624993,0.687277,0.003868,0.000000,-0.527176,1.100750,0.881671,-0.446346,-0.260677,1.170618,0.554554,0.540479,-0.904110,-0.395328
0.570187,0.948822,0.104225,-1.554440,0.512758,0.325980,-2.325782,-4.398572,-0.204881,-0.407991,18.548455,0.027591,-0.803329,1.674795,-1.125973,-1.252767,0.057431,-0.000686,0.000000,0.464403,0.972431,0.202718,-1.219475,-0.899266,0.630319,0.361218,0.401569,-1.012888,0.472813
0.398035,1.389357,0.124611,-1.681382,0.563849,0.336817,-1.830385,-4.264463,-0.435635,-0.477066,15.751153,-0.041889,-0.770068,1.374685,-0.693177,-0.982985,0.020485,0.137629,0.000000,0.376142,0.785531,0.217800,-1.120000,-0.533019,0.376880,0.234274,0.231092,-0.723664,0.450125
0.053732,2.270426,0.165383,-1.935266,0.666030,0.358492,-0.839592,-3.996246,-0.897142,-0.615216,10.156549,-0.180849,-0.703545,0.774466,0.172415,-0.443423,-0.053408,0.414259,0.000000,0.199619,0.411730,0.247965,-0.921049,0.199477,-0.130000,-0.019614,-0.109864,-0.145216,0.404750
-0.366554,2.777888,0.184192,-1.724669,0.802786,0.390057,-0.101623,-2.991236,-1.140929,-0.705869,5.708538,-0.267183,-0.357588,-0.018109,0.136335,-0.120850,0.147790,0.620549,0.000000,0.094656,0.491081,0.182052,-0.694882,0.309167,0.059460,-0.024345,-0.005865,0.021899,0.308466
-0.576697,3.031619,0.193596,-1.619371,0.871164,0.405840,0.267362,-2.488731,-1.262822,-0.751195,3.484533,-0.310349,-0.184609,-0.414397,0.118295,0.040437,0.248389,0.723694,0.000000,0.042175,0.530757,0.149095,-0.581798,0.364012,0.154189,-0.026711,0.046134,0.105457,0.260324
-0.860456,1.678687,0.019380,-1.144142,0.145092,0.413546,1.043589,-0.627875,-1.154133,-0.875541,-0.491388,-0.493605,-0.015814,-0.087238,1.220299,-0.053365,-0.008816,0.614193,0.000000,0.083572,0.383001,0.413811,-0.139147,0.427737,0.634829,0.241756,0.306148,0.051093,0.073486
-0.650269,1.115240,-0.019524,-1.153111,0.079973,0.604901,1.042476,-0.255883,-0.993918,-1.304213,-0.880022,-0.548882,-0.157042,0.357429,1.518601,-0.272098,-0.343493,0.607506,0.000000,0.277663,0.113372,0.627202,0.047213,0.542859,0.980253,0.328645,0.392254,0.034687,0.102303
-0.229896,-0.011655,-0.097330,-1.171049,-0.050264,0.987610,1.040249,0.488101,-0.673489,-2.161558,-1.657290,-0.659437,-0.439496,1.246765,2.115207,-0.709562,-1.012849,0.594133,0.000000,0.665844,-0.425887,1.053983,0.419931,0.773104,1.671100,0.502423,0.564466,0.001873,0.159935
-0.255360,0.955230,0.214785,-0.856531,0.411626,0.481190,0.651127,-0.058744,-0.845341,-1.039808,-0.236011,-0.328422,-0.077665,0.164249,-0.032661,-0.186226,-0.267020,0.562716,0.000000,0.130116,0.113814,0.333751,-0.000993,0.453770,0.564421,0.101383,0.225024,0.114895,0.126219
-0.268093,1.438673,0.370842,-0.699272,0.642571,0.227980,0.456567,-0.332167,-0.931267,-0.478933,0.474629,-0.162914,0.103251,-0.377008,-1.106595,0.075442,0.105894,0.547007,0.000000,-0.137748,0.383664,-0.026364,-0.211456,0.294104,0.011081,-0.099137,0.055303,0.171405,0.109360
0.096778,0.920162,0.554218,-0.966354,0.168404,0.038966,0.329596,-0.531642,-0.758259,-0.459148,1.209140,-0.206401,-0.061122,-0.224642,-0.564128,-0.231739,-0.184423,0.727025,0.000000,-0.066451,0.367280,-0.024726,-0.229739,0.286445,-0.144821,-0.133927,-0.015518,0.142108,0.139909
0.119039,0.509291,0.516199,-0.986126,-0.000586,0.188380,0.326632,-0.360242,-0.588756,-0.710750,0.932767,-0.265473,-0.148184,-0.002462,0.025972,-0.397792,-0.331800,0.721065,0.000000,0.133303,0.150995,0.126971,-0.154289,0.350203,-0.150985,-0.062477,-0.078351,0.138175,0.099647
0.163560,-0.312452,0.440161,-1.025669,-0.338566,0.487207,0.320703,-0.017442,-0.249749,-1.213955,0.380023,-0.383617,-0.322307,0.441897,1.206174,-0.729897,-0.626553,0.709144,0.000000,0.532812,-0.281574,0.430366,-0.003389,0.477718,-0.163313,0.080421,-0.204017,0.130307,0.019123
0.045941,0.281472,0.432504,-0.746963,0.043268,0.292091,0.313158,0.006059,-0.407788,-0.653743,-0.064862,-0.204931,-0.196041,0.255004,0.290380,-0.472639,-0.221707,0.544423,0.000000,0.369818,-0.078364,0.176941,-0.172678,0.173233,-0.060790,0.163884,0.002824,-0.058466,0.123856
-0.012869,0.578434,0.428676,-0.607609,0.234185,0.194533,0.309386,0.017810,-0.486808,-0.373637,-0.287304,-0.115589,-0.132909,0.161557,-0.167516,-0.344009,-0.019283,0.462062,0.000000,0.288321,0.023242,0.050229,-0.257322,0.020990,-0.009529,0.205615,0.106244,-0.152852,0.176223
-0.122925,0.626589,0.487012,-0.513257,0.388592,0.070675,0.223777,-0.205790,-0.618923,-0.100570,-1.236949,-0.102067,-0.195022,-0.397476,-0.264440,-0.212513,0.091335,0.376711,0.000000,0.102788,0.247310,-0.177720,-0.338066,-0.057117,0.132422,0.305146,0.166343,-0.195877,0.117304
-0.191731,0.670835,0.485734,-0.542583,0.585122,0.070141,0.152670,-0.133575,-0.690558,-0.033053,-1.600330,-0.099444,-0.242710,-0.400083,-0.258974,-0.201403,0.119816,0.351259,0.000000,0.077109,0.261389,-0.209053,-0.344912,-0.092260,0.200983,0.322376,0.146076,-0.216718,0.081003
-0.329343,0.759326,0.483178,-0.601235,0.978182,0.069072,0.010456,0.010854,-0.833827,0.101979,-2.327092,-0.094199,-0.338087,-0.405297,-0.248044,-0.179182,0.176779,0.300355,0.000000,0.025753,0.289547,-0.271719,-0.358605,-0.162548,0.338105,0.356838,0.105542,-0.258401,0.008402
-0.284842,0.781091,0.463257,-0.605438,1.112205,0.015549,0.163321,-0.281296,-0.971991,0.221228,-3.352840,-0.170059,-0.485430,-0.644570,-0.585150,-0.058609,0.235573,0.208878,0.000000,-0.004827,0.268997,-0.329862,-0.411061,-0.194733,0.400852,0.427014,0.101954,-0.140695,-0.089252
-0.262592,0.791974,0.453297,-0.607540,1.179217,-0.011213,0.239753,-0.427372,-1.041073,0.280853,-3.865714,-0.207989,-0.559101,-0.764206,-0.753703,0.001677,0.264970,0.163140,0.000000,-0.020117,0.258722,-0.358933,-0.437289,-0.210826,0.432225,0.462101,0.100160,-0.081843,-0.138079
-0.449028,0.265507,0.705298,-0.644823,1.375052,0.040572,0.063780,-0.407304,-1.210329,0.692240,-6.191468,-0.753633,-1.279979,-0.514508,-1.093893,0.109259,0.037885,0.003676,0.000000,0.116057,0.283467,-0.688305,-0.613919,-0.695137,0.612779,0.657743,0.251861,0.281714,-0.188235
-0.465496,0.326736,0.708672,-0.526973,1.235200,-0.029198,0.089398,-0.076925,-1.261281,0.826994,-7.045270,-0.966440,-1.524562,-0.545271,-1.301601,0.106312,0.120632,-0.108389,0.000000,0.154279,0.323356,-0.924006,-0.700984,-1.010699,0.607713,0.483860,0.160236,0.506601,-0.189398
-0.498433,0.449195,0.715422,-0.291271,0.955496,-0.168738,0.140634,0.583835,-1.363183,1.096501,-8.752874,-1.392056,-2.013727,-0.606797,-1.717017,0.100418,0.286126,-0.332520,0.000000,0.230724,0.403135,-1.395407,-0.875115,-1.641825,0.597580,0.136095,-0.023013,0.956376,-0.191723
-0.544349,1.403964,1.141909,0.379708,-0.557822,-0.258415,0.797280,1.136243,-0.912730,1.747529,-10.248021,-2.501699,-3.139650,-1.363900,-2.882046,0.261036,0.451670,-0.431678,0.000000,0.310529,0.012927,-3.077672,-1.120282,-2.461354,-0.362386,-0.361734,-0.151087,1.634535,-0.072256
-0.567307,1.881348,1.355152,0.715197,-1.314482,-0.303253,1.125602,1.412447,-0.687504,2.073043,-10.995594,-3.056520,-3.702612,-1.742452,-3.464561,0.341345,0.534443,-0.481257,0.000000,0.350432,-0.182177,-3.918804,-1.242866,-2.871118,-0.842369,-0.610648,-0.215124,1.973614,-0.012523
-0.148673,3.196621,1.824774,2.697724,-3.204822,-0.261460,2.214158,2.626655,-0.324099,2.269287,-12.107919,-3.960289,-4.251249,-2.938361,-1.306940,-0.455267,1.513122,-0.665846,0.000000,0.215911,-0.580808,-5.928724,-1.297401,-2.806145,-0.655843,-2.284549,-1.341398,3.614951,-0.672243
-0.391732,3.052991,2.040788,3.394667,-3.703975,-0.012121,2.164732,2.377209,-0.276684,2.438319,-10.568767,-3.889896,-4.606726,-2.690583,-0.981797,-0.475210,1.193799,-0.845518,0.000000,-0.004881,-0.674958,-6.625937,-0.757907,-1.880213,-0.796345,-2.559086,-1.602616,3.866732,-1.061887
-0.877850,2.765731,2.472816,4.788553,-4.702280,0.486558,2.065880,1.878317,-0.181854,2.776382,-7.490464,-3.749110,-5.317680,-2.195027,-0.331511,-0.515095,0.555153,-1.204864,0.000000,-0.446464,-0.863260,-8.020363,0.321080,-0.028347,-1.077349,-3.108161,-2.125053,4.370293,-1.841175
-2.040810,2.781051,2.482631,5.207400,-5.043291,0.710533,1.203927,0.948199,0.118279,3.352871,-4.662707,-4.055289,-5.243303,-1.522081,0.328027,-0.335529,-0.828935,-1.266065,0.000000,-0.934240,-1.763050,-6.046471,1.661996,0.622190,-0.845684,-1.978982,-2.157867,4.653415,-2.866419
-2.622290,2.788711,2.487539,5.416823,-5.213797,0.822521,0.772951,0.483140,0.268346,3.641115,-3.248828,-4.208379,-5.206115,-1.185608,0.657797,-0.245746,-1.520979,-1.296665,0.000000,-1.178128,-2.212945,-5.059525,2.332454,0.947459,-0.729852,-1.414392,-2.174274,4.794977,-3.379042
-5.347341,2.823148,3.033783,5.062859,-5.289578,0.635722,0.094416,-0.732522,0.083054,7.745950,0.141606,-6.531901,-3.587472,-2.549617,-0.908971,2.498683,-5.918398,-1.484051,0.000000,-4.015372,-4.132372,-2.447576,5.864074,2.353766,-2.757239,0.303971,-1.035513,4.695420,-4.221903
-5.788909,2.050732,3.172658,4.735286,-4.925201,0.253337,-0.610105,0.148187,0.231792,8.671768,1.364837,-6.927736,-3.133055,-2.555032,-1.686097,2.363472,-7.377450,-1.050684,0.000000,-4.899905,-3.831423,-0.520003,8.807902,1.319883,-4.026657,0.225920,-0.172349,3.559085,-3.538575
-6.672046,0.505899,3.450407,4.080139,-4.196447,-0.511433,-2.019149,1.909603,0.529268,10.523404,3.811298,-7.719405,-2.224220,-2.565862,-3.240351,2.093049,-10.295556,-0.183950,0.000000,-6.668969,-3.229526,3.335143,14.695559,-0.747885,-6.565492,0.069818,1.553979,1.286416,-2.171920
-5.458711,-0.856004,3.228955,2.835088,-2.077858,-0.556149,-2.426679,3.298671,1.501588,9.139298,4.664896,-5.927145,-0.644503,-2.520999,-2.343510,0.851992,-9.981740,-0.061317,0.000000,-5.055825,-0.558393,4.782953,15.869257,-6.225868,-4.913879,0.324543,3.446671,-2.276713,2.411907
-4.852044,-1.536956,3.118229,2.212563,-1.018564,-0.578507,-2.630445,3.993204,1.987748,8.447245,5.091695,-5.031016,0.145356,-2.498567,-1.895090,0.231464,-9.824831,0.000000,0.000000,-4.249252,0.777174,5.506858,16.456107,-8.964859,-4.088073,0.451906,4.393018,-4.058278,4.703821
-3.828176,-3.795453,1.136925,1.201952,-1.180358,0.503660,-3.290716,3.710840,1.559556,5.953038,7.894228,-0.476868,0.306096,-1.419600,-3.952518,0.663328,-3.967252,0.000000,0.000000,-0.014294,0.364434,1.944918,5.870740,-2.989857,-2.777469,1.299422,2.672732,-0.585714,2.499054
-3.165818,-3.527592,0.916336,1.032639,-0.809124,0.424420,-3.108035,3.515142,1.569285,5.232366,7.514684,-0.340929,0.316172,-1.267143,-3.891941,0.505368,-3.208524,0.000000,0.000000,-0.009530,0.346387,1.752550,4.873298,-3.019749,-2.412924,1.179755,2.326600,-0.565053,2.323398
-1.841104,-2.991872,0.475158,0.694014,-0.066655,0.265941,-2.742674,3.123744,1.588743,3.791023,6.755598,-0.069051,0.336323,-0.962230,-3.770788,0.189446,-1.691068,0.000000,0.000000,0.000000,0.310293,1.367814,2.878413,-3.079534,-1.683834,0.940420,1.634337,-0.523730,1.972086
-1.580752,-2.719072,0.168493,0.390603,-0.090221,0.161364,-2.210718,2.422159,1.350766,2.877043,5.382333,-0.145431,0.102163,-0.779366,-2.944362,0.047807,-1.284999,0.000000,0.000000,0.000000,-0.010753,1.000567,1.759682,-2.091951,-1.175559,0.608364,1.030581,-0.248933,1.073118
-1.450576,-2.582672,0.015161,0.238897,-0.102004,0.109076,-1.944740,2.071367,1.231778,2.420053,4.695700,-0.183620,-0.014918,-0.687935,-2.531150,-0.023013,-1.081964,0.000000,0.000000,0.000000,-0.171276,0.816944,1.200317,-1.598160,-0.921421,0.442335,0.728703,-0.111535,0.623634
-0.909530,-1.802178,0.052533,0.079470,-0.230275,0.189307,-1.162463,1.283068,0.812055,1.577768,2.962739,-0.434718,-0.061475,-0.601947,-1.512305,-0.116948,-0.919737,0.000000,0.000000,0.000000,-0.392685,0.703762,0.862995,-1.469861,-0.500608,0.226470,0.538201,-0.107226,0.709255
-0.791662,-1.517676,-0.029895,0.087965,-0.101430,0.159631,-1.049623,1.167534,0.759132,1.360121,2.596483,-0.444872,-0.014982,-0.561194,-1.335582,-0.142076,-0.826468,0.000000,0.000000,0.000000,-0.399869,0.671043,0.713487,-1.428365,-0.412834,0.179090,0.418985,-0.177565,0.611392
-0.555927,-0.948672,-0.194752,0.104955,0.156258,0.100280,-0.823944,0.936466,0.653286,0.924826,1.863971,-0.465181,0.078004,-0.479690,-0.982137,-0.192332,-0.639932,0.000000,0.000000,0.000000,-0.414238,0.605605,0.414469,-1.345373,-0.237287,0.084331,0.180555,-0.318242,0.415666
-0.314248,-0.782199,-0.243200,0.005704,-0.064068,0.119470,-0.486445,0.738433,0.515736,0.711052,1.263609,-0.323436,0.118905,-0.255868,-0.551123,-0.135276,-0.494430,0.000000,0.000000,0.000000,-0.432238,0.671485,0.453014,-1.127321,-0.077786,0.106723,0.199057,-0.380226,0.430530
-0.193409,-0.698962,-0.267424,-0.043922,-0.174231,0.129066,-0.317696,0.639416,0.446962,0.604166,0.963428,-0.252564,0.139356,-0.143958,-0.335616,-0.106748,-0.421679,0.000000,0.000000,0.000000,-0.441238,0.704425,0.472287,-1.018295,0.001964,0.117919,0.208308,-0.411218,0.437961
-0.155336,-0.298179,-0.329528,0.005166,0.127348,0.057646,-0.316475,0.423082,0.317597,0.133352,0.762523,-0.002167,0.267414,-0.076847,-0.289242,-0.079733,-0.195662,0.000000,0.000000,0.000000,-0.362237,0.429876,0.370134,-0.694640,0.069821,0.118838,0.155752,-0.653318,0.498921
-0.128697,-0.234349,-0.343690,0.051573,0.103484,0.031042,-0.216344,0.314586,0.281620,0.039843,0.604467,0.002558,0.325951,0.003803,-0.208411,-0.067488,-0.193535,0.000000,0.000000,0.000000,-0.314017,0.431682,0.294033,-0.578591,0.007546,0.140315,0.135171,-0.625966,0.475802
-0.075420,-0.106688,-0.372015,0.144387,0.055756,-0.022167,-0.016083,0.097593,0.209666,-0.147175,0.288355,0.012009,0.443026,0.165104,-0.046749,-0.042998,-0.189282,0.000000,0.000000,0.000000,-0.217576,0.435294,0.141832,-0.346493,-0.117002,0.183270,0.094010,-0.571262,0.429564
0.055567,-0.034537,-0.271977,0.110791,0.132930,-0.076489,-0.008148,0.136833,0.156788,-0.177487,-0.003648,-0.015690,0.323010,0.218173,0.093682,-0.121001,-0.115203,0.000000,0.000000,0.000000,-0.396749,0.346807,0.053235,-0.416730,0.083498,0.044136,0.041592,-0.366150,0.274232
0.121061,0.001538,-0.221958,0.093994,0.171517,-0.103649,-0.004181,0.156452,0.130349,-0.192643,-0.149649,-0.029540,0.263002,0.244707,0.163897,-0.160003,-0.078163,0.000000,0.000000,0.000000,-0.486335,0.302564,0.008937,-0.451849,0.183749,-0.025430,0.015383,-0.263593,0.196567
0.148262,0.106201,-0.166092,0.073886,0.137186,-0.109713,0.166754,0.101246,0.135654,-0.364612,0.187905,0.070817,0.446601,0.281205,-0.049642,-0.135927,-0.037544,0.000000,0.000000,0.000000,-0.337723,0.067728,-0.257152,-0.296162,0.081573,-0.044549,-0.079046,-0.332658,0.222406
0.103502,0.132161,-0.183414,0.153335,0.166933,-0.086105,0.069141,0.078486,0.134799,-0.392814,0.174205,0.111172,0.474945,0.291140,-0.018315,-0.096743,-0.027912,0.000000,0.000000,0.000000,-0.301219,0.113834,-0.225323,-0.168631,0.057041,0.014566,-0.042109,-0.301317,0.237048
0.013981,0.184082,-0.218058,0.312234,0.226427,-0.038889,-0.126085,0.032966,0.133091,-0.449216,0.146806,0.191882,0.531634,0.311011,0.044339,-0.018375,-0.008647,0.000000,0.000000,0.000000,-0.228211,0.206046,-0.161666,0.086432,0.007977,0.132795,0.031765,-0.238633,0.266333
0.104765,0.075930,-0.141071,0.235935,0.168068,-0.042132,-0.112737,0.122190,0.114632,-0.340276,0.103459,0.114501,0.454066,0.305294,0.031401,-0.074184,-0.041242,0.000000,0.000000,0.000000,-0.346405,0.266692,-0.116056,0.177385,-0.009565,0.061696,0.034925,0.000058,0.136395
0.150157,0.021855,-0.102578,0.197786,0.138888,-0.043754,-0.106063,0.166802,0.105402,-0.285805,0.081786,0.075810,0.415281,0.302435,0.024932,-0.102088,-0.057539,0.000000,0.000000,0.000000,-0.405502,0.297015,-0.093251,0.222861,-0.018336,0.026147,0.036505,0.119403,0.071426
0.224002,-0.064727,-0.161470,-0.046806,0.309749,0.047724,-0.050595,0.286321,0.080312,-0.196431,0.296595,0.084529,0.422026,0.018014,-0.013238,-0.030198,-0.132354,0.000000,0.000000,0.000000,-0.352777,0.269680,0.223957,0.353714,-0.017674,-0.000519,0.112947,0.132747,0.036274
0.290088,-0.012019,-0.187189,0.010428,0.209503,0.066898,0.022265,0.276972,0.051763,-0.218185,0.193282,0.151920,0.416671,-0.026076,-0.007383,-0.002619,-0.157921,0.000000,0.000000,0.000000,-0.352471,0.262659,0.266331,0.420994,-0.011246,0.025504,0.094502,0.086089,0.056418
0.422260,0.093398,-0.238629,0.124896,0.009010,0.105246,0.167983,0.258273,-0.005334,-0.261694,-0.013343,0.286703,0.405961,-0.114255,0.004327,0.052539,-0.209055,0.000000,0.000000,0.000000,-0.351861,0.248618,0.351080,0.555555,0.001609,0.077550,0.057610,-0.007227,0.096707
0.515464,0.029259,-0.185416,0.066872,0.107014,0.148583,0.140406,0.313851,-0.032950,-0.277005,-0.102164,0.225248,0.405750,-0.146674,-0.038966,0.175577,-0.171652,0.000000,0.000000,0.000000,-0.348681,0.502196,0.412601,0.755606,0.135852,0.106995,0.058200,0.139709,0.101692
0.562066,-0.002811,-0.158809,0.037860,0.156015,0.170251,0.126617,0.341640,-0.046758,-0.284661,-0.146574,0.194521,0.405645,-0.162883,-0.060613,0.237097,-0.152950,0.000000,0.000000,0.000000,-0.347091,0.628985,0.443362,0.855632,0.202974,0.121718,0.058495,0.213177,0.104184
0.985624,0.144399,-0.154491,0.164376,0.235428,0.172137,0.235891,0.485810,-0.105117,-0.430509,0.210239,0.220428,0.272526,-0.337812,-0.249431,0.271364,-0.139689,0.000000,0.000000,0.000000,-0.491013,0.897768,0.497242,0.871139,0.642531,0.063717,-0.023594,0.469587,-0.202431
1.105344,0.219954,-0.148463,0.175322,0.268041,0.212884,0.328879,0.436918,-0.189133,-0.653507,0.192490,0.368142,0.232519,-0.266979,-0.271098,0.392970,-0.143120,0.000000,0.000000,0.000000,-0.488200,0.995266,0.635078,1.089590,0.695279,0.058610,-0.045897,0.490609,-0.320984
1.344783,0.371064,-0.136406,0.197214,0.333266,0.294379,0.514854,0.339133,-0.357166,-1.099502,0.156991,0.663571,0.152504,-0.125313,-0.314432,0.636181,-0.149982,0.000000,0.000000,0.000000,-0.482572,1.190262,0.910749,1.526492,0.800775,0.048396,-0.090503,0.532653,-0.558089
1.786112,0.690316,-0.079316,0.169426,0.558534,0.386350,0.800541,0.080720,-0.503775,-1.969322,0.178099,1.123276,0.161349,0.344353,-0.395910,1.070369,-0.239966,0.000000,0.000000,0.000000,-0.676425,1.603151,1.246560,2.035147,1.335777,-0.057001,-0.492949,0.888543,-1.410890
2.006777,0.849942,-0.050772,0.155532,0.671167,0.432335,0.943385,-0.048487,-0.577079,-2.404232,0.188652,1.353128,0.165771,0.579185,-0.436649,1.287464,-0.284958,0.000000,0.000000,0.000000,-0.773351,1.809595,1.414465,2.289475,1.603278,-0.109699,-0.694171,1.066488,-1.837290
3.179855,1.336284,0.121541,-0.693339,0.137490,0.467555,1.796649,-0.752095,-0.906613,-4.722669,-0.338051,2.286086,-0.242971,1.591102,-0.203614,2.538865,-0.548279,0.000000,0.000000,0.000000,-0.702635,2.154619,1.299663,2.601569,1.489998,-0.044636,-1.038220,1.196558,-3.021783
3.489476,1.488751,0.149776,-1.021105,0.122247,0.100977,1.954538,-1.111325,-0.996419,-5.780065,-0.556189,2.728994,-0.473329,2.194378,-0.130588,3.149586,-0.368731,0.000000,0.000000,0.000000,-0.952042,2.059940,0.760798,2.555901,1.564343,-0.090304,-1.107529,1.218913,-2.923035
4.108717,1.793684,0.206245,-1.676638,0.091760,-0.632180,2.270316,-1.829784,-1.176031,-7.894857,-0.992464,3.614810,-0.934044,3.400928,0.015462,4.371028,-0.009634,0.000000,0.000000,0.000000,-1.450856,1.870583,-0.316930,2.464564,1.713033,-0.181639,-1.246146,1.263624,-2.725537
4.398871,2.567853,0.327921,-2.597996,-0.521394,-2.070860,1.731346,-2.683236,-1.008468,-9.402851,-1.846842,4.705603,-0.956389,5.815247,0.344742,5.825040,0.891187,0.000000,0.000000,0.000000,-1.864644,1.526903,-2.416537,2.356237,0.924204,-0.034925,-1.789051,-0.414665,-3.301681
4.543949,2.954938,0.388758,-3.058675,-0.827971,-2.790200,1.461861,-3.109961,-0.924686,-10.156848,-2.274030,5.251000,-0.967561,7.022406,0.509382,6.552047,1.341598,0.000000,0.000000,0.000000,-2.071538,1.355063,-3.466340,2.302074,0.529789,0.038432,-2.060503,-1.253809,-3.589752
2.428624,4.036703,1.778200,-2.418004,0.152543,-6.390547,0.466605,-4.326000,-0.101072,-7.266008,-2.628050,4.999402,-1.311864,11.711838,-0.629734,6.607790,5.059372,0.000000,-0.964601,0.000000,-2.065094,-1.203457,-7.021508,0.966579,-1.811954,0.066651,-2.734535,-1.486084,-5.199433
1.051658,4.282888,2.244516,-2.200347,0.708095,-6.601692,0.544389,-4.279639,-0.117988,-5.122655,-2.950307,4.649590,-1.400391,10.222989,0.238875,5.812608,5.405062,0.000000,-1.063739,0.000000,-1.517507,-1.829778,-7.764032,0.213336,-1.377323,0.133118,-2.921379,-1.836848,-4.251846
-1.702273,4.775258,3.177148,-1.765033,1.819199,-7.023982,0.699958,-4.186916,-0.151821,-0.835950,-3.594822,3.949968,-1.577447,7.245290,1.976094,4.222244,6.096443,0.000000,-1.262016,0.000000,-0.422335,-3.082420,-9.249081,-1.293150,-0.508062,0.266054,-3.295066,-2.538375,-2.356674
-4.305753,5.057652,6.450144,-2.104598,2.460241,-5.305420,-0.472798,-4.013075,2.498648,3.374100,-4.383577,2.919666,-3.133539,2.951583,3.372920,-0.258561,4.856349,0.000000,-0.754121,0.000000,-0.476900,-5.008612,-8.352488,-2.751715,0.074842,0.245739,-2.347657,-2.441827,-3.174013
-5.607492,5.198849,8.086642,-2.274381,2.780762,-4.446139,-1.059176,-3.926154,3.823882,5.479125,-4.777955,2.404515,-3.911585,0.804730,4.071332,-2.498964,4.236302,0.000000,-0.500174,0.000000,-0.504182,-5.971708,-7.904191,-3.480998,0.366294,0.235582,-1.873952,-2.393553,-3.582682
-9.303360,5.971414,10.570959,-4.941638,1.763862,-0.471480,-0.114806,-3.326576,0.382318,13.832186,-6.052748,11.153755,1.012521,-2.468757,3.908975,-6.878271,2.004626,0.000000,0.552603,0.257388,1.361293,-9.079383,-7.654526,-5.088090,-2.763550,0.055363,-0.444843,-0.791376,-2.356796
-9.000508,5.565165,7.059339,-4.880112,2.114030,5.019966,1.529985,-2.555377,-0.489079,12.778831,-6.364403,22.414791,3.138167,-1.548208,3.534850,-14.820996,-3.060212,0.000000,0.663875,10.618396,0.734927,-10.698631,-8.720457,0.099361,-1.927797,-1.148258,0.710348,0.624812,-1.045874
-8.394805,4.752667,0.036099,-4.757059,2.814367,16.002860,4.819566,-1.012978,-2.231873,10.672120,-6.987712,44.936861,7.389457,0.292888,2.786600,-30.706446,-13.189888,0.000000,0.886420,31.340410,-0.517804,-13.937127,-10.852317,10.474262,-0.256293,-3.555501,3.020730,3.457188,1.575971
-8.051957,3.773599,4.179358,-2.502092,3.500674,6.670151,4.934208,-0.984630,1.895933,8.358055,-6.415424,13.334732,3.142417,-0.401912,2.391523,-9.470146,-4.609392,0.000000,-0.184956,7.426055,0.180346,-10.229300,-2.953816,2.496638,-0.767331,-1.393622,2.247868,-2.491536,3.983290
-7.880534,3.284065,6.250988,-1.374608,3.843827,2.003796,4.991528,-0.970456,3.959835,7.201023,-6.129280,-2.466333,1.018897,-0.749312,2.193985,1.148003,-0.319144,0.000000,-0.720644,-4.531122,0.529422,-8.375386,0.995435,-1.492174,-1.022850,-0.312682,1.861437,-5.465898,5.186949
-5.025612,2.664990,3.591853,-2.084565,3.280026,2.763421,4.572669,0.734661,0.286936,3.992332,-4.572819,0.201872,3.231238,-2.897911,1.673304,-0.147781,0.967008,0.000027,-0.383793,-5.285149,3.103987,-3.721227,0.579196,-2.538961,1.378811,-0.130677,1.198057,-2.124557,7.820215
-4.198850,2.405659,3.246021,-1.775789,2.882077,2.755000,4.023298,0.653426,0.317936,3.562748,-3.843836,0.168937,2.782441,-2.661927,1.050859,-0.230905,1.209756,0.002749,-0.589723,-4.634270,2.936134,-2.913494,0.186065,-2.166757,1.134932,-0.050497,1.025522,-1.599899,6.748849
-2.545327,1.886997,2.554357,-1.158237,2.086179,2.738157,2.924556,0.490956,0.379936,2.703581,-2.385871,0.103068,1.884847,-2.189958,-0.194032,-0.397153,1.695253,0.008193,-1.001582,-3.332512,2.600428,-1.298027,-0.600197,-1.422349,0.647176,0.109863,0.680451,-0.550583,4.606118
-1.326879,1.159897,2.152016,-0.649334,1.469330,2.261281,1.599883,0.316595,0.205095,1.491046,-1.991507,-0.557989,0.560184,-0.698451,-0.328712,-0.129091,1.507972,-0.000484,-0.963401,-3.145634,2.187480,-0.904613,-0.074131,-0.901951,-0.487827,0.127426,0.752615,-0.408752,3.602019
-0.717655,0.796347,1.950846,-0.394883,1.160906,2.022843,0.937546,0.229414,0.117675,0.884778,-1.794325,-0.888517,-0.102147,0.047302,-0.396053,0.004941,1.414332,-0.004823,-0.944310,-3.052195,1.981006,-0.707906,0.188901,-0.641752,-1.055329,0.136208,0.788697,-0.337837,3.099970
1.204923,0.345563,-2.798263,-1.045983,0.514931,-4.810199,-0.426754,-0.796925,-0.652225,0.145397,-1.836861,5.168190,-14.022309,-0.706738,0.440656,1.511158,9.245671,-0.003397,-0.484761,2.900754,15.682946,0.629037,-4.006941,0.310493,-0.787423,-0.131458,1.185429,0.848869,2.891420
0.758172,-0.395596,-3.118720,-0.671198,0.372153,-4.954739,-0.762319,-0.707773,-0.274602,-0.026393,-1.190034,4.618088,-16.556290,0.139644,0.415646,2.081832,10.816191,0.010489,-0.470473,3.637154,16.667763,0.031407,1.455534,-0.646953,-0.447079,-0.275363,0.650277,0.245801,2.191913
-0.135330,-1.877916,-3.759634,0.078372,0.086597,-5.243819,-1.433448,-0.529469,0.480642,-0.369973,0.103621,3.517883,-21.624251,1.832408,0.365625,3.223180,13.957230,0.038263,-0.441898,5.109953,18.637396,-1.163853,12.380486,-2.561844,0.233609,-0.563173,-0.420029,-0.960335,0.792898
1.042017,-1.644222,-7.662956,-0.431373,-0.052160,-3.347930,-1.088367,-0.885725,0.269800,0.057902,0.275377,5.415972,-12.426995,0.793990,0.396770,-3.183543,11.101212,0.017840,-0.323424,7.053659,11.338677,-1.175315,4.801394,-1.277836,1.820893,-0.115108,-0.197238,-1.106234,0.386694
1.630690,-1.527375,-9.614616,-0.686245,-0.121539,-2.399986,-0.915827,-1.063853,0.164378,0.271840,0.361256,6.365016,-7.828367,0.274782,0.412342,-6.386905,9.673203,0.007628,-0.264187,8.025512,7.689317,-1.181046,1.011848,-0.635832,2.614535,0.108925,-0.085843,-1.179183,0.183593
2.064468,-1.967895,-3.489482,-0.416546,-0.224127,-1.320739,-0.510302,-0.976050,0.006955,0.547335,0.560507,-0.255942,-1.615409,0.191632,0.376189,-2.157605,2.565061,0.005300,-0.384114,1.431485,1.393772,-0.408614,-0.948798,-0.908529,2.322269,-0.187578,0.037566,-0.709281,0.361748
2.249013,-2.076482,-3.095660,-0.625063,-0.181690,-1.171122,-0.500552,-0.856554,-0.160908,0.511153,0.480259,-0.777560,-1.230212,-0.314380,0.436377,-1.845593,1.796415,0.011130,-0.365320,1.008923,1.073880,-0.355358,-1.105336,-0.783690,2.125516,-0.188074,0.008543,-0.609723,0.315434
2.618104,-2.293658,-2.308016,-1.042098,-0.096817,-0.871890,-0.481053,-0.617563,-0.496632,0.438788,0.319762,-1.820797,-0.459820,-1.326403,0.556752,-1.221569,0.259125,0.022790,-0.327731,0.163799,0.434096,-0.248846,-1.418412,-0.534014,1.732010,-0.189066,-0.049503,-0.410607,0.222808
3.291165,-2.422224,-2.410539,-0.900076,0.032429,-0.698667,-0.339282,-0.431322,-0.690101,-0.466120,0.206098,-2.336957,0.095750,-1.464927,0.396936,-1.270953,0.123435,0.176057,-0.234477,0.352061,0.226891,-0.110533,-1.240449,-0.347867,1.963407,-0.193389,-0.020689,-0.455002,0.091825
3.627695,-2.486507,-2.461801,-0.829065,0.097051,-0.612056,-0.268396,-0.338202,-0.786835,-0.918574,0.149266,-2.595036,0.373535,-1.534189,0.317029,-1.295646,0.055590,0.252691,-0.187849,0.446193,0.123289,-0.041377,-1.151467,-0.254794,2.079106,-0.195550,-0.006282,-0.477199,0.026333
4.698104,-2.630660,-2.439919,-1.039104,0.457544,-0.179423,-1.290665,0.148465,-1.213181,-2.624595,0.019379,-3.258654,1.233974,-2.491125,-0.020698,-1.335662,0.233594,0.491463,0.074599,0.293861,-0.277319,-0.253976,-1.205868,0.310645,1.512669,-0.146771,0.099703,0.047697,0.307052
4.940947,-2.751342,-2.519341,-0.594867,0.519621,0.003760,-1.260959,0.125646,-1.268816,-3.210772,0.265712,-3.623674,1.651771,-1.775197,-0.280354,-1.234798,0.195369,0.605810,0.007764,0.497509,-0.452415,-0.226243,-1.379557,0.918525,1.470007,-0.158629,-0.039406,-0.084233,0.226156
5.426633,-2.992706,-2.678185,0.293607,0.643774,0.370126,-1.201547,0.080008,-1.380086,-4.383126,0.758378,-4.353715,2.487366,-0.343340,-0.799667,-1.033070,0.118918,0.834504,-0.125905,0.904804,-0.802606,-0.170777,-1.726934,2.134287,1.384683,-0.182346,-0.317625,-0.348094,0.064364
5.533449,-3.069923,-3.022930,0.698356,0.528953,0.421818,-0.143693,-0.267684,-1.321391,-5.393757,1.401404,-5.685349,3.401599,-0.150896,-1.645304,-0.476725,-0.465746,0.751534,0.120246,1.619730,-1.559299,0.275443,-2.151690,3.424549,1.008027,-0.478656,-0.672291,1.022204,-1.095688
5.586857,-3.108531,-3.195303,0.900731,0.471543,0.447665,0.385234,-0.441529,-1.292043,-5.899072,1.722918,-6.351166,3.858715,-0.054674,-2.068123,-0.198553,-0.758078,0.710050,0.243322,1.977193,-1.937646,0.498554,-2.364067,4.069680,0.819699,-0.626812,-0.849625,1.707353,-1.675714
5.629883,-3.462764,-4.292306,0.392502,0.377394,0.726070,0.868050,-1.259945,-1.401053,-6.962721,2.855727,-7.525874,5.790601,-0.947086,-2.707570,2.185561,-1.942316,-0.046990,0.431200,1.615865,-3.005996,2.326988,-3.918710,4.317892,0.825854,-0.141539,-1.342206,2.618890,-2.672376
5.022318,-3.894677,-4.332561,0.120269,0.324173,0.477521,0.910054,-1.379240,-1.111041,-6.046056,3.035348,-7.920980,6.310454,-1.777762,-2.245073,3.328584,-2.231957,0.118133,0.441503,1.193509,-3.771848,3.744579,-3.868846,4.034365,0.730309,-0.160897,-1.503494,3.278286,-2.748723
3.807190,-4.758503,-4.413070,-0.424199,0.217732,-0.019577,0.994062,-1.617828,-0.531017,-4.212724,3.394589,-8.711192,7.350159,-3.439114,-1.320078,5.614629,-2.811239,0.448378,0.462109,0.348798,-5.303552,6.579762,-3.769120,3.467313,0.539219,-0.199613,-1.826072,4.597078,-2.901415
1.299441,-5.608705,-4.961213,-0.484199,0.702337,-0.347965,0.355596,-0.484366,0.357725,-0.121347,4.094610,-9.082881,9.616933,-5.559586,-1.105635,8.511773,-3.451372,1.550117,0.094878,-1.020160,-7.187104,13.921368,-2.580170,4.502245,-2.683122,1.469074,-1.390636,4.507822,-1.520601
0.045566,-6.033806,-5.235284,-0.514199,0.944640,-0.512160,0.036363,0.082365,0.802096,1.924342,4.444621,-9.268726,10.750320,-6.619822,-0.998414,9.960346,-3.771438,2.100986,-0.088738,-1.704638,-8.128880,17.592170,-1.985695,5.019712,-4.294292,2.303417,-1.172917,4.463194,-0.830194
-4.864579,-6.189777,-5.947548,-1.454854,1.900566,0.311344,-0.999072,0.131468,2.248418,9.750141,6.142727,-8.074259,12.869841,-4.043167,-0.169626,9.508435,-5.125995,1.632694,-0.181900,-5.111857,-6.942741,20.509230,-1.340865,3.993585,-4.612500,4.874753,1.272533,0.057974,-0.835079
-4.726078,-5.788207,-4.793388,-0.889396,1.621126,0.206030,-0.329189,0.100037,2.289290,9.884896,6.161627,-7.639046,11.850642,-3.044769,0.014063,7.455075,-3.942409,1.599390,-0.210069,-5.715914,-6.523768,16.493915,-1.057749,2.922439,-2.926657,3.989597,1.389584,-0.726730,-0.271464
-4.449075,-4.985068,-2.485068,0.241520,1.062246,-0.004597,1.010576,0.037175,2.371034,10.154407,6.199425,-6.768619,9.812242,-1.047971,0.381440,3.348355,-1.575236,1.532783,-0.266407,-6.924028,-5.685823,8.463285,-0.491518,0.780147,0.445029,2.219285,1.623684,-2.296137,0.855766
-3.850965,-4.179909,-1.018291,0.921667,0.656269,-0.300881,0.883936,0.033545,1.953244,7.994583,5.715314,-6.269480,8.159103,-0.168920,0.202979,1.183977,0.494134,1.383699,-0.178151,-5.986143,-5.181939,5.115297,-0.430278,0.306059,-0.042275,1.793306,1.485496,-0.883797,1.075265
-3.551910,-3.777330,-0.284902,1.261740,0.453280,-0.449022,0.820616,0.031731,1.744349,6.914670,5.473258,-6.019911,7.332534,0.270606,0.113749,0.101788,1.528820,1.309156,-0.134023,-5.517200,-4.929997,3.441303,-0.399658,0.069015,-0.285927,1.580317,1.416403,-0.177628,1.185014
0.540487,-1.619546,1.153238,0.112928,-0.459159,-1.278300,0.092771,-1.136688,0.241606,4.882722,6.974233,-4.145182,4.432368,-3.203568,-2.712504,-2.029556,3.807208,0.678438,-1.474260,-4.972265,-0.033284,1.780583,-0.612731,-1.126187,-1.093083,0.920253,0.742432,0.059444,0.338330
0.007096,-1.405373,0.766785,0.190240,-0.521127,-1.133420,0.216120,-0.821915,0.264347,4.145186,6.202418,-3.520274,3.556207,-2.168111,-2.443524,-1.762370,2.994427,0.568299,-1.351152,-4.094498,0.126275,1.695460,-0.389325,-1.089118,-0.749504,0.933506,0.796137,0.026251,0.399789
-1.059685,-0.977025,-0.006123,0.344862,-0.645061,-0.843660,0.462819,-0.192370,0.309827,2.670114,4.658786,-2.270458,1.803886,-0.097198,-1.905564,-1.227998,1.368865,0.348021,-1.104934,-2.338963,0.445392,1.525215,0.057487,-1.014978,-0.062345,0.960014,0.903547,-0.040135,0.522707
-0.870755,-0.424044,-0.082955,0.286751,-0.762134,-0.782905,0.521860,-0.090906,0.105431,1.948631,4.032034,-1.625006,1.242557,0.277662,-1.933091,-1.051470,1.056542,0.190113,-1.317157,-1.799830,0.700242,1.486174,0.081480,-1.123461,0.107546,0.763675,0.841992,-0.215403,0.291988
-0.776290,-0.147554,-0.121371,0.257696,-0.820670,-0.752527,0.551381,-0.040174,0.003233,1.587889,3.718657,-1.302280,0.961892,0.465091,-1.946855,-0.963206,0.900380,0.111158,-1.423269,-1.530263,0.827667,1.466653,0.093477,-1.177703,0.192491,0.665506,0.811215,-0.303037,0.176629
-1.132516,-0.157499,-0.235726,0.107006,-0.712042,-0.610007,0.410806,0.033839,0.000000,0.811107,2.937931,-0.616343,0.270565,-0.138633,-1.816612,-0.704305,0.564784,0.231839,-1.318176,-0.912677,0.917534,0.823174,0.002460,-0.719368,0.702608,0.460730,0.483329,-0.015890,0.182745
-1.128787,-0.102993,-0.173567,0.063839,-0.581474,-0.540459,0.406617,0.068170,0.000000,0.602877,2.724259,-0.491574,0.094886,-0.069241,-1.549265,-0.558822,0.540828,0.187918,-1.199102,-0.764931,0.893762,0.648148,0.018941,-0.713492,0.470168,0.441270,0.407348,-0.078238,0.051093
-1.121328,0.006019,-0.049248,-0.022496,-0.320337,-0.401364,0.398238,0.136832,0.000000,0.186417,2.296915,-0.242035,-0.256473,0.069543,-1.014572,-0.267856,0.492917,0.100077,-0.960953,-0.469440,0.846217,0.298097,0.051903,-0.701738,0.005288,0.402349,0.255387,-0.202932,-0.212211
-1.555010,0.048498,-0.073591,0.506822,-0.372096,-0.259750,0.009497,-0.050546,0.000000,0.364115,2.221305,-0.267155,-0.228949,-0.187574,-0.504092,-0.160527,0.297690,0.446608,-0.698255,-0.421785,0.697848,0.123608,-0.018088,-0.512231,0.069532,0.273831,0.033604,-0.145127,-0.231083
-1.771851,0.069737,-0.085762,0.771482,-0.397976,-0.188943,-0.184874,-0.144235,0.000000,0.452964,2.183501,-0.279715,-0.215186,-0.316132,-0.248852,-0.106863,0.200077,0.619874,-0.566905,-0.397958,0.623663,0.036364,-0.053083,-0.417477,0.101655,0.209572,-0.077287,-0.116224,-0.240519
-1.248887,-0.060847,-0.034430,0.263148,-0.045108,-0.187398,0.014450,-0.149424,0.000000,0.053294,0.969071,-0.147607,-0.192214,-0.240759,-0.252673,-0.052453,0.052278,0.362155,-0.142533,-0.338817,0.416111,0.028045,-0.110525,-0.257456,0.067995,0.188186,0.054157,0.088367,-0.192336
-1.174948,-0.027561,0.013023,0.225710,-0.125744,-0.173162,-0.003092,-0.063487,0.000000,0.041251,0.918264,-0.137318,-0.205630,-0.207956,-0.393052,-0.019313,-0.006335,0.342236,-0.234744,-0.311157,0.370130,0.029423,-0.069546,-0.288765,0.087382,0.121761,0.006881,0.029252,-0.250683
-1.027071,0.039010,0.107929,0.150836,-0.287015,-0.144691,-0.038177,0.108388,0.000000,0.017166,0.816650,-0.116740,-0.232462,-0.142350,-0.673808,0.046967,-0.123562,0.302399,-0.419168,-0.255836,0.278167,0.032179,0.012411,-0.351383,0.126157,-0.011088,-0.087669,-0.088977,-0.367376
-0.832056,0.208404,0.118527,0.143124,-0.264135,-0.067763,-0.062006,0.096169,0.000000,-0.021353,0.640302,-0.245060,-0.083721,-0.247386,-0.372605,0.050138,-0.087094,0.342371,-0.228934,-0.278927,0.158066,0.014381,0.015938,-0.195990,-0.069395,-0.041018,-0.055736,-0.035824,-0.107894
-0.734548,0.293101,0.123826,0.139267,-0.252695,-0.029299,-0.073921,0.090060,0.000000,-0.040612,0.552127,-0.309219,-0.009350,-0.299903,-0.222003,0.051724,-0.068859,0.362358,-0.133817,-0.290473,0.098016,0.005482,0.017701,-0.118293,-0.167170,-0.055982,-0.039770,-0.009248,0.021847
-0.677294,0.120109,0.125973,0.065105,-0.156030,-0.002703,0.112622,0.108352,0.000000,-0.151019,0.308297,-0.145347,0.014366,-0.118142,-0.529756,0.100304,-0.022436,0.225615,-0.346869,-0.260957,0.108070,0.009516,0.005484,-0.085825,-0.016057,-0.159716,-0.094718,0.133334,0.142249
-0.641989,0.093974,0.112638,0.159116,0.026927,-0.015438,0.174035,0.108333,0.000000,-0.153596,0.340133,-0.133587,0.061875,-0.149903,-0.157459,0.074469,-0.047643,0.333307,-0.090957,-0.229374,0.081354,0.009212,-0.024403,0.139141,-0.100420,-0.110269,-0.126066,0.266211,0.153824
-0.571378,0.041703,0.085970,0.347139,0.392840,-0.040910,0.296862,0.108293,0.000000,-0.158751,0.403805,-0.110067,0.156893,-0.213425,0.587134,0.022799,-0.098058,0.548691,0.420866,-0.166208,0.027922,0.008605,-0.084178,0.589073,-0.269145,-0.011373,-0.188761,0.531963,0.176973
-0.389990,-0.062546,0.113454,0.130270,0.521893,0.017799,0.361625,-0.070882,0.000000,-0.264814,-0.068245,-0.090939,0.209289,-0.371082,0.592000,0.017892,-0.097288,0.468957,0.523383,-0.065273,0.116761,-0.015986,0.003097,0.074350,-0.097013,-0.121569,-0.158116,0.319612,0.047676
-0.299295,-0.114670,0.127196,0.021836,0.586420,0.047154,0.394007,-0.160469,0.000000,-0.317845,-0.304270,-0.081375,0.235487,-0.449910,0.594433,0.015439,-0.096903,0.429090,0.574642,-0.014806,0.161181,-0.028281,0.046735,-0.183011,-0.010946,-0.176667,-0.142794,0.213436,-0.016973
0.436471,0.197622,0.222856,-0.342223,-0.034220,0.079381,0.479544,0.163003,0.000000,-0.243852,-0.191038,0.102117,0.042091,-0.274839,-0.729255,-0.126035,-0.237445,0.088708,-0.307156,-0.027065,0.212704,0.025470,0.162247,-0.136553,-0.189437,0.066977,0.204874,-0.285522,0.058766
0.269938,0.145205,0.216828,-0.265428,0.061690,0.081467,0.452524,0.122980,0.000000,-0.306330,-0.270772,0.071963,0.053841,-0.188110,-0.438527,-0.106390,-0.234028,0.149283,-0.150704,-0.036873,0.150460,0.024015,0.111610,-0.023706,-0.170617,0.031476,0.107718,-0.208275,0.049904
-0.063128,0.040373,0.204772,-0.111840,0.253512,0.085640,0.398482,0.042935,0.000000,-0.431285,-0.430241,0.011655,0.077342,-0.014652,0.142928,-0.067098,-0.227194,0.270432,0.162201,-0.056487,0.025973,0.021104,0.010335,0.201989,-0.132975,-0.039525,-0.086595,-0.053781,0.032179
-2.262454,-0.780853,0.318851,0.730862,0.387133,0.127224,-0.214122,1.133122,0.000000,-0.792036,-0.835066,0.363704,0.091018,2.970258,1.684788,0.151987,-0.639132,-0.551423,0.985687,0.014478,-0.118176,0.035144,0.310004,0.150533,-0.063407,0.030111,-0.033007,-0.218293,0.091046
-3.362117,-1.191466,0.375891,1.152213,0.453944,0.148016,-0.520424,1.678215,0.000000,-0.972412,-1.037478,0.539728,0.097856,4.462713,2.455718,0.261530,-0.845101,-0.962350,1.397430,0.049961,-0.190251,0.042164,0.459838,0.124805,-0.028623,0.064929,-0.006212,-0.300550,0.120479
1.286323,0.490555,0.008512,-0.674413,0.798436,0.147572,0.544152,-0.809925,0.000000,-0.461318,-1.171203,-0.112020,-0.130382,-1.294915,0.480822,-0.122716,0.027089,0.590210,0.386773,0.012935,-0.032748,-0.012714,-0.224016,0.479416,-0.270449,-0.050559,-0.190667,0.312088,0.125757
0.856186,0.264035,0.055230,-0.553232,0.675205,0.213721,0.443565,-0.513430,0.000000,-0.591090,-1.543338,-0.014948,-0.180122,-0.537146,0.602979,-0.148776,-0.059648,0.254371,0.487976,0.099925,-0.000732,-0.009133,-0.180541,0.464685,-0.141770,-0.085960,-0.200689,0.181785,-0.000083
-0.004088,-0.189003,0.148664,-0.310870,0.428743,0.346017,0.242389,0.079560,0.000000,-0.850632,-2.287610,0.179197,-0.279602,0.978393,0.847294,-0.200894,-0.233120,-0.417306,0.690384,0.273904,0.063300,-0.001971,-0.093591,0.435225,0.115589,-0.156761,-0.220732,-0.078821,-0.251764
0.787352,0.001243,0.106726,-0.561369,1.027360,0.394041,0.279202,-0.271556,0.000000,-0.996649,-2.819097,-0.238591,-0.358929,-0.080866,1.454201,-0.296552,-0.125881,-0.015740,1.283124,0.148336,-0.259047,-0.017880,-0.282136,1.001967,-0.167865,-0.187499,-0.358138,0.445035,-0.168657
1.183072,0.096366,0.085756,-0.686619,1.326669,0.418053,0.297609,-0.447114,0.000000,-1.069658,-3.084841,-0.447485,-0.398592,-0.610496,1.757654,-0.344381,-0.072262,0.185043,1.579494,0.085552,-0.420220,-0.025835,-0.376409,1.285338,-0.309591,-0.202868,-0.426841,0.706963,-0.127104
2.555383,0.482740,0.329083,-1.159613,0.803766,0.529007,0.174099,-0.268271,0.000000,-1.550410,-3.454106,-0.326042,-0.834723,-1.032997,0.140452,-0.432336,0.077380,-0.081150,0.794611,-0.068479,-0.064584,-0.116376,-0.365612,0.978686,-0.377249,-0.303268,-0.402037,0.170756,-0.434068
2.117060,0.389422,0.374258,-1.029759,0.784050,0.647158,-0.109617,-0.082024,0.000000,-1.776094,-3.712342,-0.481467,-1.008701,-0.670390,0.514827,-0.440964,-0.006680,-0.282450,0.940566,-0.068600,-0.091846,-0.137664,-0.275654,1.198860,-0.188777,-0.376946,-0.450382,0.078575,-0.644799
1.240414,0.202786,0.464608,-0.770052,0.744617,0.883460,-0.677047,0.290469,0.000000,-2.227464,-4.228814,-0.792317,-1.356658,0.054826,1.263577,-0.458218,-0.174800,-0.685050,1.232478,-0.068843,-0.146372,-0.180241,-0.095739,1.639208,0.188167,-0.524304,-0.547072,-0.105785,-1.066262
2.165711,0.730077,0.556735,-0.998127,0.375397,0.938583,-1.057667,0.171477,-0.000327,-2.820015,-4.266434,-1.008296,-1.562556,-0.608805,0.971195,-0.482954,-0.035102,-0.753399,1.050465,-0.192070,-0.189653,-0.479585,-0.411424,1.488131,-0.062102,-0.413496,-0.457759,0.039909,-0.549411
2.628359,0.993723,0.602799,-1.112164,0.190788,0.966145,-1.247976,0.111980,-0.000490,-3.116291,-4.285244,-1.116285,-1.665505,-0.940620,0.825004,-0.495322,0.034747,-0.787573,0.959458,-0.253683,-0.211293,-0.629257,-0.569267,1.412592,-0.187236,-0.358093,-0.413103,0.112756,-0.290985
2.273013,1.139817,0.543568,-0.289028,-0.267577,1.334618,-1.787225,0.304148,-0.067039,-4.075677,-4.077458,-2.170222,-2.327067,0.168711,1.067393,-0.432386,-0.230436,-1.049321,0.801927,-0.576324,-0.333246,-0.309219,-0.157451,1.774781,-0.101943,-0.310355,-0.153053,-0.486791,-0.335528
2.579105,1.254957,0.414721,0.119274,-0.376640,1.353546,-1.786235,0.434155,-0.278998,-4.326346,-3.778554,-2.088032,-2.186731,0.078751,0.868701,-0.444596,-0.201036,-0.990073,0.748664,-0.786134,-0.260433,-0.363759,-0.255077,1.569207,-0.260130,-0.247498,-0.120000,-0.438280,-0.305222
3.191290,1.485236,0.157025,0.935878,-0.594767,1.391403,-1.784256,0.694170,-0.702916,-4.827683,-3.180746,-1.923652,-1.906060,-0.101169,0.471318,-0.469015,-0.142236,-0.871578,0.642140,-1.205753,-0.114808,-0.472838,-0.450330,1.158059,-0.576505,-0.121784,-0.053894,-0.341257,-0.244608
3.174078,1.264668,0.233766,1.319450,-1.262257,1.770623,-1.435751,0.733706,-0.982291,-5.405695,-1.563872,-2.085633,-2.098300,0.501388,0.102044,-0.632818,-0.509201,-0.895042,0.399116,-1.538442,0.198722,-0.572067,-0.426193,1.256015,-0.469695,-0.089524,-0.025571,-0.102888,-0.260264
3.165472,1.154383,0.272137,1.511237,-1.596002,1.960232,-1.261498,0.753474,-1.121979,-5.694702,-0.755435,-2.166624,-2.194420,0.802667,-0.082592,-0.714719,-0.692684,-0.906774,0.277603,-1.704787,0.355487,-0.621682,-0.414124,1.304993,-0.416290,-0.073395,-0.011409,0.016297,-0.268092
3.392798,1.294287,-0.297339,2.014101,-1.445311,2.127874,-1.303336,2.867312,-1.102856,-7.336743,-0.060843,-2.100806,-2.487397,1.393973,-0.688291,-0.377162,-0.365390,-1.146057,0.405229,-1.962365,0.426019,-0.884185,-0.117454,0.451054,-0.464797,-0.052774,0.196159,-0.250441,0.329273
3.054757,1.377891,-0.688858,2.138391,-1.518789,2.278727,-1.499732,3.977132,-0.850238,-7.238247,-0.062643,-2.545965,-2.888345,1.399318,-0.350175,-0.141704,-0.593111,-1.050754,0.590751,-1.940575,0.443429,-0.987897,0.359473,-0.427358,-0.000278,-0.253534,0.056852,0.069735,0.520224
2.378675,1.545099,-1.471897,2.386972,-1.665745,2.580434,-1.892525,6.196774,-0.345002,-7.041256,-0.066243,-3.436282,-3.690241,1.410009,0.326056,0.329211,-1.048552,-0.860147,0.961796,-1.896994,0.478249,-1.195321,1.313328,-2.184182,0.928760,-0.655055,-0.221764,0.710088,0.902126
2.530455,2.721874,-1.144626,2.255789,-2.570587,2.340139,-2.194476,6.807705,-0.546911,-7.861812,-0.755833,-2.741382,-2.774003,1.545842,0.345408,-0.285735,-0.664552,-0.973904,0.823095,-0.639145,-0.271976,-2.610152,1.738911,-3.922236,1.345938,-1.564592,-0.520070,1.968634,-0.202701
2.606345,3.310261,-0.980990,2.190197,-3.023008,2.219991,-2.345452,7.113170,-0.647865,-8.272090,-1.100628,-2.393932,-2.315883,1.613758,0.355084,-0.593208,-0.472552,-1.030782,0.753745,-0.010221,-0.647089,-3.317567,1.951702,-4.791263,1.554528,-2.019360,-0.669223,2.597907,-0.755114
2.380135,4.895809,-0.699355,0.693690,-2.067997,0.818927,-2.699099,5.794920,-0.755340,-7.790576,-2.223512,-2.122471,-4.266110,4.121663,0.869101,-1.841358,-1.341598,-1.332761,0.995240,0.032508,-1.234411,-5.191576,1.757984,-3.612813,1.160164,-2.668428,-2.031796,4.653059,-5.081690
1.872617,5.041149,-0.448036,0.417994,-1.941332,0.235514,-2.386444,4.558062,-0.904896,-6.565784,-2.543924,-1.078179,-4.880453,5.499129,1.051966,-2.134570,-1.532575,-1.561975,0.849618,1.098577,-1.639281,-5.747523,2.135339,-2.794698,0.357354,-2.526574,-1.832487,4.590853,-5.181119
0.857581,5.331827,0.054601,-0.133398,-1.688001,-0.931311,-1.761136,2.084346,-1.204009,-4.116198,-3.184749,1.010406,-6.109139,8.254060,1.417695,-2.720994,-1.914529,-2.020404,0.558373,3.230714,-2.449021,-6.859417,2.890050,-1.158469,-1.248267,-2.242865,-1.433867,4.466441,-5.379976
-1.430102,5.157043,1.845390,-0.823719,-2.886248,-1.332901,-0.631497,-1.014079,-1.007747,1.648188,-3.871992,4.081223,-9.203572,6.319456,0.853660,-5.575631,-4.429094,-2.364891,-0.386989,6.083754,-2.131831,-8.240955,4.976044,0.876544,-1.293461,-1.824537,-1.510938,3.088290,-5.708499
-2.573943,5.069650,2.740784,-1.168880,-3.485371,-1.533696,-0.066678,-2.563291,-0.909616,4.530382,-4.215614,5.616632,-10.750789,5.352154,0.571643,-7.002949,-5.686376,-2.537135,-0.859670,7.510275,-1.973237,-8.931724,6.019041,1.894051,-1.316058,-1.615373,-1.549474,2.399215,-5.872760
-6.351644,3.525905,7.030271,-1.885619,-3.060915,-2.618555,5.139418,-3.045383,-0.561848,14.829676,-4.402567,7.693470,-12.114011,-4.049969,1.634666,-12.166603,-8.844287,-0.073024,-0.422437,5.583066,3.395807,-10.838293,10.815927,3.401308,-1.356851,-1.793451,-0.247833,0.560378,-5.010164
-6.324435,3.355452,6.588111,-0.400750,-2.770878,-3.222104,5.517238,-3.142555,0.335408,14.428589,-4.010464,7.485218,-9.497244,-4.541908,0.622469,-10.453089,-8.193028,-0.041626,-1.004833,2.028728,2.433119,-9.847936,10.830031,2.802210,-0.814107,-1.948918,0.670698,-0.859399,-2.628857
-6.270018,3.014545,5.703791,2.568987,-2.190803,-4.429201,6.272879,-3.336900,2.129921,13.626416,-3.226258,7.068715,-4.263711,-5.525787,-1.401925,-7.026062,-6.890509,0.021170,-2.169624,-5.079948,0.507743,-7.867222,10.858239,1.604014,0.271381,-2.259851,2.507759,-3.698954,2.133758
-5.311939,2.721253,4.628221,3.109568,-1.645476,-3.920182,5.255540,-3.447554,2.942022,10.752044,-3.388413,7.608800,-1.805305,-4.848861,-0.441016,-3.252029,-6.384599,0.262579,-1.886487,-4.778345,-0.774409,-5.598101,9.517774,0.170937,-0.459359,-1.321963,2.683327,-3.270437,4.247899
-4.832899,2.574607,4.090437,3.379858,-1.372812,-3.665672,4.746871,-3.502881,3.348073,9.314858,-3.469490,7.878842,-0.576103,-4.510398,0.039438,-1.365013,-6.131644,0.383283,-1.744918,-4.627544,-1.415484,-4.463541,8.847542,-0.545601,-0.824729,-0.853019,2.771110,-3.056179,5.304970
-2.960454,2.533346,3.111145,4.597010,-0.525128,-1.909720,2.928675,-3.518022,0.872551,3.760421,-1.708098,6.550766,2.984591,-2.160094,-1.119624,-0.011163,-2.439795,1.092880,-0.878893,-2.719417,-1.332527,-2.397210,4.525530,-0.197220,-3.045495,0.400309,1.112009,-1.884359,2.655119
-2.570387,2.295156,2.670681,3.907299,-0.272492,-1.515810,2.464035,-2.918202,0.662947,3.251586,-1.482859,5.649772,3.252485,-1.263272,-1.005186,0.122865,-2.094276,0.677864,-0.844516,-2.215964,-1.479025,-2.095903,3.798088,-0.170125,-2.770724,0.409655,0.924783,-1.647382,2.221291
-1.790251,1.818775,1.789752,2.527876,0.232782,-0.727989,1.534755,-1.718561,0.243739,2.233915,-1.032381,3.847783,3.788273,0.530373,-0.776312,0.390921,-1.403239,-0.152169,-0.775763,-1.209058,-1.772022,-1.493287,2.343203,-0.115934,-2.221182,0.428347,0.550333,-1.173427,1.353636
0.483508,1.894688,-0.242696,1.341016,0.517861,1.349954,2.098756,-1.877109,-0.704431,1.611629,-0.547762,2.630243,7.211218,-0.763062,-1.145095,-0.482191,-2.978623,-0.212160,-0.665097,0.969702,-6.068572,-0.951319,2.036191,-0.378365,-1.489439,0.617464,-0.074294,-0.813537,0.813316
1.620387,1.932645,-1.258920,0.747586,0.660401,2.388925,2.380757,-1.956384,-1.178515,1.300485,-0.305453,2.021474,8.922690,-1.409780,-1.329487,-0.918747,-3.766315,-0.242155,-0.609764,2.059082,-8.216848,-0.680335,1.882685,-0.509580,-1.123567,0.712022,-0.386607,-0.633592,0.543156
0.238642,0.647658,-2.077474,0.613185,0.830848,0.124188,1.126004,-0.541770,-0.195667,0.955503,-0.480874,0.511258,7.657975,1.850045,-0.443470,1.441255,-0.847936,-0.856000,-0.549196,2.183697,-8.406303,-0.376664,1.112072,-0.932197,-0.798548,0.086953,0.192960,-0.612868,0.187245
0.271774,0.545497,-2.004790,0.587789,0.748823,-0.201453,1.124442,-0.470676,-0.152232,0.982864,-0.372334,0.480148,6.587786,1.563219,-0.431736,1.686609,-0.565290,-0.663800,-0.508825,1.873586,-7.511563,-0.312189,0.926265,-0.737356,-0.511947,0.080554,0.182839,-0.548330,0.245444
0.338039,0.341174,-1.859422,0.536998,0.584773,-0.852735,1.121317,-0.328487,-0.065363,1.037586,-0.155252,0.417928,4.447407,0.989567,-0.408266,2.177317,0.000000,-0.279399,-0.428083,1.253364,-5.722082,-0.183240,0.554649,-0.347674,0.061256,0.067755,0.162598,-0.419255,0.361841
0.712289,0.226252,-1.279935,0.619082,0.422441,-0.476171,1.373470,-0.510913,-0.394680,0.705988,-0.043398,0.564939,3.288403,0.929073,-0.281788,1.303604,0.000000,-0.093133,-0.238461,0.884700,-3.795241,-0.041346,0.255326,-0.098191,0.238113,0.006627,0.075215,-0.339970,0.143750
0.899414,0.168791,-0.990192,0.660124,0.341275,-0.287889,1.499546,-0.602126,-0.559339,0.540190,0.012529,0.638444,2.708900,0.898826,-0.218548,0.866748,0.000000,0.000000,-0.143649,0.700368,-2.831821,0.029600,0.105665,0.026550,0.326542,-0.023938,0.031524,-0.300327,0.034705
1.046625,-0.059839,-0.638896,0.463153,0.207106,-0.099331,1.182742,-0.477625,-0.461231,0.287955,-0.019021,0.534064,1.896457,0.482922,-0.087876,0.609267,0.000000,0.000000,-0.209853,0.593802,-1.997234,-0.009501,0.202260,0.078032,0.408180,-0.161816,-0.022563,0.013065,0.102894
0.903910,-0.143013,-0.646297,0.354949,0.229144,-0.103512,0.912898,-0.331661,-0.411963,0.291467,-0.003341,0.474416,1.779786,0.431371,-0.027443,0.577813,0.000000,0.000000,-0.177188,0.578994,-1.838186,-0.061158,0.261122,0.065482,0.276008,-0.124313,0.004390,-0.087337,0.182112
0.618482,-0.309362,-0.661100,0.138541,0.273221,-0.111874,0.373212,-0.039731,-0.313427,0.298491,0.028019,0.355121,1.546446,0.328270,0.093425,0.514906,0.000000,0.000000,-0.111858,0.549377,-1.520090,-0.164471,0.378846,0.040381,0.011663,-0.049308,0.058298,-0.288140,0.340547
0.984139,-0.438163,-0.710098,0.251224,0.103874,0.039697,0.566702,-0.305087,-0.318853,-0.225415,0.399464,0.154639,1.315718,0.748679,-0.316229,0.284495,0.000000,0.000000,-0.162644,0.565699,-1.431096,-0.021077,0.329725,0.180379,0.164892,0.014358,0.017547,-0.173794,0.210629
1.166968,-0.502563,-0.734597,0.307565,0.019201,0.115483,0.663448,-0.437765,-0.321566,-0.487368,0.585186,0.054399,1.200355,0.958883,-0.521056,0.169289,0.000000,0.000000,-0.188037,0.573860,-1.386598,0.050620,0.305164,0.250378,0.241507,0.046190,-0.002829,-0.116621,0.145670
0.751013,-0.930901,-0.679230,-0.357977,-0.157869,0.072470,-0.485217,0.472147,-0.069750,-0.412560,1.202688,-0.016962,1.058156,-0.098516,-0.355536,0.259074,0.000000,0.000000,-0.230751,0.758922,-1.010699,0.099715,0.414537,-0.085296,0.614372,0.000661,-0.057854,0.365631,0.254982
0.749074,-1.056293,-0.720717,-0.402921,-0.247329,0.128359,-0.456929,0.495785,-0.042107,-0.624516,1.479630,-0.095357,0.958469,0.062598,-0.530934,0.222313,0.000000,0.000000,-0.203699,0.758920,-0.980203,0.089048,0.380737,-0.012085,0.583689,-0.003614,-0.096916,0.369254,0.159827
0.745195,-1.307078,-0.803692,-0.492811,-0.426248,0.240138,-0.400354,0.543061,0.013179,-1.048429,2.033515,-0.252146,0.759096,0.384826,-0.881730,0.148791,0.000000,0.000000,-0.149594,0.758917,-0.919211,0.067714,0.313135,0.134337,0.522322,-0.012165,-0.175042,0.376500,-0.030482
0.595303,-1.748505,-0.818543,-0.678147,-0.760183,0.292288,-1.306789,0.786628,0.097035,-1.699154,3.018867,-0.175670,0.613926,0.445344,-1.267570,0.046587,0.000000,0.000000,-0.059609,0.949203,-0.692582,0.079876,0.315899,-0.036346,0.379544,0.025277,-0.225794,0.152223,0.134536
0.520357,-1.969219,-0.825968,-0.770815,-0.927150,0.318363,-1.760007,0.908411,0.138963,-2.024517,3.511543,-0.137433,0.541340,0.475603,-1.460491,-0.004515,0.000000,0.000000,-0.014617,1.044347,-0.579268,0.085958,0.317280,-0.121688,0.308155,0.043998,-0.251170,0.040085,0.217045
-0.070810,-2.870895,-0.916054,-0.675743,-1.495087,0.056983,-3.151612,1.353527,0.474597,-3.165321,5.125655,0.163068,0.214806,0.761081,-1.822782,0.240948,0.000000,0.000000,0.256664,1.290046,-0.465431,-0.369264,0.455282,-0.575316,0.675297,-0.013958,-0.343402,-0.013859,0.630419
-0.524728,-3.377194,-0.476996,-0.192313,-1.384776,-0.336456,-3.955456,1.649780,0.808350,-4.257928,5.520056,0.270481,0.152893,1.798659,-1.791884,0.771557,0.000000,0.000000,0.157712,1.190878,-0.324606,-0.466801,0.768322,-0.778646,0.371459,-0.156479,-0.275206,-0.081104,0.612530
-1.432562,-4.389790,0.401120,0.774549,-1.164156,-1.123332,-5.563145,2.242286,1.475857,-6.443142,6.308858,0.485308,0.029067,3.873814,-1.730089,1.832775,0.000000,0.000000,-0.040193,0.992541,-0.042955,-0.661874,1.394402,-1.185306,-0.236218,-0.441521,-0.138815,-0.215595,0.576752
0.484586,-4.975101,-0.442734,0.023864,-1.699945,-0.622783,-5.701954,2.562286,1.086981,-8.419660,7.250748,0.940573,-0.279599,2.434486,-1.821343,1.869493,0.000000,0.000000,0.600958,1.874353,0.080050,-0.645343,0.925900,-1.246573,0.420158,-0.259504,-0.535083,-0.160992,0.861795
1.443161,-5.267757,-0.864661,-0.351478,-1.967840,-0.372509,-5.771359,2.722286,0.892543,-9.407920,7.721694,1.168206,-0.433932,1.714821,-1.866969,1.887851,0.000000,0.000000,0.921533,2.315260,0.141553,-0.637078,0.691649,-1.277207,0.748346,-0.168495,-0.733217,-0.133691,1.004316
3.399623,-5.398797,-1.192571,0.369104,-0.506816,-0.162078,-5.705227,3.613646,0.495997,-12.534041,6.854217,3.164601,-0.481326,2.521824,-1.774364,2.872087,0.000000,0.000000,1.264464,3.539701,0.650568,-0.579791,-0.405614,-2.590688,1.843772,0.145740,-0.680076,-0.178238,0.912373
3.795656,-5.210369,-1.386243,0.687191,0.049279,-0.190493,-5.180794,3.477924,0.353045,-13.267685,6.391454,4.319883,-0.571025,2.294371,-1.865487,3.005860,0.000000,0.000000,1.247016,4.442220,0.928365,-0.409007,-0.687219,-3.115594,2.195925,0.024213,-0.765262,-0.410728,0.819663
4.587723,-4.833514,-1.773589,1.323366,1.161470,-0.247324,-4.131928,3.206481,0.067143,-14.734973,5.465927,6.630448,-0.750424,1.839465,-2.047734,3.273405,0.000000,0.000000,1.212120,6.247258,1.483959,-0.067441,-1.250428,-4.165405,2.900232,-0.218840,-0.935634,-0.875708,0.634241
3.233392,-4.915931,-2.111603,1.885393,1.478453,-0.099813,-3.320755,2.581604,0.052834,-10.326927,5.352697,8.263185,-1.811350,1.464048,-2.042860,2.431971,0.000005,0.000000,0.734753,8.521366,2.267205,1.510353,-1.145636,-2.853394,4.126061,-0.683118,-1.228343,0.809068,0.234761
2.556227,-4.957139,-2.280611,2.166406,1.636945,-0.026058,-2.915168,2.269166,0.045680,-8.122905,5.296082,9.079554,-2.341813,1.276339,-2.040423,2.011254,0.000007,0.000000,0.496069,9.658420,2.658827,2.299249,-1.093240,-2.197388,4.738976,-0.915257,-1.374698,1.651456,0.035020
-0.464391,-5.927035,-1.472463,2.879194,2.175663,-0.845778,-2.863954,1.773241,-0.444109,-3.567252,5.557551,8.383395,-2.907463,-1.097567,-0.816770,1.982957,2.698138,0.000000,0.335193,9.868818,3.968167,6.758709,-0.949180,1.073716,6.406682,-0.078474,-1.996081,4.220783,-2.197044
-1.569143,-5.634984,-1.868942,2.499754,2.054270,-1.007217,-3.037574,1.809266,-0.426258,-2.619510,5.198913,7.734189,-2.810894,-0.572744,-0.544513,1.950868,2.581494,0.000000,0.494052,9.522937,3.983597,7.906700,-0.345968,1.049815,5.857726,0.430920,-1.694722,4.580466,-2.262973
-3.778648,-5.050882,-2.661899,1.740873,1.811484,-1.330093,-3.384812,1.881317,-0.390556,-0.724025,4.481635,6.435778,-2.617754,0.476901,0.000000,1.886691,2.348206,0.000000,0.811770,8.831175,4.014455,10.202683,0.860456,1.002012,4.759812,1.449709,-1.092006,5.299830,-2.394832
-4.075775,-3.343371,-2.561146,1.568268,1.738600,-1.998562,-2.818746,0.879774,0.452509,-1.129730,3.209538,5.603388,-2.282056,1.415721,0.001575,4.381229,3.399360,0.000000,0.474358,7.891922,3.922275,12.489083,1.466218,-1.058512,3.940161,1.103337,-0.643474,1.857508,-1.349849
-4.224338,-2.489616,-2.510769,1.481965,1.702158,-2.332796,-2.535713,0.379002,0.874042,-1.332583,2.573490,5.187192,-2.114207,1.885131,0.002362,5.628498,3.924937,0.000000,0.305653,7.422295,3.876185,13.632283,1.769099,-2.088774,3.530336,0.930151,-0.419208,0.136347,-0.827357
-4.457281,-1.542753,-0.934941,1.578237,0.641323,-1.789525,-1.786637,-0.237567,0.346198,-1.581626,1.691294,5.243462,0.390161,1.860876,0.001350,4.844506,3.083671,0.000000,-0.533427,5.012290,2.733137,9.075034,2.396557,-1.640417,0.747836,0.670457,0.129240,-0.956517,-1.137951
-4.399256,-1.073400,-0.628019,1.393874,0.522969,-1.286296,-1.894386,-0.224349,0.230799,-1.019354,1.376910,4.282616,0.823507,1.351891,0.000144,3.668629,2.466257,0.000000,-0.358158,3.880880,2.380664,7.087830,2.308378,-1.185980,0.226842,0.542917,0.106248,-0.328024,-1.138951
-4.283205,-0.134693,-0.014175,1.025149,0.286261,-0.279838,-2.109883,-0.197914,0.000000,0.105190,0.748143,2.360924,1.690201,0.333921,-0.002269,1.316875,1.231427,0.000000,-0.007620,1.618060,1.675719,3.113422,2.132020,-0.277106,-0.815145,0.287835,0.060265,0.928962,-1.140950
-3.970717,-0.044900,0.227319,0.610874,0.192038,-0.222076,-2.163503,-0.208650,0.000000,0.501112,0.599117,1.797986,1.616281,-0.085829,-0.001249,1.319059,1.477876,0.000000,0.082009,1.256946,1.452577,2.195075,1.785612,-0.317543,-0.758629,0.073813,0.130046,0.504239,-0.809392
-3.814473,-0.000004,0.348066,0.403737,0.144927,-0.193194,-2.190313,-0.214018,0.000000,0.699074,0.524604,1.516517,1.579320,-0.295704,-0.000739,1.320151,1.601100,0.000000,0.126824,1.076388,1.341006,1.735901,1.612408,-0.337762,-0.730371,-0.033199,0.164937,0.291878,-0.643613
-3.102890,0.000000,0.500539,0.013799,-0.312303,-0.011072,-1.931124,-0.315028,0.000000,0.633995,0.257492,1.268495,1.337252,-0.246913,-0.000288,1.407856,1.599190,0.000000,-0.152204,0.891688,0.874098,1.343998,1.100314,-0.400007,-0.495068,-0.074939,0.095077,-0.130012,-0.392865
-2.878312,0.000000,0.521083,-0.082969,-0.313414,-0.007559,-1.805011,-0.248571,0.000000,0.684238,0.212858,1.129409,1.240698,-0.347497,-0.000240,1.388625,1.561898,0.000000,-0.118604,0.827591,0.726810,1.189220,0.947641,-0.441980,-0.379080,-0.093772,0.064778,-0.241775,-0.335250
-2.429155,0.000000,0.562170,-0.276505,-0.315637,-0.000533,-1.552784,-0.115657,0.000000,0.784724,0.123589,0.851237,1.047591,-0.548665,-0.000145,1.350163,1.487314,0.000000,-0.051405,0.699397,0.432234,0.879664,0.642296,-0.525926,-0.147105,-0.131436,0.004181,-0.465301,-0.220019
-2.175058,0.000000,0.597603,-0.406947,-0.391449,-0.000389,-1.288205,0.015900,0.000000,0.912794,-0.006750,0.638189,0.871042,-0.518097,-0.000089,1.238919,1.391171,0.000000,0.014910,0.604092,0.221604,0.723627,0.329694,-0.567989,0.022604,-0.116570,-0.041344,-0.479774,-0.080767
-2.048010,0.000000,0.615319,-0.472167,-0.429355,-0.000317,-1.155916,0.081679,0.000000,0.976829,-0.071919,0.531666,0.782767,-0.502813,-0.000061,1.183298,1.343100,0.000000,0.048068,0.556440,0.116289,0.645608,0.173392,-0.589020,0.107458,-0.109136,-0.064107,-0.487010,-0.011141
-1.794047,0.000000,0.529894,-0.607342,-0.500467,-0.000293,-0.840631,0.219232,0.000000,1.228483,-0.040841,0.371642,0.679281,-0.646276,0.000041,1.075852,1.031227,0.000000,0.009095,0.461501,-0.036077,0.545189,-0.016387,-0.582901,0.115178,-0.099144,-0.097737,-0.395257,0.079447
-1.417992,0.000000,0.388088,-0.454841,-0.420152,0.002490,-0.606512,0.161785,0.000000,0.810198,0.090408,0.376595,0.587216,-0.470190,0.003013,0.938698,0.754962,0.000000,-0.009567,0.420876,-0.098643,0.509397,-0.093163,-0.553744,0.151820,-0.053736,-0.098132,-0.361129,0.085195
-0.665882,0.000000,0.104477,-0.149841,-0.259522,0.008056,-0.138273,0.046891,0.000000,-0.026371,0.352907,0.386503,0.403088,-0.118017,0.008957,0.664390,0.202432,0.000000,-0.046891,0.339625,-0.223775,0.437812,-0.246717,-0.495429,0.225103,0.037081,-0.098922,-0.292872,0.096690
-1.413717,0.000000,0.438544,-0.546344,-0.380438,-0.002851,-0.508146,0.209431,0.000000,0.849714,-0.010505,0.226316,0.321574,-0.328260,-0.002767,0.823947,0.554352,0.000000,0.112486,0.352683,-0.290016,0.325121,-0.204855,-0.546277,0.279220,-0.049420,-0.061535,-0.368891,0.067882
-1.787635,0.000000,0.605578,-0.744596,-0.440895,-0.008304,-0.693083,0.290701,0.000000,1.287756,-0.192211,0.146223,0.280817,-0.433382,-0.008630,0.903726,0.730312,0.000000,0.192175,0.359212,-0.323136,0.268775,-0.183924,-0.571700,0.306278,-0.092670,-0.042842,-0.406900,0.053478
-0.450804,0.000000,0.169099,-0.116658,-0.142983,0.006310,-0.154023,0.168753,0.000000,0.085993,0.297811,0.357730,0.319696,-0.323576,0.010566,0.547782,-0.031636,0.000000,-0.008207,0.229304,-0.254987,0.252668,-0.336428,-0.373460,0.180073,-0.022832,-0.083342,-0.216942,0.159979
-0.453866,0.000000,0.222732,-0.169953,-0.171578,0.005035,-0.099958,0.155164,0.000000,0.166890,0.174479,0.304414,0.287000,-0.229691,0.008814,0.531949,-0.043403,0.000000,0.021514,0.266019,-0.258151,0.212406,-0.350964,-0.388261,0.155464,-0.035359,-0.070843,-0.220085,0.166933
-0.459988,0.000000,0.329999,-0.276541,-0.228768,0.002484,0.008174,0.127986,0.000000,0.328685,-0.072184,0.197783,0.221610,-0.041920,0.005309,0.500282,-0.066937,0.000000,0.080956,0.339450,-0.264480,0.131882,-0.380037,-0.417863,0.106248,-0.060413,-0.045847,-0.226371,0.180842
-0.463974,0.000000,0.318300,-0.294458,-0.173793,0.001770,0.018322,0.173445,0.000000,0.463309,-0.147791,0.214268,0.208731,-0.109373,0.002109,0.471042,-0.072135,0.000000,0.072656,0.301193,-0.244778,0.093182,-0.347409,-0.361376,0.025928,-0.058836,-0.018751,-0.230966,0.173709
-0.465968,0.000000,0.312450,-0.303417,-0.146305,0.001413,0.023396,0.196174,0.000000,0.530621,-0.185595,0.222511,0.202292,-0.143099,0.000510,0.456423,-0.074733,0.000000,0.068506,0.282065,-0.234928,0.073832,-0.331095,-0.333132,-0.014232,-0.058047,-0.005203,-0.233263,0.170142
-0.478578,0.000000,0.612972,-0.589854,-0.151359,-0.009949,0.086367,0.815380,0.000000,1.778607,-0.388126,0.068666,0.004608,-0.874679,-0.016267,0.544696,0.265009,0.000000,0.314411,0.162327,-0.239618,-0.104406,-0.408375,-0.277643,0.036519,-0.086772,0.042235,-0.337717,0.128757
-0.319605,0.000000,0.533133,-0.497497,-0.110092,-0.006638,0.123746,0.793494,0.000000,1.540227,-0.293045,0.072017,0.053508,-0.781885,-0.010911,0.507202,0.143322,0.000000,0.289647,0.134661,-0.195181,-0.083125,-0.394605,-0.252682,0.018967,-0.061775,0.043080,-0.305880,0.115857
-0.001659,0.000000,0.373454,-0.312783,-0.027557,-0.000016,0.198503,0.749722,0.000000,1.063467,-0.102882,0.078717,0.151308,-0.596298,-0.000200,0.432215,-0.100054,0.000000,0.240121,0.079329,-0.106308,-0.040562,-0.367066,-0.202761,-0.016138,-0.011782,0.044770,-0.242205,0.090058
-0.000951,0.000000,0.303920,-0.278319,0.025802,0.000177,0.227583,0.649816,0.000000,1.066271,-0.103507,-0.000576,0.133564,-0.633487,-0.000029,0.433099,-0.047935,0.000000,0.243479,0.143383,-0.083874,-0.012758,-0.330373,-0.185686,-0.046756,0.036579,0.085255,-0.212149,0.062566
-0.000597,0.000000,0.269153,-0.261086,0.052482,0.000274,0.242123,0.599864,0.000000,1.067673,-0.103819,-0.040222,0.124693,-0.652081,0.000057,0.433542,-0.021876,0.000000,0.245158,0.175409,-0.072657,0.001144,-0.312027,-0.177149,-0.062065,0.060760,0.105498,-0.197121,0.048820
-0.000411,0.000554,0.251373,-0.290585,-0.173877,0.002044,0.195994,0.727092,0.000000,1.153902,-0.235941,-0.071395,0.032347,-0.799800,0.000009,0.437862,0.180691,0.000000,0.185253,0.207410,-0.064459,0.073625,-0.294213,-0.172985,0.067549,0.094115,0.161119,-0.107267,0.047874
-0.000557,0.000573,0.235481,-0.324419,-0.242628,0.002679,0.305855,0.754889,0.000000,1.117417,-0.287652,-0.098840,0.022444,-0.702538,0.000008,0.412486,0.218461,0.000000,0.177801,0.206409,-0.048779,0.051478,-0.295694,-0.173416,0.042923,0.095939,0.164285,-0.116331,0.051932
-0.000848,0.000612,0.203698,-0.392085,-0.380132,0.003950,0.525575,0.810482,0.000000,1.044447,-0.391073,-0.153730,0.002639,-0.508014,0.000005,0.361733,0.293999,0.000000,0.162896,0.204406,-0.017420,0.007185,-0.298655,-0.174279,-0.006328,0.099587,0.170617,-0.134459,0.060048
-0.000705,0.008625,0.175738,-0.467988,-0.572545,0.006190,0.757048,0.851485,0.000000,1.401795,-0.532427,-0.254986,-0.043368,-0.684898,0.000197,0.374198,0.373044,0.000000,0.130769,0.273879,-0.026727,-0.001138,-0.260508,-0.244068,-0.036340,0.137124,0.188640,-0.141318,0.014269
-0.000633,0.012631,0.161758,-0.505940,-0.668752,0.007310,0.872784,0.871986,0.000000,1.580468,-0.603104,-0.305614,-0.066371,-0.773341,0.000293,0.380430,0.412567,0.000000,0.114705,0.308615,-0.031380,-0.005300,-0.241435,-0.278962,-0.051346,0.155893,0.197652,-0.144748,-0.008621
-0.000812,1.257130,0.163423,-0.676707,-1.465421,0.014563,1.013267,0.478342,0.000000,2.689860,-1.296072,-0.279745,-0.228452,-1.268646,0.000610,0.525059,0.657470,0.000000,0.125655,0.272101,0.013316,0.062853,-0.390998,-0.238223,-0.002266,0.266254,0.202498,-0.136610,-0.078861
-0.000587,1.556832,0.156046,-0.754705,-1.623699,0.084568,1.051970,0.286732,0.000000,2.764447,-1.467896,-0.290824,-0.276885,-1.322572,0.000622,0.567290,0.681421,0.000000,0.192974,0.262809,0.035574,0.031061,-0.465639,-0.192580,-0.019125,0.300000,0.194156,-0.160844,-0.093273
-0.000136,2.156235,0.141292,-0.910701,-1.940255,0.224580,1.129375,-0.096486,0.000000,2.913619,-1.811543,-0.312980,-0.373753,-1.430425,0.000647,0.651752,0.729321,0.000000,0.327613,0.244224,0.080089,-0.032523,-0.614920,-0.101293,-0.052843,0.367493,0.177474,-0.209311,-0.122099
-0.000045,2.968870,0.220671,-0.380593,-1.988527,1.094913,1.006277,-1.502947,0.000000,2.386593,-2.076693,-0.203894,-0.115210,-1.177877,0.058335,0.780989,0.230917,0.000000,-0.174393,0.470855,-0.235576,0.111806,-0.596976,-0.057476,0.005723,0.622346,0.220467,-0.221296,-0.211909
0.000000,3.375188,0.260360,-0.115539,-2.012663,1.530080,0.944728,-2.206177,0.000000,2.123079,-2.209268,-0.149351,0.014062,-1.051603,0.087179,0.845608,-0.018286,0.000000,-0.425396,0.584171,-0.393409,0.183971,-0.588005,-0.035568,0.035006,0.749772,0.241963,-0.227289,-0.256813
0.000000,3.566301,0.150401,-0.024989,-2.209749,0.839716,1.800317,-1.465268,0.000000,3.308451,-3.302625,-0.556467,-0.314239,-1.636129,1.002864,0.923724,0.049067,0.000000,-0.111153,0.766497,-0.749869,-0.130924,-0.807298,-0.001228,-0.090349,0.835936,0.190106,-0.394202,-0.375440
0.000000,3.934609,0.085665,0.086422,-2.117608,0.918530,1.962653,-1.755251,-0.000008,3.378780,-3.940806,-0.622292,-0.291837,-1.835567,1.636457,0.992593,-0.006514,0.003162,-0.049098,0.856253,-0.934909,-0.071810,-0.918428,0.150243,-0.266225,0.961585,0.175917,-0.448526,-0.442041
0.000000,4.671224,-0.043809,0.309244,-1.933327,1.076159,2.287324,-2.335217,-0.000025,3.519437,-5.217168,-0.753940,-0.247035,-2.234444,2.903643,1.130329,-0.117674,0.009487,0.075014,1.035765,-1.304989,0.046417,-1.140686,0.453186,-0.617977,1.212883,0.147538,-0.557173,-0.575244
0.000000,4.879431,-0.100491,0.032703,-1.517602,1.069247,2.825488,-2.475221,-0.000098,3.444324,-6.048193,-0.784924,-0.263968,-1.841511,3.580824,1.142431,-0.150969,0.897113,0.138218,1.019939,-1.432176,-0.100983,-1.219906,0.652478,-0.939753,0.910510,0.040741,-0.572264,-0.443898
0.000000,4.983534,-0.128833,-0.105568,-1.309739,1.065792,3.094569,-2.545223,-0.000134,3.406767,-6.463705,-0.800416,-0.272435,-1.645045,3.919414,1.148483,-0.167617,1.340926,0.169820,1.012026,-1.495770,-0.174683,-1.259515,0.752124,-1.100641,0.759324,-0.012658,-0.579810,-0.378225
0.000000,5.648696,-0.165341,-0.150157,-0.372798,1.666496,3.812049,-3.212231,0.000139,3.141625,-7.593209,-0.950899,0.079610,-0.929695,5.713271,1.251547,-0.393691,2.315097,0.057858,1.168088,-2.322711,-0.085012,-1.821796,1.419073,-2.211885,0.756880,0.165519,-1.142507,-0.092068
0.000000,5.597277,-0.085815,-0.397452,0.115072,1.768306,3.768181,-3.019890,-0.000783,2.974385,-7.111388,-0.894966,0.173987,-0.865186,5.937720,1.248590,-0.232991,2.440785,-0.038537,1.062615,-2.363251,-0.142012,-1.811916,1.377589,-2.044939,0.555710,0.128799,-1.325096,-0.110363
0.000000,5.494437,0.073237,-0.892042,1.090813,1.971927,3.680445,-2.635208,-0.002627,2.639905,-6.147748,-0.783100,0.362741,-0.736167,6.386618,1.242675,0.088409,2.692160,-0.231328,0.851669,-2.444333,-0.256011,-1.792156,1.294620,-1.711047,0.153370,0.055360,-1.690273,-0.146953
1.328926,3.507467,0.169529,-1.649954,1.885493,1.916085,3.774701,-0.679075,-0.292770,1.780180,-2.593209,-0.502135,0.164515,-1.061440,5.525716,1.416239,0.326542,2.742072,-0.622502,0.563869,-1.879151,-0.482750,-1.607867,0.791137,-1.530361,0.129509,0.110598,-1.314814,-0.541332
1.993389,2.513982,0.217675,-2.028911,2.282833,1.888164,3.821829,0.298991,-0.437842,1.350317,-0.815939,-0.361653,0.065403,-1.224076,5.095265,1.503021,0.445608,2.767028,-0.818089,0.419970,-1.596560,-0.596119,-1.515723,0.539396,-1.440017,0.117579,0.138217,-1.127085,-0.738522
4.314802,-0.322833,0.252806,-2.874960,3.669029,1.456190,3.598241,2.224123,-0.273525,-0.906540,5.169994,0.006347,-0.282906,-0.615478,0.511480,1.593540,0.800689,2.324552,-1.218830,0.377537,-0.503538,-0.955478,-1.534932,-0.016905,-1.405851,0.254561,-0.141752,-0.453505,-1.944310
4.463966,-0.968283,0.251498,-3.120026,4.054405,1.522461,3.303481,1.920538,-0.247804,-1.417565,5.342107,0.023638,-0.440355,-0.560973,-0.341198,1.605060,1.152731,2.083174,-1.084698,0.546923,-0.115032,-1.176428,-1.697798,-0.220072,-1.258845,0.125835,-0.338316,-0.291565,-2.096786
4.762294,-2.259182,0.248882,-3.610159,4.825156,1.655004,2.713962,1.313368,-0.196360,-2.439616,5.686333,0.058221,-0.755254,-0.451963,-2.046554,1.628101,1.856815,1.600418,-0.816434,0.885694,0.661980,-1.618327,-2.023532,-0.626407,-0.964833,-0.131618,-0.731443,0.032315,-2.401738
4.971654,-2.938015,0.158038,-4.051217,5.046494,2.018747,1.928630,0.015219,-0.259674,-3.281589,3.715918,-0.114571,-0.564301,-0.173643,-3.320232,1.837482,2.787451,0.620291,-0.417564,1.343486,1.869557,-1.500489,-1.969810,-0.425708,-1.149415,-0.585362,-0.763716,0.370644,-2.013145
5.076334,-3.277432,0.112616,-4.271746,5.157163,2.200619,1.535964,-0.633856,-0.291332,-3.702575,2.730711,-0.200967,-0.468824,-0.034482,-3.957071,1.942173,3.252769,0.130227,-0.218128,1.572382,2.473345,-1.441569,-1.942949,-0.325359,-1.241705,-0.812234,-0.779852,0.539808,-1.818849
5.125937,-2.726793,-0.092263,-4.416393,3.952197,2.691570,0.188250,-1.804475,-0.606990,-5.069937,-3.249729,-0.420731,0.874605,1.366299,-4.188453,2.374749,4.633884,-1.361516,0.166253,1.517218,4.268741,-1.423277,-0.567926,0.751044,-1.256563,-1.319382,0.285646,0.967458,-0.156655
5.216396,-1.773071,-0.133885,-4.509493,3.751137,2.506332,-0.482531,-1.378710,-0.973887,-5.440673,-5.802888,-0.490340,1.522830,1.866804,-2.691291,2.811198,5.576342,-1.480825,0.673497,1.409837,5.389738,-1.922542,0.037487,0.552984,-0.876904,-1.456150,0.756744,0.886826,2.045365
5.397313,0.134372,-0.217128,-4.695692,3.349019,2.135857,-1.824093,-0.527181,-1.707681,-6.182145,-10.909206,-0.629557,2.819280,2.867813,0.303032,3.684096,7.461258,-1.719444,1.687983,1.195074,7.631731,-2.921072,1.248313,0.156865,-0.117586,-1.729686,1.698940,0.725562,6.449405
5.695963,2.176869,-0.953475,-3.738905,1.720871,3.359985,-1.681423,0.646583,-1.192183,-6.957488,-12.159275,-1.930034,4.696921,4.817294,3.999195,1.239934,6.339564,-1.657556,2.286689,2.294530,11.723371,-4.730015,-2.895353,-0.632734,-3.551362,-1.856122,3.129180,-0.952550,12.476724
5.845288,3.198118,-1.321649,-3.260512,0.906798,3.972049,-1.610088,1.233465,-0.934433,-7.345160,-12.784309,-2.580273,5.635742,5.792035,5.847277,0.017853,5.778717,-1.626612,2.586041,2.844257,13.769190,-5.634486,-4.967186,-1.027533,-5.268249,-1.919340,3.844300,-1.791606,15.490384
4.799123,4.244646,0.740557,-1.725296,-1.366581,2.423666,-1.001525,0.020471,-2.438090,-5.144926,-8.023251,-2.278247,5.000359,5.055280,8.335760,0.000000,0.065861,-1.246428,2.075576,1.220984,11.345330,-5.024949,-7.543103,-1.031354,-0.785552,0.125743,3.727587,-2.161388,12.306745
4.418173,4.547935,1.029285,-0.964679,-1.000488,2.174602,-0.913957,-1.138364,-2.308822,-4.536940,-6.374174,-2.090288,3.816617,4.405921,7.197901,0.000000,-0.596541,-1.399666,1.423917,0.662491,10.325241,-4.650430,-7.783801,-0.390816,0.846435,0.457807,3.766193,-2.208408,11.094717
3.656273,5.154513,1.606741,0.556555,-0.268304,1.676472,-0.738821,-3.456035,-2.050286,-3.320969,-3.076021,-1.714371,1.449133,3.107204,4.922182,0.000000,-1.921343,-1.706142,0.120600,-0.454495,8.285063,-3.901393,-8.265197,0.890261,4.110408,1.121936,3.843405,-2.302449,8.670662
2.308695,4.318336,1.705670,0.388002,-0.260316,1.415136,-0.632301,-3.572178,-1.594185,-2.557306,-2.214492,-1.470540,0.507411,2.844048,2.829794,0.000000,-2.743545,-1.519801,0.040200,-0.322666,4.633217,-2.194082,-6.526217,1.081074,4.016287,0.796466,2.583506,-1.234790,5.388661
1.634907,3.900248,1.755134,0.303725,-0.256322,1.284468,-0.579041,-3.630250,-1.366134,-2.175474,-1.783728,-1.348625,0.036550,2.712470,1.783600,0.000000,-3.154646,-1.426630,0.000000,-0.256752,2.807295,-1.340427,-5.656727,1.176481,3.969226,0.633731,1.953556,-0.700961,3.747661
1.261956,3.161146,2.096978,0.757209,0.641062,-0.133188,-0.036910,-2.276125,-1.908257,-2.655541,-1.976895,-1.297977,-0.061128,1.879767,0.530141,0.000000,-1.852185,-0.656443,0.000000,-0.113944,1.664203,-0.855669,-4.450811,1.052288,2.800596,0.747032,1.053944,-1.478845,1.458929
1.139544,2.859345,2.159348,0.841589,0.682006,-0.571213,0.018408,-2.032889,-1.951001,-2.266961,-1.876035,-0.964267,-0.008382,1.189278,0.274035,0.000000,-0.835377,-0.455678,0.000000,0.031964,1.733238,-1.048996,-3.883360,0.480647,2.323698,0.555617,0.934370,-1.443775,0.863191
0.894719,2.255743,2.284088,1.010351,0.763893,-1.447265,0.129043,-1.546416,-2.036490,-1.489801,-1.674315,-0.296848,0.097108,-0.191698,-0.238177,0.000000,1.198239,-0.054149,0.000000,0.323778,1.871307,-1.435649,-2.748457,-0.662634,1.369902,0.172786,0.695221,-1.373636,-0.328283
0.583391,1.644186,1.626373,0.713125,0.388910,-0.990672,-0.240867,-1.298725,-1.399438,-1.156987,-1.300108,0.062158,-0.506887,-0.190894,-0.653033,0.000000,0.371914,0.091445,0.000000,0.525130,1.030572,-0.631360,-1.849744,-0.500883,1.015747,0.461186,0.562514,-1.200880,-0.197795
0.427727,1.338407,1.297516,0.564512,0.201419,-0.762376,-0.425823,-1.174879,-1.080912,-0.990580,-1.113005,0.241661,-0.808885,-0.190492,-0.860462,0.000000,-0.041249,0.164242,0.000000,0.625806,0.610204,-0.229216,-1.400388,-0.420007,0.838670,0.605386,0.496160,-1.114503,-0.132551
0.144048,0.681019,0.737297,0.453175,0.066095,-0.557199,-0.516719,-0.935052,-0.602491,-0.659229,-0.591248,0.200330,-1.048263,0.120198,-0.711639,0.000000,-0.787042,0.162460,0.000000,0.717348,0.190609,0.298904,-1.137584,-0.120918,0.976735,0.562923,0.384700,-1.039443,0.167894
0.089773,0.547466,0.639877,0.417467,0.036530,-0.495723,-0.461436,-0.972518,-0.503447,-0.525210,-0.473977,0.192093,-0.931030,0.139342,-0.812195,0.000000,-0.872385,0.161561,0.000000,0.587171,0.044155,0.433894,-1.040264,-0.015471,0.946779,0.601077,0.375114,-1.041479,0.173128
-0.018775,0.280360,0.445037,0.346053,-0.022599,-0.372772,-0.350870,-1.047450,-0.305358,-0.257173,-0.239437,0.175619,-0.696564,0.177630,-1.013307,0.000000,-1.043070,0.159763,0.000000,0.326818,-0.248752,0.703874,-0.845625,0.195422,0.886867,0.677385,0.355942,-1.045549,0.183595
-0.100913,0.179348,0.277779,0.295067,0.039279,-0.367510,-0.548196,-0.860089,-0.151971,-0.084008,-0.154486,0.107695,-0.481820,0.177409,-0.980827,0.000000,-0.985460,0.032070,-0.104064,0.255491,-0.312861,0.650331,-0.607052,-0.037819,0.705909,0.441164,0.366107,-0.908699,0.237691
-0.141982,0.128841,0.194150,0.269574,0.070218,-0.364880,-0.646859,-0.766409,-0.075277,0.002575,-0.112011,0.073732,-0.374447,0.177298,-0.964586,0.000000,-0.956655,-0.031777,-0.156097,0.219827,-0.344916,0.623560,-0.487766,-0.154440,0.615429,0.323053,0.371189,-0.840274,0.264739
-0.196423,-0.131992,-0.149241,0.400216,0.387679,-0.304595,-0.197448,-0.008872,0.130558,0.128187,0.045364,0.120078,-0.216957,0.238755,0.114291,0.000000,-0.698109,-0.046690,-0.141809,0.242329,-0.231485,0.520098,-0.235337,-0.702320,0.317307,0.203545,0.443902,-0.689478,0.190932
-0.149097,-0.115798,-0.176650,0.336974,0.353140,-0.308014,-0.188673,0.001348,0.114500,0.115430,0.054071,0.106912,-0.060830,0.267257,0.219524,0.000000,-0.603837,-0.090754,-0.109636,0.130905,-0.289195,0.410824,-0.126160,-0.679474,0.263759,0.123440,0.410217,-0.758446,0.219562
-0.054445,-0.083409,-0.231467,0.210491,0.284064,-0.314850,-0.171122,0.021788,0.082384,0.089916,0.071485,0.080580,0.251425,0.324260,0.429989,0.000000,-0.415292,-0.178881,-0.045288,-0.091943,-0.404613,0.192277,0.092194,-0.633783,0.156664,-0.036771,0.342848,-0.896382,0.276822
-0.165568,-0.142584,-0.170007,0.195240,0.279275,-0.390090,-0.182436,-0.070243,0.038216,0.242328,0.090754,0.038750,0.502194,0.317738,0.477231,0.000000,-0.350446,-0.264545,0.053544,-0.345458,-0.677127,0.067348,0.121123,-0.370665,-0.086271,-0.135601,0.176178,-0.754904,0.286559
-0.221129,-0.172171,-0.139277,0.187614,0.276880,-0.427710,-0.188092,-0.116259,0.016132,0.318533,0.100389,0.017836,0.627579,0.314477,0.500852,0.000000,-0.318022,-0.307376,0.102960,-0.472215,-0.813383,0.004883,0.135587,-0.239106,-0.207739,-0.185016,0.092843,-0.684164,0.291427
-0.267665,-0.415214,-0.125989,0.104223,0.475189,-0.534717,-0.297374,0.336449,0.084976,0.393983,0.282218,0.044123,0.613102,0.587292,1.479493,0.000000,-0.398662,-0.580050,0.240228,-0.534693,-1.021571,-0.146894,0.004029,0.054193,-0.587448,-0.158895,-0.089817,-0.407008,0.226255
-0.296300,-0.459422,-0.085886,0.101093,0.495186,-0.577818,-0.253724,0.252220,0.089775,0.460832,0.317213,0.075217,0.604310,0.629580,1.558453,0.000000,-0.461746,-0.607558,0.160154,-0.650780,-1.182640,-0.117740,-0.014900,0.338982,-0.644964,-0.166895,-0.204824,-0.204349,0.098949
-0.353568,-0.547838,-0.005679,0.094835,0.535179,-0.664019,-0.166423,0.083761,0.099374,0.594529,0.387204,0.137405,0.586726,0.714156,1.716373,0.000000,-0.587915,-0.662573,0.000006,-0.882955,-1.504778,-0.059432,-0.052757,0.908561,-0.759995,-0.182895,-0.434837,0.200967,-0.155663
-0.274962,-0.678869,0.135983,0.036346,0.352510,-0.710104,-0.119154,-0.064831,0.049213,0.712248,0.874471,0.212555,0.530258,0.841971,1.521030,0.000000,-0.921570,-0.703518,0.000002,-1.174719,-1.837017,-0.185898,-0.366562,1.549900,-0.879198,-0.170129,-0.823318,0.241270,-0.234974
-0.235659,-0.744384,0.206814,0.007101,0.261176,-0.733146,-0.095520,-0.139127,0.024133,0.771107,1.118104,0.250129,0.502024,0.905878,1.423359,0.000000,-1.088398,-0.723990,0.000000,-1.320602,-2.003136,-0.249131,-0.523464,1.870569,-0.938800,-0.163745,-1.017559,0.261421,-0.274630
-0.121941,-1.221578,0.284055,-0.171619,-0.686167,-0.896253,0.143193,-0.352136,-0.027970,1.215870,3.138802,0.575354,-0.089625,-0.255390,0.334615,0.000000,-1.657437,-0.139139,0.000000,-1.754140,-2.528554,-0.051000,-1.017836,2.375286,-0.549383,-0.174150,-1.557249,0.944258,-0.881887
-0.295475,-1.981885,0.297883,-0.234190,-1.558925,-0.739670,0.250772,-0.287433,-0.028247,1.812705,5.327425,0.664217,-0.246697,-0.673395,-0.502650,0.000000,-2.355077,0.127557,0.000000,-2.059646,-3.007522,0.301362,-1.391444,2.662149,-0.459355,-0.160441,-1.965337,1.223011,-1.208102
-0.642544,-3.502499,0.325539,-0.359333,-3.304441,-0.426504,0.465930,-0.158029,-0.028800,3.006375,9.704673,0.841943,-0.560841,-1.509406,-2.177179,0.000000,-3.750358,0.660949,0.000000,-2.670658,-3.965456,1.006084,-2.138659,3.235877,-0.279298,-0.133024,-2.781512,1.780518,-1.860530
-1.649973,-4.962497,0.666771,-0.120423,-4.853643,-0.528361,1.209864,0.666863,-0.214541,4.702413,12.358686,1.300272,-1.481545,-3.660485,-3.247935,0.000000,-3.902707,1.500145,0.000000,-3.373818,-4.906721,1.373644,-1.028661,2.924648,-0.454018,-0.170941,-3.000992,1.633831,-2.485654
-2.153688,-5.692496,0.837387,-0.000968,-5.628243,-0.579289,1.581831,1.079308,-0.307411,5.550432,13.685693,1.529437,-1.941897,-4.736024,-3.783313,0.000000,-3.978882,1.919743,0.000000,-3.725399,-5.377353,1.557425,-0.473662,2.769033,-0.541377,-0.189900,-3.110732,1.560487,-2.798216
-3.856385,-6.788719,1.656040,0.990438,-5.270738,-1.692518,2.686131,3.262800,0.050648,9.978533,10.068462,-0.250030,-0.618104,-9.367189,-6.264426,-1.002309,-0.835626,2.153758,-0.498210,-6.165251,-8.456490,0.684038,1.744296,2.167341,-2.220240,-2.182062,-3.976999,6.128924,-8.447485
-3.694248,-6.373322,1.950135,1.333055,-5.269811,-0.642018,2.649103,2.816923,0.585011,9.527289,7.135650,-0.217893,-1.712678,-8.925593,-6.046189,-2.889042,-1.454459,2.091184,-0.803499,-5.620441,-8.612752,0.690470,3.895741,0.972225,-3.339894,-2.256679,-3.721390,5.937441,-9.191822
-3.369975,-5.542527,2.538325,2.018287,-5.267955,1.458980,2.575046,1.925168,1.653739,8.624800,1.270026,-0.153620,-3.901826,-8.042399,-5.609715,-6.662507,-2.692126,1.966034,-1.414078,-4.530823,-8.925277,0.703332,8.198631,-1.418006,-5.579202,-2.405912,-3.210173,5.554474,-10.680496
-3.276205,-4.247226,2.031176,1.557516,-3.554561,1.915870,1.092169,1.370158,2.783139,8.199302,-3.067855,0.776899,-6.855972,-6.306696,-2.296095,-6.402943,-3.648471,1.823380,-0.369341,-2.484936,-6.739450,2.671262,11.741569,-4.810689,-7.614775,-0.677613,-0.990933,1.139098,-10.881649
-3.229321,-3.599575,1.777601,1.327130,-2.697864,2.144315,0.350731,1.092653,3.347839,7.986553,-5.236795,1.242158,-8.333045,-5.438844,-0.639284,-6.273161,-4.126643,1.752053,0.153028,-1.461992,-5.646536,3.655227,13.513038,-6.507030,-8.632561,0.186537,0.118687,-1.068590,-10.982226
-3.580089,-2.943320,2.141097,0.588458,-0.813260,-0.588434,-0.471849,0.546638,3.788568,7.374358,-4.740121,-0.167926,-9.202027,-3.359628,1.149740,-0.506222,-0.159212,0.410191,-0.295378,-2.272870,-1.058540,6.807809,11.351143,-3.825661,5.158891,3.484258,0.292324,-10.237707,-6.250077
-3.577043,-2.757929,1.806124,0.305684,-0.676496,-0.765863,-0.535991,0.488831,3.272301,6.693418,-3.950706,-0.041525,-8.186922,-2.868580,1.134658,-0.302804,-0.151031,0.314985,-0.313906,-2.201471,-0.702637,5.901212,10.189822,-3.197445,3.986047,3.158105,0.846164,-8.384424,-3.581469
-3.570950,-2.387146,1.136177,-0.259863,-0.402968,-1.120721,-0.664274,0.373217,2.239766,5.331538,-2.371876,0.211276,-6.156712,-1.886483,1.104495,0.104034,-0.134668,0.124573,-0.350963,-2.058674,0.009169,4.088016,7.867178,-1.941013,1.640360,2.505799,1.953845,-4.677860,1.755747
-3.566544,-2.323301,0.640634,-0.239353,-0.322505,-0.854993,-0.527005,0.334453,1.703238,4.359381,-1.367989,0.061344,-4.789402,-0.658733,0.812099,0.341942,-0.167615,0.147132,-0.606849,-1.348460,0.304361,2.643218,4.851307,-0.926177,0.765136,1.671383,1.135086,-3.021777,1.329723
-3.564341,-2.291379,0.392863,-0.229098,-0.282274,-0.722129,-0.458370,0.315071,1.434975,3.873303,-0.866046,-0.013622,-4.105748,-0.044857,0.665901,0.460896,-0.184089,0.158412,-0.734793,-0.993353,0.451957,1.920819,3.343372,-0.418759,0.327524,1.254175,0.725707,-2.193736,1.116711
-2.761869,-1.767029,-0.028744,-0.344624,0.033022,-0.150337,-0.398940,0.913891,1.043289,2.640613,0.203472,0.049024,-2.549819,-0.026817,1.004156,0.064945,0.114069,-0.151269,-0.472953,-0.597135,0.646318,0.676925,1.695818,-0.820116,0.136351,0.797609,0.630325,-1.322441,0.801145
-2.468774,-1.712250,-0.894095,-0.470974,-0.255069,1.068285,-0.444019,0.687703,0.719928,2.396169,0.533451,-0.809368,-4.093519,-0.018293,0.477733,-1.824050,-0.463183,-0.281241,-0.506569,-1.655646,2.914488,0.213575,0.109724,-0.887401,0.164782,0.729444,0.422064,-1.413575,0.659899
-1.882585,-1.602691,-2.624796,-0.723674,-0.831249,3.505530,-0.534177,0.235327,0.073207,1.907279,1.193408,-2.526153,-7.180921,-0.001245,-0.575113,-5.602040,-1.617687,-0.541186,-0.573799,-3.772668,7.450830,-0.713124,-3.062464,-1.021970,0.221644,0.593114,0.005540,-1.595843,0.377408
-1.228043,-0.909108,-0.111648,-0.008867,0.342709,-0.266335,0.105258,0.615996,0.391253,1.381567,0.044483,-1.479925,-3.895440,0.011456,0.095368,0.107033,0.815279,-0.459426,-0.179109,-1.848388,3.045557,-0.076208,0.752128,-0.531598,0.241328,0.087207,0.254073,-0.417590,-0.142137
-0.900772,-0.562316,1.144926,0.348537,0.929688,-2.152268,0.424976,0.806331,0.550276,1.118710,-0.529979,-0.956811,-2.252700,0.017806,0.430608,2.961570,2.031763,-0.418547,0.018236,-0.886248,0.842920,0.242250,2.659425,-0.286412,0.251169,-0.165747,0.378339,0.171537,-0.401909
-0.268507,-0.419254,-0.131650,0.050886,0.163298,-1.145474,0.177092,0.421966,-0.009111,0.368321,0.046535,-0.436271,-2.146869,0.016866,0.360662,1.401390,1.288047,-0.421215,-0.094503,-0.498692,1.490261,0.505275,1.300439,-0.890011,0.327824,0.149888,-0.232313,-0.194268,-0.004843
-0.194557,-0.308194,-0.244363,0.026486,0.204618,-0.942010,0.129956,0.333179,-0.086182,0.255504,-0.034119,-0.334895,-2.107654,0.015689,0.268985,1.098604,1.157119,-0.400610,-0.049007,-0.464523,1.584533,0.502764,1.094329,-0.820237,0.342337,0.112153,-0.260146,-0.202844,0.002239
-0.046656,-0.086074,-0.469790,-0.022314,0.287257,-0.535084,0.035685,0.155605,-0.240326,0.029869,-0.195426,-0.132144,-2.029223,0.013334,0.085630,0.493033,0.895264,-0.359401,0.041985,-0.396184,1.773077,0.497743,0.682111,-0.680691,0.371362,0.036684,-0.315812,-0.219995,0.016404
0.131683,0.042048,-0.561498,-0.044471,0.256637,-0.311446,0.025403,0.126216,-0.286649,-0.140877,-0.167866,-0.084607,-1.914749,0.008283,0.112468,0.159988,0.723372,-0.280828,0.048429,-0.339645,1.900446,0.451330,0.526083,-0.667623,0.378750,0.001336,-0.268788,-0.119888,-0.014611
0.220853,0.106108,-0.607352,-0.055550,0.241327,-0.199627,0.020261,0.111521,-0.309810,-0.226250,-0.154086,-0.060838,-1.857512,0.005758,0.125886,-0.006534,0.637425,-0.241541,0.051652,-0.311376,1.964131,0.428123,0.448068,-0.661089,0.382445,-0.016338,-0.245277,-0.069834,-0.030119
0.371257,0.150054,-0.576865,-0.085847,0.256859,0.053181,0.000043,0.092862,-0.443712,-0.496523,-0.316388,-0.127098,-1.682839,0.002509,0.265906,-0.238963,0.313901,-0.165254,0.226454,-0.159849,2.059996,0.499052,0.363876,-0.610964,0.229215,-0.085164,-0.241244,0.043092,-0.056691
0.400250,0.153011,-0.565033,-0.052505,0.231733,0.096499,-0.003306,0.056550,-0.416391,-0.510993,-0.267244,-0.119972,-1.652408,0.000429,0.222513,-0.293123,0.300484,-0.137743,0.193674,-0.157829,2.049356,0.460837,0.367879,-0.584474,0.211445,-0.080434,-0.209597,0.041334,-0.075359
0.458236,0.158926,-0.541367,0.014179,0.181480,0.183135,-0.010006,-0.016073,-0.361750,-0.539932,-0.168956,-0.105721,-1.591544,-0.003732,0.135727,-0.401441,0.273650,-0.082720,0.128115,-0.153789,2.028077,0.384407,0.375885,-0.531492,0.175904,-0.070975,-0.146302,0.037818,-0.112694
0.515287,0.226444,-0.523945,-0.039031,0.166715,0.239769,-0.095825,-0.035808,-0.321260,-0.626850,-0.035513,-0.192504,-1.484909,-0.005321,-0.118029,-0.442387,0.274532,-0.085201,0.176639,-0.055887,2.045263,0.337775,0.473324,-0.664722,0.097109,-0.087988,-0.053623,0.215168,-0.088685
0.543813,0.260203,-0.515234,-0.065636,0.159332,0.268086,-0.138735,-0.045676,-0.301014,-0.670309,0.031208,-0.235896,-1.431592,-0.006115,-0.244907,-0.462860,0.274973,-0.086442,0.200901,-0.006936,2.053856,0.314459,0.522044,-0.731336,0.057711,-0.096494,-0.007284,0.303843,-0.076680
0.667756,0.326993,-0.550807,0.293953,0.076203,0.306088,-0.049672,-0.072421,-0.280209,-0.899012,0.379125,-0.290392,-1.327221,-0.011832,-0.696118,-0.392429,0.250694,-0.004249,0.145197,0.070531,2.025841,0.177666,0.394006,-0.468636,-0.077992,-0.171796,-0.023937,0.498618,-0.164081
0.659018,0.315171,-0.556060,0.338291,0.070170,0.292269,-0.114394,-0.047999,-0.275211,-0.802054,0.545471,-0.380306,-1.306522,-0.011129,-0.735093,-0.351551,0.350058,0.020897,0.097211,0.152809,2.001584,0.089359,0.372338,-0.588574,-0.004691,-0.190049,0.010015,0.612648,-0.146321
0.641541,0.291528,-0.566567,0.426967,0.058102,0.264629,-0.243837,0.000843,-0.265214,-0.608139,0.878164,-0.560132,-1.265123,-0.009722,-0.813044,-0.269794,0.548787,0.071189,0.001240,0.317364,1.953070,-0.087254,0.329003,-0.828452,0.141910,-0.226553,0.077918,0.840709,-0.110803
0.721580,0.479947,-0.592966,0.617471,-0.113351,0.216591,-0.184902,-0.246723,-0.199736,-0.879874,1.072465,-0.672078,-1.153750,-0.010542,-0.962132,-0.118613,0.586035,0.100425,0.007612,0.425883,1.962092,-0.178404,0.308793,-0.700350,0.027878,-0.298147,0.098759,0.983774,-0.118554
0.761599,0.574157,-0.606165,0.712723,-0.199077,0.192572,-0.155434,-0.370506,-0.166997,-1.015742,1.169615,-0.728051,-1.098064,-0.010952,-1.036677,-0.043023,0.604659,0.115043,0.010799,0.480142,1.966603,-0.223979,0.298687,-0.636299,-0.029139,-0.333944,0.109179,1.055306,-0.122429
1.253448,0.944602,-0.638901,0.824560,-0.105792,0.242015,-0.181415,-0.227308,-0.137366,-1.071689,1.246834,-0.994946,-0.900954,-0.002915,-0.969827,0.130681,1.003897,-0.024522,0.041722,0.698758,1.914293,-0.525327,0.266004,-0.512754,-0.165236,-0.564947,0.138805,1.480779,-0.092040
1.382732,1.101056,-0.631096,0.870916,-0.188879,0.241305,-0.206191,-0.274445,-0.152422,-1.137029,1.164935,-1.111362,-0.762731,-0.002423,-0.963190,0.222446,1.130122,-0.108213,0.095593,0.797919,1.954865,-0.734382,0.244070,-0.519651,-0.285429,-0.693385,0.141938,1.709791,-0.124448
1.641301,1.413964,-0.615484,0.963626,-0.355055,0.239883,-0.255743,-0.368720,-0.182533,-1.267709,1.001136,-1.344192,-0.486284,-0.001439,-0.949916,0.405976,1.382571,-0.275595,0.203334,0.996240,2.036009,-1.152492,0.200204,-0.533445,-0.525816,-0.950260,0.148204,2.167815,-0.189265
1.662885,1.808568,-0.991380,0.995083,0.079610,0.371081,-0.512736,0.102042,-0.122061,-1.259664,0.690610,-1.714619,-0.466090,-0.001051,-0.441029,0.293404,2.150661,-0.270335,0.731342,1.127930,2.398595,-2.450976,0.360118,-0.636406,-0.863990,-1.655725,0.307748,4.041059,0.066320
1.673677,2.005870,-1.179328,1.010811,0.296942,0.436680,-0.641233,0.337423,-0.091825,-1.255642,0.535347,-1.899833,-0.455993,-0.000857,-0.186585,0.237118,2.534705,-0.267705,0.995346,1.193774,2.579888,-3.100219,0.440075,-0.687886,-1.033077,-2.008458,0.387520,4.977681,0.194112
1.986512,2.399812,-1.458208,1.120550,0.532919,0.345004,-0.721206,0.783932,0.063393,-1.018156,-0.083084,-1.923215,0.573925,0.008129,0.915326,0.226507,3.902757,-0.590499,1.440345,0.743984,2.632692,-6.475765,0.112807,-0.272799,-1.953699,-2.221835,1.124277,4.709536,1.767772
2.083945,2.669693,-1.411411,1.523974,0.620773,0.158559,-0.717604,0.331461,-0.094107,-1.136954,-0.828251,-1.818423,0.839095,-0.000151,1.276396,0.445101,4.527087,-0.576778,1.219005,0.478694,2.943192,-7.721518,-0.430360,0.054841,-1.973876,-2.297234,1.260104,4.750358,3.326125
2.278810,3.209456,-1.317816,2.330821,0.796480,-0.214332,-0.710400,-0.573482,-0.409108,-1.374550,-2.318584,-1.608839,1.369436,-0.016712,1.998536,0.882289,5.775747,-0.549335,0.776325,-0.051886,3.564193,-10.213024,-1.516693,0.710120,-2.014232,-2.448031,1.531760,4.832003,6.442831
1.274919,3.353722,-2.028127,2.157789,-0.111275,-0.802194,-0.952467,-0.973503,-0.176976,-1.287866,-3.484319,-1.061812,-0.977316,-0.005654,1.284940,2.503662,5.603622,-0.940011,0.258775,0.640385,3.149052,-8.359947,-3.047516,2.695624,0.551296,-2.336441,0.265431,3.402570,4.543972
0.772973,3.425855,-2.383282,2.071272,-0.565152,-1.096125,-1.073500,-1.173514,-0.060910,-1.244524,-4.067187,-0.788298,-2.150692,-0.000125,0.928142,3.314348,5.517560,-1.135349,0.000000,0.986520,2.941482,-7.433409,-3.812928,3.688375,1.834061,-2.280646,-0.367733,2.687853,3.594543
0.038769,2.601047,-2.671767,2.210509,-1.318492,-1.299586,-1.536734,-0.385192,-0.534706,-0.479136,-3.271233,1.129560,-4.744796,0.000000,-0.800218,3.945136,4.727771,-1.619159,0.000000,2.709019,2.252893,-4.061891,-4.136551,2.770795,2.320424,-0.840324,-1.390879,1.994750,-0.830075
-0.107957,2.092314,-1.268268,2.468583,-1.386809,-1.173970,-1.646932,-0.068406,-0.986072,-0.355179,-2.243599,6.001270,-4.761474,0.000000,-1.053761,5.041211,3.121212,-1.525968,0.000000,7.970380,1.779529,-2.971270,-4.344827,2.307582,3.543195,-0.572339,-1.845287,2.119453,-1.591827
-0.401409,1.074849,1.538731,2.984732,-1.523445,-0.922737,-1.867327,0.565166,-1.888804,-0.107267,-0.188330,15.744690,-4.794831,0.000000,-1.560847,7.233360,-0.091905,-1.339585,0.000000,18.493102,0.832801,-0.790026,-4.761379,1.381157,5.988739,-0.036369,-2.754101,2.368859,-3.115332
-0.712714,1.128651,-2.021790,2.490764,-1.496831,0.536429,-1.951189,0.785056,-1.417397,0.034423,0.199482,7.150023,-7.496552,0.362942,-1.269458,2.411120,2.028099,-1.014831,0.000000,8.326945,1.279318,-1.004587,-6.226125,1.300392,3.170659,-0.334849,-3.299357,0.927600,-3.647596
-0.868367,1.155553,-3.802051,2.243780,-1.483524,1.266012,-1.993120,0.895001,-1.181694,0.105268,0.393389,2.852690,-8.847413,0.544413,-1.123763,0.000000,3.088101,-0.852453,0.000000,3.243867,1.502577,-1.111868,-6.958498,1.260009,1.761619,-0.484089,-3.571985,0.206970,-3.913727
-2.199453,-0.795951,-1.308396,2.366806,-0.997002,1.514436,-2.318919,1.042762,-1.307149,-0.415260,3.864346,1.222571,-7.305973,1.004010,-2.316087,0.000000,2.030265,-1.026392,0.000000,2.337334,0.799584,-0.247852,-3.377388,-0.327532,0.282151,-0.037217,-2.136046,0.539761,-4.355274
-1.905584,-0.825562,-0.903275,2.226753,-0.783176,1.232038,-1.932650,1.049305,-1.137854,-0.381937,3.848802,0.831901,-6.286902,0.831857,-2.461583,0.000000,1.535934,-0.798787,0.000000,2.102718,0.546430,-0.239863,-2.765007,-0.448740,0.176013,-0.027949,-1.839435,0.373375,-3.704007
-1.317846,-0.884784,-0.093034,1.946645,-0.355523,0.667240,-1.160112,1.062392,-0.799266,-0.315292,3.817713,0.050560,-4.248762,0.487552,-2.752574,0.000000,0.547273,-0.343578,0.000000,1.633487,0.040122,-0.223884,-1.540244,-0.691157,-0.036262,-0.009415,-1.246213,0.040605,-2.401472
-1.250492,-1.452934,1.821890,1.239014,-0.261124,-0.312051,-1.031358,1.302580,-0.087582,-0.020103,4.039350,-0.573956,-4.555736,0.393260,-2.611655,0.000000,-0.845858,-0.137504,0.000000,2.265627,1.638337,-1.897060,0.131519,-0.994357,-1.022876,-0.197063,-0.717941,-0.393891,-2.808042
-1.216815,-1.737009,2.779351,0.885199,-0.213924,-0.801696,-0.966982,1.422675,0.268259,0.127491,4.150168,-0.886214,-4.709222,0.346114,-2.541196,0.000000,-1.542423,-0.034467,0.000000,2.581698,2.437445,-2.733648,0.967400,-1.145958,-1.516183,-0.290887,-0.453805,-0.611140,-3.011328
0.017967,-0.560852,-1.163977,0.733366,-0.041884,1.377374,-0.431764,0.643589,0.234481,-0.313858,2.611964,0.226614,-1.415584,0.171200,-1.612479,0.000000,0.921238,0.011211,0.000000,0.527701,0.120435,2.148191,-1.691581,-0.082596,0.273280,0.709918,-0.243737,0.442386,-0.815248
-0.023037,-0.719826,-0.621754,0.596901,-0.058434,0.670283,-0.371576,0.701673,0.153170,-0.234337,2.476577,0.160851,-1.275916,0.138758,-1.440468,0.000000,0.481154,0.003823,0.000000,0.512429,0.283049,1.316914,-0.839531,-0.182763,-0.095520,0.337772,0.003895,0.276336,-0.980833
-0.105044,-1.037775,0.462690,0.323970,-0.091535,-0.743900,-0.251200,0.817841,-0.009450,-0.075295,2.205802,0.029325,-0.996580,0.073873,-1.096445,0.000000,-0.399013,-0.010953,0.000000,0.481886,0.608279,-0.345642,0.864569,-0.383096,-0.833119,-0.406519,0.499159,-0.055763,-1.312001
0.064281,-0.889895,0.187448,0.358235,-0.019258,-0.446788,0.016218,0.601668,0.039964,-0.318811,1.732019,0.138556,-0.673056,0.199222,-0.779654,0.000000,-0.580205,-0.003821,0.000000,0.303334,0.705205,-0.264741,0.383114,-0.246695,-0.836693,-0.340312,0.262150,0.144908,-1.000133
0.148943,-0.815955,0.049827,0.375368,0.016880,-0.298232,0.149927,0.493581,0.064671,-0.440569,1.495128,0.193172,-0.511293,0.261896,-0.621259,0.000000,-0.670801,-0.000255,0.000000,0.214058,0.753669,-0.224291,0.142386,-0.178494,-0.838480,-0.307208,0.143645,0.245243,-0.844198
0.167268,-0.685853,0.075898,-0.027902,0.181750,-0.409081,0.098490,0.615002,0.133915,-0.341399,1.024879,0.341730,0.004635,0.189646,-0.457510,0.000000,-1.196716,-0.000003,0.000000,-0.002936,0.918156,-0.284388,-0.166378,0.106825,-0.871017,-0.512785,-0.056111,0.517902,-0.717988
0.048928,-0.767111,0.152047,-0.053608,0.138804,-0.431728,0.058365,0.644537,0.088253,-0.287571,1.017281,0.344562,0.088546,0.170655,-0.477154,0.000000,-1.426192,-0.000002,0.000000,-0.054588,0.957499,-0.373343,-0.342393,0.199708,-0.939263,-0.560709,-0.115731,0.542463,-0.689883
-0.187753,-0.929625,0.304344,-0.105021,0.052911,-0.477022,-0.021884,0.703607,-0.003072,-0.179915,1.002084,0.350227,0.256369,0.132671,-0.516441,0.000000,-1.885144,0.000000,0.000000,-0.157893,1.036184,-0.551254,-0.694422,0.385473,-1.075754,-0.656558,-0.234971,0.591584,-0.633674
-0.226501,-1.037793,0.829635,-0.110480,0.023611,-0.931286,0.013532,0.771772,-0.101206,-0.135324,1.060022,0.397637,0.510170,0.079542,-0.367066,0.000000,-3.224558,0.000000,0.000000,-0.311918,1.425154,-1.508457,-1.434118,0.747123,-1.420618,-0.775456,-0.466755,0.994245,-1.025008
-0.245875,-1.091877,1.092281,-0.113209,0.008960,-1.158418,0.031240,0.805854,-0.150273,-0.113028,1.088991,0.421343,0.637071,0.052977,-0.292379,0.000000,-3.894265,0.000000,0.000000,-0.388931,1.619639,-1.987059,-1.803966,0.927948,-1.593051,-0.834906,-0.582646,1.195575,-1.220675
-0.220819,-0.622110,0.005289,-0.016803,0.300025,0.086786,-0.228095,0.549372,0.068767,-0.156806,0.841967,0.810925,1.571760,-0.080541,-0.396681,0.000000,-4.040158,0.000000,0.000000,-1.044692,0.533059,0.602698,-4.256529,1.795721,-1.343369,-0.118214,-0.880081,1.632525,-0.863360
-0.347669,-0.791036,0.688033,-0.020736,0.279298,-0.770573,-0.295154,0.707604,0.056539,-0.064709,0.931602,1.221907,2.536592,-0.158565,-0.460628,0.000000,-6.236764,0.000000,0.000000,-0.922928,0.345347,-0.470523,-5.361328,2.152033,-1.817541,-0.166207,-0.624480,2.174042,-1.469378
-0.601369,-1.128890,2.053520,-0.028603,0.237846,-2.485291,-0.429273,1.024067,0.032083,0.119483,1.110871,2.043872,4.466257,-0.314612,-0.588521,0.000000,-10.629977,0.000000,0.000000,-0.679400,-0.030077,-2.616966,-7.570926,2.864656,-2.765883,-0.262193,-0.113278,3.257078,-2.681413
-0.886440,-1.005496,1.404393,-0.098165,0.391627,-1.482462,-0.610997,0.741560,1.908193,0.057926,1.257570,2.835189,4.724011,-0.246794,-0.670150,-3.614545,-10.101446,0.000000,0.000000,0.512583,-1.318796,-2.669633,-6.001400,1.484424,-1.718778,0.092065,-0.281542,2.645652,-2.379399
-1.028976,-0.943800,1.079829,-0.132946,0.468518,-0.981048,-0.701859,0.600307,2.846248,0.027148,1.330919,3.230848,4.852889,-0.212885,-0.710964,-5.421817,-9.837180,0.000000,0.000000,1.108575,-1.963155,-2.695967,-5.216637,0.794308,-1.195225,0.269194,-0.365674,2.339939,-2.228392
-1.378884,-0.908189,0.435459,-0.551741,0.377033,-0.244509,-0.926076,0.353002,5.484194,-0.034676,0.865710,2.185248,3.581457,-0.023562,-0.519222,-7.813833,-8.661057,0.000000,-0.003025,0.099453,-1.613510,0.092189,-0.731298,-3.687807,3.479012,0.053805,-0.645298,1.679882,-2.394084
-1.711187,-1.205900,1.096799,-1.127352,0.403114,2.908608,-1.123504,0.366386,2.301058,0.139613,0.613889,-6.778693,4.968822,-0.094459,-0.269322,-15.092219,-9.726870,0.000000,-0.001008,-13.110527,0.126575,-1.411983,-1.290283,-1.317683,3.955359,0.675160,0.175207,-0.514051,-0.608233
-2.375792,-1.801322,2.419480,-2.278572,0.455276,9.214842,-1.518362,0.393156,-4.065212,0.488191,0.110246,-24.706574,7.743552,-0.236253,0.230477,-29.648992,-11.858497,0.000000,0.003025,-39.530486,3.606745,-4.420327,-2.408252,3.422563,4.908054,1.917871,1.816217,-4.901918,2.963471
-0.495173,-0.830271,-4.026893,-1.775030,0.634691,6.799382,-0.641115,0.450983,2.417291,-0.064402,-0.464271,-5.592241,6.378520,0.013428,0.025734,-20.666003,-3.325973,0.000000,0.001008,-15.638375,1.202248,5.530952,7.140305,1.021160,4.652552,3.183812,4.760296,-1.816348,4.606659
0.445136,-0.344746,-7.250080,-1.523259,0.724398,5.591651,-0.202492,0.479896,5.658543,-0.340698,-0.751530,3.964926,5.696003,0.138268,-0.076638,-16.174509,0.940289,0.000000,0.000000,-3.692320,0.000000,10.506591,11.914583,-0.179542,4.524801,3.816783,6.232336,-0.273564,5.428253
-2.048882,-0.523978,-14.226698,-0.903686,0.251840,-1.547101,-1.726625,0.619684,-0.403622,1.021489,0.290895,9.886084,19.520674,0.013313,-1.283364,-12.223212,13.680432,0.000000,-0.001357,0.309749,0.000000,12.019119,12.004322,-2.467700,-0.013703,3.521997,7.082126,-4.162896,10.735731
-1.794550,-0.836027,-8.585512,-1.112698,0.330933,-5.493076,-1.407132,0.960668,-1.043642,1.011380,0.598474,7.194696,22.995730,0.361299,-0.977821,-6.543487,17.974886,0.000000,-0.000452,1.695299,-7.103335,10.136258,12.953580,-2.071796,-1.389058,2.469580,5.169110,-4.531569,7.313766
-1.285887,-1.460123,2.696859,-1.530722,0.489119,-13.385026,-0.768148,1.642635,-2.323680,0.991162,1.213632,1.811920,29.945842,1.057271,-0.366737,4.815963,26.563795,0.000000,0.001357,4.466399,-21.310006,6.370535,14.852096,-1.279988,-4.139768,0.364745,1.343077,-5.268917,0.469836
-0.514610,-0.593529,6.216770,-0.218018,1.100760,-4.670320,-0.820240,0.627834,0.941767,0.086802,0.987060,-3.536378,16.798198,0.445374,-0.594858,5.271205,14.050482,0.000000,-0.251769,-1.845744,-14.830323,7.408594,8.778446,-0.519641,-8.104616,1.490606,-1.657656,-3.930910,2.721842
-0.128971,-0.160232,7.976725,0.438334,1.406581,-0.312967,-0.846286,0.120434,2.574490,-0.365378,0.873774,-6.210526,10.224376,0.139425,-0.708919,5.498826,7.793825,0.000000,-0.378332,-5.001816,-11.590482,7.927623,5.741621,-0.139468,-10.087040,2.053536,-3.158022,-3.261906,3.847844
-0.225763,-0.501512,4.839429,0.108250,0.605927,0.509289,-0.361857,0.520756,0.385902,0.108383,0.473596,-2.378875,2.132792,0.009545,-0.259117,3.039988,3.345219,0.000000,0.039965,-5.351569,-3.368776,2.701194,2.645985,-0.064033,-1.440176,0.521766,0.502881,-1.490764,1.400415
-0.092573,-0.326511,3.569197,0.206604,0.585383,0.396097,-0.308432,0.401110,0.263281,-0.082005,0.357910,-1.899040,1.257268,0.046877,-0.240309,2.472966,2.239062,0.000001,0.012119,-4.260025,-2.308866,1.948755,1.971385,0.203899,-1.218404,0.496867,0.486512,-1.288629,1.311575
0.173807,0.023493,1.028734,0.403311,0.544295,0.169714,-0.201582,0.161817,0.018041,-0.462781,0.126539,-0.939370,-0.493780,0.121542,-0.202691,1.338924,0.026749,0.000002,-0.043572,-2.076937,-0.189047,0.443877,0.622187,0.739764,-0.774859,0.447069,0.453773,-0.884361,1.133896
0.304408,0.136760,0.753020,0.814731,0.359699,0.145664,0.213719,-0.056237,-0.148659,-0.749167,0.140232,-1.080794,-1.072165,0.335572,-0.276558,1.604371,-0.620485,0.009256,-0.150042,-1.814670,-0.123024,0.016235,-0.017745,0.914003,-0.728453,0.297919,0.201538,-0.446635,0.459317
0.369709,0.193394,0.615164,1.020441,0.267400,0.133639,0.421370,-0.165263,-0.232009,-0.892360,0.147078,-1.151506,-1.361357,0.442588,-0.313491,1.737094,-0.944102,0.013883,-0.203277,-1.683536,-0.090013,-0.197586,-0.337712,1.001122,-0.705250,0.223344,0.075420,-0.227771,0.122028
1.188430,0.807874,0.404943,1.519287,0.087029,0.067501,0.922027,-0.628428,-0.405131,-1.626670,-0.184883,-1.646708,-2.038522,0.539770,-0.338720,2.074803,-1.626139,0.029100,-0.513978,-1.424160,0.083844,-0.637636,-1.127161,1.598464,-1.467085,0.308101,-0.002217,-0.291208,-0.133267
1.502531,0.913639,0.306390,1.553864,-0.000382,0.052450,1.367548,-0.798318,-0.494828,-1.900520,-0.228877,-1.724240,-2.265550,0.647644,-0.366629,2.052318,-1.693166,0.264511,-0.585418,-1.360095,0.185562,-0.641645,-1.231570,1.603827,-1.450711,0.272747,-0.052526,-0.131990,-0.456515
2.130733,1.125169,0.109283,1.623019,-0.175204,0.022349,2.258588,-1.138098,-0.674222,-2.448220,-0.316865,-1.879303,-2.719606,0.863394,-0.422446,2.007346,-1.827219,0.735334,-0.728300,-1.231965,0.388999,-0.649663,-1.440389,1.614554,-1.417965,0.202040,-0.153145,0.186447,-1.103010
3.130585,1.479468,0.109082,1.603160,-0.216392,0.021227,2.813329,-1.701580,-0.885657,-3.480780,-0.389581,-2.156809,-3.262024,1.299676,-0.498635,1.759598,-1.581921,0.639239,-0.889925,-1.335191,0.880464,-0.502523,-1.231856,1.661622,-1.280186,0.306495,-0.054955,-0.035605,-0.873539
3.630511,1.656618,0.108982,1.593230,-0.236986,0.020666,3.090699,-1.983321,-0.991375,-3.997060,-0.425938,-2.295562,-3.533233,1.517817,-0.536730,1.635724,-1.459272,0.591191,-0.970737,-1.386804,1.126197,-0.428953,-1.127590,1.685156,-1.211296,0.358723,-0.005860,-0.146630,-0.758804
4.506369,2.509922,-0.102536,0.735821,0.240487,-0.116369,3.375361,-3.079890,-1.112975,-5.798761,-1.140282,-3.053301,-4.488306,2.915626,-0.442820,0.752415,0.032946,0.169104,-1.220776,-1.629998,1.835647,0.340147,-0.443248,1.810995,-0.488274,0.176889,-0.304928,-0.300065,-1.146946
4.609481,2.788078,-0.118206,0.464582,0.457512,-0.187048,3.375054,-3.332335,-1.239269,-6.198184,-1.410797,-3.154650,-4.347908,3.699252,-0.413734,0.390695,0.551508,0.085930,-1.261461,-1.743662,2.116068,0.457147,-0.422595,1.820682,-0.511331,0.258063,-0.243493,-0.487100,-0.809511
4.815704,3.344389,-0.149547,-0.077897,0.891563,-0.328406,3.374441,-3.837226,-1.491857,-6.997032,-1.951826,-3.357347,-4.067112,5.266505,-0.355563,-0.332744,1.588631,-0.080419,-1.342831,-1.970990,2.676911,0.691148,-0.381289,1.840054,-0.557446,0.420411,-0.120625,-0.861169,-0.134642
4.140832,3.620450,-0.129335,-0.499321,1.464053,-0.462729,3.152564,-3.707015,-1.434608,-6.093574,-2.599475,-3.427897,-3.478686,5.942862,0.291927,-0.986415,2.397833,0.158434,-1.539021,-2.025160,2.741221,0.800031,-0.484936,2.011930,-0.567515,0.438797,-0.050302,-1.448095,0.335857
3.803397,3.758481,-0.119229,-0.710033,1.750299,-0.529891,3.041625,-3.641910,-1.405983,-5.641844,-2.923300,-3.463173,-3.184473,6.281041,0.615672,-1.313251,2.802435,0.277860,-1.637115,-2.052245,2.773376,0.854473,-0.536760,2.097868,-0.572550,0.447990,-0.015141,-1.741557,0.571106
2.049640,4.066738,0.003468,-1.340162,2.288094,-0.651469,2.753375,-2.974023,-0.903451,-1.840103,-4.131814,-2.676171,-1.482545,2.751113,1.654052,-2.082927,2.982513,0.714656,-1.086317,-1.599745,1.816913,-0.042526,-0.953425,0.686107,0.179235,-0.114095,-0.209864,-1.526756,0.601012
1.515008,4.126590,0.027359,-1.972196,2.418579,-0.620243,2.406059,-2.759314,-0.808859,-0.414197,-4.566317,-2.150763,-0.787572,1.074397,2.017260,-2.333504,2.876681,0.916232,-0.644554,-1.335098,1.508150,-0.626754,-1.529426,0.090000,0.391121,-0.226308,-0.210179,-1.217811,0.563898
0.445742,4.246294,0.075142,-3.236264,2.679548,-0.557791,1.711427,-2.329896,-0.619675,2.437615,-5.435321,-1.099947,0.602372,-2.279034,2.743675,-2.834658,2.665019,1.319385,0.238971,-0.805804,0.890622,-1.795210,-2.681428,-1.102215,0.814893,-0.450733,-0.210808,-0.599921,0.489669
-0.218502,3.766036,0.194902,-4.358082,2.535070,-0.577410,1.327953,-1.579935,-0.562123,3.871893,-5.678800,-0.265253,1.179404,-4.170910,3.778461,-2.824559,2.127608,1.618822,0.935558,-1.127600,1.203512,-2.607719,-3.683596,-0.757867,0.404587,-0.599298,-0.366568,-1.573981,1.173373
-0.550624,3.525907,0.254782,-4.918991,2.462831,-0.587219,1.136216,-1.204955,-0.533347,4.589033,-5.800540,0.152094,1.467919,-5.116848,4.295855,-2.819510,1.858902,1.768540,1.283852,-1.288498,1.359957,-3.013973,-4.184681,-0.585693,0.199433,-0.673581,-0.444449,-2.061012,1.515225
-0.511488,2.460017,0.464918,-5.968028,2.707416,0.123457,0.928810,0.268039,-1.652582,1.951690,-6.041585,3.435276,5.092789,-2.293158,4.445141,-1.286080,-1.761893,0.690502,1.654232,-0.495922,-0.656201,-7.007235,-9.288583,1.218957,0.292601,-0.614948,-0.719508,-2.339296,1.607555
0.168025,2.250473,0.425603,-5.516375,2.706851,0.212037,1.042368,0.516400,-1.853328,0.243801,-6.039131,4.221157,5.681215,-1.288516,4.485945,-0.662567,-2.165624,0.565926,1.582591,-0.078605,-1.122268,-7.230271,-9.316402,1.064701,0.383095,-0.888328,-1.097373,-1.948485,0.891518
1.527052,1.831387,0.346975,-4.613069,2.705720,0.389197,1.269485,1.013124,-2.254821,-3.171975,-6.034223,5.792919,6.858067,0.720768,4.567553,0.584458,-2.973087,0.316774,1.439309,0.756027,-2.054402,-7.676343,-9.372040,0.756191,0.564082,-1.435089,-1.853104,-1.166863,-0.540555
2.021554,1.380924,0.300119,-4.409609,2.491716,0.227559,-0.015051,1.964355,-1.649272,-5.523778,-5.359167,7.102162,7.091160,1.254402,4.982747,1.309300,-2.655092,-0.118146,1.530190,2.103600,-3.261074,-7.766740,-7.428367,-0.964938,0.773024,-1.449796,-1.545287,-1.399959,-0.099501
2.268806,1.155693,0.276691,-4.307880,2.384714,0.146740,-0.657319,2.439970,-1.346498,-6.699679,-5.021640,7.756784,7.207707,1.521219,5.190344,1.671721,-2.496094,-0.335607,1.575631,2.777386,-3.864411,-7.811939,-6.456530,-1.825502,0.877496,-1.457149,-1.391379,-1.516507,0.121026
2.760378,1.126069,-0.132700,-2.230324,1.493152,0.388413,-1.004932,1.056575,-0.827279,-6.973500,-3.101905,5.678353,4.826324,2.095489,2.479790,1.505974,-1.952233,-0.545431,0.228575,2.753922,-2.852875,-4.188960,-3.660872,-0.857630,0.483774,-0.916329,-0.994613,1.257192,-1.308266
2.708391,1.057457,-0.149954,-1.973532,1.389757,0.393568,-1.327269,0.858418,-0.645584,-6.442285,-2.668514,5.332459,4.516249,2.267328,1.822836,1.119154,-1.456150,-0.554104,0.015007,2.522986,-2.680158,-3.629059,-2.977762,-0.902081,0.622959,-0.824082,-0.899607,1.207797,-1.393937
2.604418,0.920235,-0.184463,-1.459948,1.182967,0.403878,-1.971943,0.462105,-0.282194,-5.379856,-1.801733,4.640670,3.896100,2.611007,0.508926,0.345516,-0.463983,-0.571450,-0.412128,2.061114,-2.334724,-2.509257,-1.611541,-0.990981,0.901328,-0.639587,-0.709594,1.109007,-1.565278
2.075739,0.600722,-0.148562,-0.733617,0.856716,0.263959,-1.571177,0.057587,-0.259381,-4.052420,-1.093403,3.449528,2.786392,1.829821,-0.214931,0.125982,-0.034790,-0.208289,-0.547071,1.437270,-1.582046,-1.978627,-1.308454,-0.729508,1.381449,-0.210793,-0.349244,0.159126,-0.053910
1.811400,0.440966,-0.130611,-0.370451,0.693591,0.194000,-1.370794,-0.144672,-0.247975,-3.388702,-0.739238,2.853956,2.231538,1.439228,-0.576860,0.016216,0.179806,-0.026708,-0.614543,1.125348,-1.205707,-1.713312,-1.156910,-0.598771,1.621510,0.003604,-0.169069,-0.315814,0.701774
1.043392,0.177008,-0.096293,0.125516,0.438606,0.069098,-0.407584,-0.026624,-0.202259,-1.622947,-0.391817,1.338226,1.134202,-0.275303,-1.340418,-0.040617,0.140580,0.400848,-0.551587,0.644523,-0.659530,-0.614648,-0.289078,-0.594036,1.575411,0.025866,-0.050417,0.067078,-0.050296
0.944177,0.143015,-0.088784,0.170612,0.342918,0.034608,-0.296706,-0.124577,-0.126038,-1.488057,-0.336410,1.128451,0.955601,-0.365922,-1.232904,0.010499,0.118846,0.414979,-0.503216,0.544870,-0.602365,-0.579487,-0.277843,-0.609412,1.413600,0.004599,-0.038061,0.179842,0.017552
0.745747,0.075028,-0.073767,0.260805,0.151541,-0.034372,-0.074950,-0.320482,0.026405,-1.218275,-0.225597,0.708902,0.598397,-0.547160,-1.017877,0.112731,0.075377,0.443240,-0.406475,0.345564,-0.488036,-0.509164,-0.255373,-0.640166,1.089979,-0.037935,-0.013349,0.405371,0.153248
0.585011,0.064587,-0.056759,0.329579,0.052336,-0.072689,0.201363,-0.404498,0.044138,-0.906379,-0.151992,0.310757,0.256549,-0.818136,-0.880226,0.129854,0.092344,0.422363,-0.322115,0.228417,-0.370449,-0.284591,-0.124224,-0.227499,0.609777,0.003254,0.026084,0.136102,0.293926
0.504643,0.059367,-0.048255,0.363965,0.002734,-0.091848,0.339519,-0.446506,0.053005,-0.750430,-0.115190,0.111684,0.085625,-0.953623,-0.811400,0.138415,0.100828,0.411924,-0.279935,0.169843,-0.311656,-0.172305,-0.058649,-0.021165,0.369675,0.023849,0.045801,0.001467,0.364265
0.396682,0.095484,-0.014482,0.248521,-0.055529,-0.084699,0.234040,-0.469764,0.071210,-0.537655,-0.025817,-0.099319,-0.125197,-0.643130,-0.636912,0.166043,0.037007,0.279467,-0.215426,-0.035277,-0.026154,0.168313,0.180959,-0.029334,-0.002050,-0.079676,-0.038821,0.304494,0.241049
0.317813,0.068412,-0.000925,0.197278,-0.001425,-0.060165,0.090148,-0.390216,0.036477,-0.466265,-0.014278,-0.147193,-0.159796,-0.344046,-0.483036,0.141237,0.057026,0.187106,-0.157378,-0.071587,0.042548,0.236701,0.228980,0.062045,-0.108880,-0.037448,-0.023942,0.250554,0.161066
0.160076,0.014268,0.026189,0.094791,0.106785,-0.011098,-0.197635,-0.231120,-0.032988,-0.323485,0.008799,-0.242942,-0.228994,0.254121,-0.175285,0.091625,0.097064,0.002384,-0.041283,-0.144207,0.179953,0.373477,0.325024,0.244803,-0.322541,0.047008,0.005816,0.142676,0.001101
0.064827,0.060610,0.044866,0.096453,0.033541,-0.028287,0.010264,-0.163880,0.004225,-0.151604,-0.080776,-0.215929,-0.222793,0.152323,0.021425,0.097864,0.125957,0.017324,0.007066,-0.126296,0.162529,0.353850,0.347983,0.182197,-0.189706,-0.076495,-0.048515,0.092475,-0.048390
0.017203,0.083782,0.054205,0.097283,-0.003080,-0.036882,0.114214,-0.130260,0.022832,-0.065663,-0.125564,-0.202423,-0.219693,0.101424,0.119780,0.100983,0.140403,0.024794,0.031240,-0.117340,0.153818,0.344037,0.359462,0.150894,-0.123289,-0.138246,-0.075681,0.067374,-0.073135
-0.047007,-0.056154,0.045133,0.158397,0.065418,-0.022817,-0.150118,0.086082,0.003086,-0.049773,-0.043560,-0.263588,-0.149354,0.565761,0.196624,0.146835,0.005990,-0.061708,-0.050751,-0.124923,0.170436,0.437357,0.401047,0.176729,-0.164190,-0.028213,0.022533,0.066310,0.254503
-0.137785,-0.204073,-0.005322,0.203590,0.012942,-0.031357,-0.197082,0.117394,0.030031,0.004243,0.159909,-0.248988,-0.061902,0.323810,-0.010328,0.157585,-0.001696,-0.063254,-0.040673,0.005375,0.018721,0.363275,0.383855,0.084924,-0.070936,0.019627,0.029607,-0.022038,0.390745
0.000000,0.000000,0.000000,0.000000,0.000000,0.000000,0.000000,0.000000,0.000000,0.000000,0.000000,0.000000,0.000000,0.000000,0.000000,0.000000,0.000000,0.000000,0.000000,0.000000,0.000000,0.000000,0.000000,0.000000,0.000000,0.000000,0.000000,0.000000,0.000000
0.319341,0.499910,0.106232,-0.293975,0.092010,0.048436,0.291010,-0.180017,-0.083921,-0.112276,-0.566847,0.219789,-0.113003,0.160092,0.424232,-0.179085,0.017068,0.066347,0.020517,-0.265971,0.284709,-0.215113,-0.349470,0.098687,-0.115570,-0.115307,-0.043756,0.198734,-0.663228
