joint_0,joint_1,joint_2,joint_3,joint_4,joint_5,joint_6,joint_7,joint_8,joint_9,joint_10,joint_11,joint_12,joint_13,joint_14,joint_15,joint_16,joint_17,joint_18,joint_19,joint_20,joint_21,joint_22,joint_23,joint_24,joint_25,joint_26,joint_27,joint_28
-0.083317,-0.101681,-0.038326,0.014643,-0.025736,0.030825,0.218725,-0.269681,-0.028535,0.180281,0.187334,0.519583,0.479366,-0.204468,-0.121279,0.411097,-0.466934,-0.008962,0.097948,-0.248410,0.243283,0.698420,0.496105,-0.278378,0.399135,-0.050506,-0.017001,-0.429430,0.442265
-0.089720,-0.110873,-0.039063,0.013327,-0.024651,0.031163,0.214813,-0.265723,-0.007334,0.184228,0.199120,0.496990,0.454064,-0.202689,-0.127024,0.415086,-0.473090,-0.007380,0.094500,-0.241863,0.240438,0.719699,0.514022,-0.298835,0.435395,-0.037030,0.002063,-0.481496,0.498418
-0.095671,-0.117788,-0.040170,0.012369,-0.023445,0.031456,0.211554,-0.263273,0.009366,0.188046,0.207094,0.484871,0.439691,-0.200906,-0.129966,0.414425,-0.474367,-0.006508,0.091560,-0.235870,0.237593,0.735812,0.527630,-0.311267,0.460680,-0.026932,0.017018,-0.522154,0.543949
-0.100720,-0.120148,-0.042019,0.012126,-0.021994,0.031659,0.209602,-0.263842,0.017062,0.191608,0.207443,0.493700,0.447177,-0.199116,-0.127301,0.404465,-0.465887,-0.007060,0.089635,-0.230985,0.234744,0.741591,0.532623,-0.307648,0.464011,-0.023591,0.023754,-0.539996,0.568234
-0.105348,-0.121673,-0.043943,0.012036,-0.020521,0.032049,0.207778,-0.264403,0.022588,0.193946,0.206221,0.504143,0.457453,-0.198805,-0.123346,0.395553,-0.458036,-0.008521,0.089146,-0.224945,0.231655,0.749660,0.543450,-0.303205,0.464932,-0.020696,0.030491,-0.558279,0.591954
-0.109765,-0.122780,-0.045906,0.012021,-0.019037,0.032532,0.206019,-0.264961,0.027030,0.195672,0.204213,0.515395,0.469124,-0.199233,-0.118745,0.387165,-0.450501,-0.010439,0.089373,-0.218327,0.228446,0.758873,0.557195,-0.298350,0.464646,-0.018026,0.037230,-0.576783,0.615393
-0.109414,-0.120802,-0.047200,0.012250,-0.016974,0.032758,0.207136,-0.264320,0.028371,0.192636,0.199425,0.526159,0.481442,-0.200287,-0.115407,0.378828,-0.441989,-0.013090,0.090842,-0.207304,0.223095,0.777190,0.583165,-0.291137,0.452769,-0.017880,0.040367,-0.584279,0.625149
-0.108128,-0.117679,-0.047991,0.012308,-0.015159,0.032800,0.208156,-0.264042,0.028676,0.189196,0.193910,0.535053,0.492980,-0.201133,-0.111907,0.371543,-0.434254,-0.016008,0.092006,-0.194043,0.216557,0.800134,0.614055,-0.284538,0.438022,-0.018742,0.041678,-0.587955,0.629466
-0.104974,-0.112265,-0.047777,0.012023,-0.013839,0.032473,0.208979,-0.264492,0.026912,0.184948,0.186943,0.540205,0.502961,-0.201565,-0.108082,0.366362,-0.428072,-0.019456,0.092562,-0.176306,0.207647,0.832329,0.654784,-0.279169,0.417535,-0.021618,0.039338,-0.583992,0.622903
-0.100457,-0.104032,-0.045894,0.011566,-0.013349,0.031264,0.209971,-0.266648,0.023799,0.181134,0.177490,0.538854,0.509879,-0.203373,-0.105232,0.367257,-0.427595,-0.023324,0.092734,-0.150235,0.192639,0.879146,0.708913,-0.273642,0.395089,-0.023977,0.034929,-0.572358,0.605302
-0.095259,-0.094389,-0.043176,0.011025,-0.013273,0.029614,0.211049,-0.269656,0.020013,0.177536,0.166794,0.534251,0.515266,-0.205868,-0.102869,0.371191,-0.429970,-0.027402,0.092716,-0.119997,0.174582,0.933275,0.769742,-0.268038,0.371665,-0.026078,0.029487,-0.556889,0.582183
-0.087378,-0.077171,-0.038094,0.008285,-0.013896,0.024163,0.206162,-0.271316,0.020692,0.181329,0.154313,0.485320,0.491390,-0.209145,-0.106253,0.397585,-0.446231,-0.031060,0.091058,-0.066960,0.129090,1.044141,0.893655,-0.263063,0.350179,-0.038485,0.015263,-0.471072,0.509812
-0.077663,-0.059400,-0.032141,0.005335,-0.014658,0.019135,0.202053,-0.269786,0.018057,0.185579,0.143969,0.428735,0.455627,-0.211803,-0.110424,0.446658,-0.484379,-0.036485,0.090639,0.000534,0.067437,1.163821,1.034172,-0.278624,0.338850,-0.046565,0.003635,-0.363206,0.413738
-0.064280,-0.040522,-0.024442,0.001964,-0.015696,0.014953,0.199499,-0.261877,0.008792,0.190744,0.137900,0.356838,0.396090,-0.213224,-0.116169,0.541089,-0.566302,-0.045441,0.092698,0.096941,-0.026538,1.301127,1.207901,-0.335256,0.347834,-0.045992,-0.002804,-0.211245,0.270260
-0.050930,-0.020813,-0.017859,0.000353,-0.020351,0.012526,0.204504,-0.265259,0.004260,0.201122,0.134595,0.264110,0.307248,-0.209970,-0.119875,0.671192,-0.684295,-0.051429,0.099144,0.172400,-0.096778,1.392441,1.323609,-0.388247,0.364360,-0.044560,-0.010545,-0.088029,0.146942
-0.037597,-0.000689,-0.011834,-0.000378,-0.026814,0.010976,0.213287,-0.274288,0.002095,0.214107,0.132673,0.160968,0.203752,-0.204377,-0.122562,0.819130,-0.820322,-0.055933,0.107785,0.237385,-0.155150,1.460758,1.410308,-0.439417,0.384657,-0.042699,-0.018936,0.020816,0.033703
-0.018151,0.020250,-0.008587,0.000915,-0.034972,0.008167,0.229766,-0.285669,-0.005358,0.222218,0.138365,-0.003446,0.032057,-0.212138,-0.137354,0.950854,-0.955234,-0.049939,0.114448,0.168433,-0.097119,1.431415,1.409216,-0.413288,0.372276,-0.073256,-0.052806,0.110564,-0.055500
0.001522,0.037789,-0.005135,0.002187,-0.041435,0.006070,0.247610,-0.293702,-0.010653,0.225135,0.144623,-0.193314,-0.164285,-0.220543,-0.152401,1.056233,-1.067702,-0.043831,0.119366,0.061055,-0.000491,1.390649,1.389858,-0.376327,0.350014,-0.105567,-0.088149,0.189163,-0.132355
0.021651,0.048527,-0.001271,0.003419,-0.044508,0.005397,0.268185,-0.295038,-0.011630,0.217663,0.152015,-0.434094,-0.409923,-0.230235,-0.167958,1.108919,-1.135282,-0.037496,0.120795,-0.123174,0.173332,1.327039,1.333971,-0.317706,0.307989,-0.141385,-0.126437,0.245466,-0.184512
0.038570,0.053876,0.004539,0.005808,-0.047033,0.003706,0.288321,-0.292670,-0.014696,0.209206,0.161300,-0.659430,-0.636444,-0.235280,-0.177687,1.098139,-1.144706,-0.032917,0.122333,-0.328311,0.380762,1.221027,1.222508,-0.251348,0.248234,-0.179443,-0.161530,0.274943,-0.202132
0.053885,0.056530,0.011322,0.008777,-0.049284,0.001506,0.308237,-0.288450,-0.018806,0.200258,0.171532,-0.877044,-0.853406,-0.238001,-0.184502,1.055627,-1.125051,-0.029217,0.123925,-0.543901,0.604995,1.093815,1.083257,-0.181121,0.179613,-0.218620,-0.195026,0.291008,-0.202484
0.050983,0.042987,0.006834,0.014958,-0.050122,0.001608,0.321043,-0.288376,-0.017826,0.202788,0.186197,-1.030625,-1.013887,-0.234061,-0.176993,0.982694,-1.066639,-0.020600,0.126344,-0.712950,0.780017,0.903587,0.867888,-0.160755,0.157318,-0.255171,-0.227789,0.230865,-0.162447
0.043343,0.026274,0.000946,0.020683,-0.049657,0.001534,0.330302,-0.287046,-0.018346,0.208427,0.200405,-1.162825,-1.151137,-0.228753,-0.168723,0.910405,-1.008992,-0.013192,0.127838,-0.854627,0.928262,0.727941,0.658443,-0.153836,0.142448,-0.283773,-0.251793,0.174096,-0.123330
0.026226,0.003223,-0.007744,0.025497,-0.046586,0.001111,0.332472,-0.283203,-0.021867,0.220285,0.213702,-1.252267,-1.241926,-0.220712,-0.158928,0.839404,-0.952878,-0.008204,0.127483,-0.941563,1.022954,0.581461,0.460845,-0.173813,0.142431,-0.296478,-0.258282,0.124078,-0.086052
0.008557,-0.014069,-0.012515,0.026070,-0.042733,0.001686,0.319371,-0.276093,-0.025417,0.233768,0.224391,-1.314540,-1.309127,-0.218500,-0.153143,0.774844,-0.904315,-0.005837,0.128137,-0.995330,1.082752,0.482887,0.317367,-0.173657,0.132036,-0.302272,-0.261846,0.087174,-0.052651
-0.009389,-0.028482,-0.015328,0.024522,-0.038489,0.002761,0.298635,-0.267349,-0.028980,0.248065,0.233776,-1.363230,-1.364533,-0.219203,-0.149364,0.713504,-0.859528,-0.004781,0.129296,-1.032513,1.125103,0.408265,0.200950,-0.163435,0.116452,-0.304610,-0.263947,0.056826,-0.021188
-0.018284,-0.033838,-0.017026,0.020279,-0.035252,0.004759,0.288208,-0.262335,-0.023001,0.254942,0.237772,-1.389905,-1.386187,-0.219103,-0.147521,0.681897,-0.845563,-0.005443,0.131757,-1.033930,1.133746,0.361445,0.129217,-0.172563,0.132839,-0.305092,-0.263105,0.049671,-0.010152
-0.025592,-0.037876,-0.017690,0.016679,-0.032435,0.006637,0.279603,-0.257801,-0.019532,0.260423,0.240719,-1.411020,-1.401420,-0.218601,-0.146021,0.656245,-0.833881,-0.006223,0.133877,-1.036414,1.141060,0.316489,0.064176,-0.180147,0.150256,-0.305954,-0.262744,0.042480,0.000767
-0.029726,-0.039280,-0.016290,0.014367,-0.030457,0.008273,0.274643,-0.254227,-0.021087,0.263110,0.241566,-1.421013,-1.403813,-0.217297,-0.145203,0.642503,-0.826766,-0.007239,0.135317,-1.041033,1.145715,0.275262,0.012520,-0.184639,0.169733,-0.307577,-0.263345,0.035217,0.011454
-0.030527,-0.037948,-0.013896,0.012047,-0.029154,0.009070,0.269757,-0.252719,-0.021887,0.261961,0.240012,-1.426337,-1.402855,-0.216468,-0.144178,0.636966,-0.825697,-0.008619,0.137112,-1.041883,1.145828,0.235437,-0.032344,-0.194462,0.190546,-0.308973,-0.262275,0.029516,0.022823
-0.029662,-0.035248,-0.011006,0.009722,-0.028190,0.009449,0.264909,-0.252243,-0.022310,0.258895,0.237256,-1.429327,-1.400220,-0.215877,-0.143051,0.635532,-0.827650,-0.010181,0.139084,-1.040849,1.143672,0.196314,-0.073812,-0.206950,0.212028,-0.310256,-0.260370,0.024596,0.034535
-0.027021,-0.031634,-0.008080,0.008612,-0.028200,0.009418,0.262845,-0.252859,-0.022583,0.255196,0.235247,-1.427675,-1.395160,-0.214949,-0.142863,0.639744,-0.832268,-0.010687,0.139972,-1.038091,1.139240,0.162529,-0.106150,-0.221090,0.229869,-0.309421,-0.257218,0.019037,0.045179
-0.024373,-0.027640,-0.005466,0.007776,-0.027972,0.009441,0.260578,-0.253498,-0.023105,0.251586,0.232544,-1.424648,-1.389078,-0.213975,-0.142679,0.645225,-0.837938,-0.011176,0.140525,-1.035194,1.134847,0.131389,-0.135864,-0.236618,0.246627,-0.307840,-0.253572,0.013111,0.054645
-0.021708,-0.022887,-0.003480,0.007490,-0.027267,0.009570,0.257904,-0.254185,-0.024124,0.248155,0.228454,-1.418871,-1.380949,-0.212906,-0.142500,0.653244,-0.845712,-0.011629,0.140405,-1.032020,1.130532,0.105541,-0.160331,-0.254923,0.261216,-0.304765,-0.248939,0.006450,0.061754
-0.019087,-0.019590,-0.001604,0.007043,-0.027208,0.009946,0.255960,-0.254672,-0.025283,0.243589,0.225592,-1.412485,-1.370989,-0.212016,-0.142301,0.663753,-0.853853,-0.012268,0.140870,-1.029117,1.126058,0.084565,-0.179793,-0.272520,0.277479,-0.301162,-0.244115,0.000479,0.066663
-0.016487,-0.017020,0.000217,0.006514,-0.027473,0.010446,0.254382,-0.255058,-0.026512,0.238456,0.223345,-1.405794,-1.360114,-0.211217,-0.142091,0.675507,-0.862178,-0.013000,0.141628,-1.026350,1.121505,0.066026,-0.196753,-0.289763,0.294578,-0.297295,-0.239197,-0.005146,0.070472
-0.015494,-0.015912,0.001303,0.006698,-0.028516,0.010415,0.253289,-0.255981,-0.027316,0.238164,0.224660,-1.399704,-1.350617,-0.211244,-0.143068,0.685092,-0.868720,-0.013210,0.141755,-1.026123,1.118588,0.054241,-0.205332,-0.301678,0.303934,-0.294264,-0.234981,-0.009160,0.074266
-0.014680,-0.015175,0.002231,0.006713,-0.029451,0.010141,0.252004,-0.256656,-0.028195,0.237822,0.226174,-1.394055,-1.342072,-0.211654,-0.144569,0.692720,-0.873869,-0.013303,0.141715,-1.026233,1.116227,0.044508,-0.211617,-0.311600,0.311549,-0.291728,-0.231468,-0.012191,0.076948
-0.014219,-0.015182,0.002844,0.006394,-0.030174,0.009382,0.250335,-0.256834,-0.029224,0.237383,0.228084,-1.389284,-1.335429,-0.212827,-0.147120,0.696430,-0.876229,-0.013163,0.141342,-1.027014,1.114977,0.038874,-0.213314,-0.317537,0.315679,-0.290183,-0.229363,-0.013257,0.077408
-0.014826,-0.015863,0.003021,0.007060,-0.030818,0.008458,0.249583,-0.256857,-0.030193,0.240081,0.231334,-1.387128,-1.332903,-0.215127,-0.150910,0.695983,-0.875837,-0.012336,0.140015,-1.028458,1.114383,0.036933,-0.210873,-0.318234,0.314039,-0.289533,-0.228770,-0.012846,0.075886
-0.015968,-0.016881,0.002980,0.008219,-0.031422,0.007453,0.249289,-0.256802,-0.031132,0.244348,0.235255,-1.386279,-1.332436,-0.217991,-0.155320,0.693456,-0.874069,-0.011166,0.138212,-1.030234,1.114116,0.036839,-0.206361,-0.316311,0.309514,-0.289331,-0.228932,-0.011696,0.073372
-0.018659,-0.021204,0.002134,0.009924,-0.032936,0.006432,0.251334,-0.258364,-0.030979,0.251828,0.245325,-1.390419,-1.337902,-0.221498,-0.161538,0.686181,-0.868947,-0.008848,0.135319,-1.032683,1.114935,0.041168,-0.198127,-0.310101,0.302092,-0.291059,-0.231150,-0.008103,0.068307
-0.021976,-0.026196,0.001010,0.011679,-0.033997,0.005359,0.253803,-0.258845,-0.030908,0.260290,0.255462,-1.395324,-1.344698,-0.225358,-0.166983,0.678523,-0.864159,-0.006330,0.132816,-1.035504,1.116409,0.046671,-0.190082,-0.302068,0.293164,-0.293011,-0.233777,-0.004626,0.063411
-0.026541,-0.032528,-0.000672,0.013532,-0.034152,0.004183,0.257118,-0.257165,-0.031000,0.270716,0.265732,-1.401760,-1.354155,-0.229923,-0.170885,0.670097,-0.860038,-0.003414,0.131095,-1.039068,1.119196,0.054522,-0.182418,-0.290389,0.281226,-0.295411,-0.237225,-0.001384,0.058854
-0.031318,-0.038602,-0.002576,0.015351,-0.034054,0.003464,0.261157,-0.255869,-0.031061,0.280005,0.273551,-1.408076,-1.363426,-0.233829,-0.173820,0.663563,-0.858027,-0.000998,0.129614,-1.042830,1.122165,0.062165,-0.175140,-0.276823,0.267798,-0.298873,-0.241736,0.002722,0.051374
-0.036200,-0.044546,-0.004590,0.017153,-0.033828,0.002975,0.265557,-0.254763,-0.031106,0.288725,0.280143,-1.414333,-1.372604,-0.237404,-0.176271,0.657974,-0.857072,0.001168,0.128254,-1.046689,1.125225,0.069705,-0.168056,-0.262312,0.253625,-0.302866,-0.246779,0.007261,0.042433
-0.040270,-0.050159,-0.006389,0.018000,-0.033142,0.002705,0.269099,-0.253176,-0.032725,0.293164,0.282822,-1.418932,-1.380173,-0.238633,-0.176246,0.660206,-0.862638,0.002815,0.127073,-1.051949,1.130152,0.076746,-0.161227,-0.240518,0.238389,-0.309038,-0.253920,0.016059,0.031190
-0.043933,-0.054898,-0.008087,0.018707,-0.032685,0.002598,0.272257,-0.252326,-0.034209,0.296334,0.284189,-1.421991,-1.386264,-0.238949,-0.175949,0.666741,-0.871617,0.003898,0.125681,-1.056924,1.134870,0.084491,-0.153175,-0.218362,0.223279,-0.315875,-0.261738,0.025915,0.018838
-0.046780,-0.057886,-0.009580,0.019131,-0.032688,0.002815,0.274647,-0.252952,-0.035422,0.296965,0.282934,-1.421968,-1.389399,-0.237439,-0.175109,0.681882,-0.887425,0.003851,0.123865,-1.061328,1.139170,0.093647,-0.142679,-0.195477,0.208419,-0.324044,-0.270911,0.037890,0.004266
-0.047727,-0.058939,-0.010204,0.019294,-0.033363,0.003545,0.276090,-0.253132,-0.033431,0.294092,0.280063,-1.418593,-1.389758,-0.234500,-0.174693,0.714351,-0.915275,0.003492,0.121714,-1.065437,1.142749,0.104581,-0.128618,-0.175106,0.197911,-0.334094,-0.282327,0.051527,-0.012450
-0.047724,-0.059026,-0.010393,0.019326,-0.034375,0.004532,0.277059,-0.253089,-0.029838,0.289468,0.276385,-1.413543,-1.388730,-0.230844,-0.174489,0.755484,-0.949147,0.002977,0.119395,-1.069397,1.145968,0.116405,-0.112776,-0.155993,0.189579,-0.345086,-0.294865,0.065993,-0.030238
-0.043031,-0.053009,-0.009373,0.018090,-0.037907,0.006602,0.277738,-0.258457,-0.027630,0.279043,0.269437,-1.391187,-1.366682,-0.225594,-0.177868,0.832588,-1.009875,0.001174,0.116005,-1.070907,1.140572,0.131886,-0.081878,-0.141545,0.193104,-0.359733,-0.308415,0.085109,-0.052307
-0.036480,-0.044750,-0.008527,0.016142,-0.042352,0.009884,0.279035,-0.266103,-0.023172,0.266075,0.260997,-1.357799,-1.332917,-0.221157,-0.181917,0.921977,-1.081027,-0.001171,0.114747,-1.063217,1.124065,0.164442,-0.032964,-0.132735,0.210000,-0.373962,-0.324225,0.106974,-0.078771
-0.026214,-0.032007,-0.008030,0.012769,-0.048619,0.015590,0.281566,-0.278304,-0.014212,0.248023,0.249574,-1.302346,-1.275716,-0.218348,-0.187304,1.035939,-1.173026,-0.004599,0.117754,-1.037128,1.085334,0.231151,0.051982,-0.135199,0.253641,-0.387355,-0.344554,0.134337,-0.114025
-0.015047,-0.019652,-0.006720,0.006954,-0.053459,0.018798,0.270718,-0.286078,-0.007044,0.225676,0.239201,-1.199759,-1.179185,-0.219847,-0.192548,1.154749,-1.264824,-0.009083,0.119596,-0.955476,0.999222,0.343943,0.190036,-0.115558,0.250361,-0.392052,-0.363260,0.181234,-0.164171
-0.003430,-0.007489,-0.005003,-0.000081,-0.057585,0.020756,0.253179,-0.291637,-0.000772,0.201181,0.229354,-1.073605,-1.062987,-0.223500,-0.197720,1.275983,-1.356523,-0.014094,0.120855,-0.846043,0.889419,0.479777,0.354645,-0.084865,0.223621,-0.392403,-0.381153,0.237897,-0.221762
0.004283,0.000012,-0.006599,-0.005815,-0.054526,0.022966,0.238050,-0.289034,-0.004325,0.186124,0.219156,-0.811393,-0.817415,-0.228031,-0.200916,1.338192,-1.399219,-0.020947,0.122442,-0.578868,0.635279,0.675709,0.572170,-0.074352,0.171177,-0.353744,-0.351764,0.297305,-0.295165
0.010408,0.007779,-0.008933,-0.011379,-0.050925,0.024663,0.219609,-0.287505,-0.004486,0.176534,0.210618,-0.565716,-0.583913,-0.233707,-0.203216,1.368387,-1.412759,-0.027365,0.123884,-0.321814,0.386700,0.873914,0.797554,-0.097410,0.155074,-0.308832,-0.314409,0.328042,-0.342110
0.013358,0.016079,-0.012741,-0.016601,-0.046239,0.025334,0.194544,-0.288122,0.002139,0.177877,0.205400,-0.353110,-0.374551,-0.241673,-0.203723,1.334554,-1.367985,-0.032914,0.125037,-0.085000,0.149244,1.076667,1.038654,-0.187609,0.211652,-0.251415,-0.261122,0.301437,-0.336137
0.008917,0.015932,-0.016062,-0.016895,-0.043822,0.022759,0.183183,-0.284481,0.014967,0.190108,0.207046,-0.169102,-0.186794,-0.242035,-0.196627,1.267913,-1.290186,-0.037453,0.124625,0.093508,-0.036929,1.207463,1.182239,-0.257953,0.262027,-0.203188,-0.215465,0.253906,-0.303528
0.000782,0.011561,-0.019141,-0.014727,-0.042539,0.018562,0.178672,-0.278711,0.030895,0.207783,0.212124,0.000607,-0.009841,-0.238596,-0.185729,1.184866,-1.195875,-0.041486,0.123431,0.242862,-0.197459,1.302282,1.277067,-0.318370,0.309300,-0.159555,-0.173624,0.195912,-0.257599
-0.009970,0.002921,-0.022718,-0.015032,-0.040695,0.015430,0.176374,-0.273363,0.038469,0.218454,0.211519,0.102948,0.107709,-0.231961,-0.172840,1.051517,-1.054576,-0.042471,0.113140,0.292289,-0.261420,1.361364,1.313470,-0.371787,0.370719,-0.118906,-0.135293,0.134253,-0.188928
-0.020729,-0.007947,-0.027358,-0.015347,-0.037610,0.013756,0.173593,-0.265418,0.042506,0.224793,0.211036,0.188270,0.205136,-0.226365,-0.161831,0.913192,-0.913801,-0.042677,0.102558,0.310052,-0.293652,1.404170,1.336110,-0.410275,0.416395,-0.083397,-0.099038,0.069733,-0.117166
-0.031501,-0.023271,-0.034125,-0.015679,-0.032042,0.014996,0.169848,-0.252275,0.039473,0.222466,0.210796,0.239553,0.262320,-0.222849,-0.154582,0.764915,-0.774072,-0.041327,0.091397,0.264488,-0.262426,1.414425,1.331227,-0.418909,0.430587,-0.058168,-0.066937,-0.000511,-0.039224
-0.039607,-0.035252,-0.040954,-0.014454,-0.026803,0.017631,0.166082,-0.243892,0.036944,0.216046,0.207409,0.275104,0.302610,-0.224338,-0.148553,0.627973,-0.651211,-0.038162,0.087247,0.193300,-0.205121,1.389522,1.296067,-0.396168,0.428130,-0.046789,-0.045334,-0.072696,0.043937
-0.046381,-0.045561,-0.047815,-0.012451,-0.021729,0.020964,0.162307,-0.237889,0.034667,0.207581,0.202448,0.302790,0.334455,-0.228329,-0.143133,0.496698,-0.536784,-0.034091,0.086605,0.109300,-0.134777,1.347039,1.245770,-0.357739,0.417349,-0.042335,-0.028979,-0.145850,0.129706
-0.049692,-0.053040,-0.051955,-0.011830,-0.018767,0.025330,0.161371,-0.237946,0.034813,0.195968,0.195859,0.324510,0.352716,-0.227056,-0.139193,0.412865,-0.459890,-0.029018,0.086913,0.028034,-0.061202,1.276602,1.165512,-0.330378,0.415701,-0.039512,-0.019424,-0.234513,0.220191
-0.052937,-0.059698,-0.054978,-0.011675,-0.016526,0.029332,0.161515,-0.238671,0.033670,0.186482,0.189763,0.341821,0.368321,-0.224223,-0.134923,0.344275,-0.396939,-0.024730,0.087599,-0.043847,0.004865,1.213296,1.093697,-0.309021,0.415322,-0.034529,-0.008906,-0.313776,0.300505
-0.056052,-0.064713,-0.055768,-0.012451,-0.015724,0.032606,0.163821,-0.240730,0.029947,0.181248,0.184651,0.350314,0.378614,-0.218272,-0.129996,0.306169,-0.361877,-0.022012,0.089043,-0.096961,0.055917,1.164252,1.038767,-0.299675,0.417482,-0.025225,0.003539,-0.374237,0.360481
-0.057983,-0.069149,-0.056040,-0.013593,-0.015966,0.034795,0.165820,-0.243438,0.025869,0.176061,0.182859,0.355388,0.385489,-0.212010,-0.126824,0.285860,-0.343021,-0.019332,0.089659,-0.139433,0.095382,1.121382,0.991717,-0.296538,0.423618,-0.019824,0.012519,-0.415178,0.405420
-0.059321,-0.073295,-0.056052,-0.014918,-0.016731,0.036442,0.167664,-0.246469,0.021611,0.170898,0.182727,0.358753,0.390653,-0.205592,-0.124530,0.274447,-0.332268,-0.016670,0.089861,-0.176585,0.129054,1.081598,0.948605,-0.296506,0.431742,-0.016374,0.019767,-0.446358,0.442840
-0.060799,-0.075373,-0.053919,-0.015204,-0.018244,0.036981,0.169596,-0.248635,0.019434,0.171605,0.184876,0.358093,0.388870,-0.203188,-0.124166,0.278750,-0.336155,-0.014458,0.089096,-0.203354,0.154017,1.052742,0.918867,-0.294364,0.435886,-0.013332,0.023526,-0.460723,0.458471
-0.061793,-0.077369,-0.051779,-0.015562,-0.019923,0.037344,0.170696,-0.251288,0.017052,0.171015,0.187287,0.356753,0.386209,-0.199910,-0.124197,0.284983,-0.342048,-0.012403,0.088496,-0.226752,0.175849,1.025224,0.889840,-0.292610,0.438796,-0.011522,0.025769,-0.471145,0.470446
-0.061817,-0.079200,-0.049627,-0.016066,-0.021933,0.037357,0.170134,-0.254919,0.014262,0.167830,0.190222,0.354051,0.381792,-0.194882,-0.125019,0.295079,-0.351955,-0.010664,0.088224,-0.243412,0.191416,1.000384,0.862235,-0.291629,0.439240,-0.012181,0.024981,-0.473678,0.475110
-0.060590,-0.079369,-0.047365,-0.015988,-0.024307,0.036662,0.171505,-0.258016,0.012241,0.167448,0.193359,0.348480,0.374803,-0.194336,-0.125488,0.304703,-0.361738,-0.008779,0.089107,-0.256567,0.203939,0.981985,0.843466,-0.289756,0.435207,-0.013241,0.023794,-0.470867,0.472219
-0.058738,-0.078707,-0.045049,-0.015620,-0.026864,0.035613,0.173843,-0.260848,0.010605,0.168467,0.196597,0.341473,0.366526,-0.196031,-0.125780,0.314091,-0.371459,-0.006821,0.090566,-0.267970,0.214940,0.966808,0.829114,-0.287436,0.428937,-0.014502,0.022406,-0.465384,0.465552
-0.057914,-0.077848,-0.042871,-0.015584,-0.028986,0.034254,0.177237,-0.261437,0.009815,0.169430,0.197152,0.332868,0.357628,-0.195027,-0.124670,0.321425,-0.379618,-0.005225,0.090092,-0.275105,0.222766,0.955264,0.814361,-0.288219,0.426134,-0.017555,0.019109,-0.458793,0.459492
-0.056425,-0.076523,-0.040685,-0.015887,-0.030923,0.032938,0.179140,-0.262263,0.008978,0.168772,0.197176,0.323755,0.348529,-0.194030,-0.124005,0.328253,-0.386901,-0.004138,0.090166,-0.280782,0.229555,0.945167,0.802065,-0.288166,0.423156,-0.021205,0.015607,-0.450680,0.451200
-0.053603,-0.074267,-0.038480,-0.016871,-0.032490,0.031710,0.178062,-0.263562,0.008044,0.164873,0.196137,0.313628,0.339028,-0.193049,-0.124229,0.334069,-0.392430,-0.004068,0.091334,-0.283543,0.234267,0.937963,0.794680,-0.286440,0.419827,-0.026048,0.011695,-0.439520,0.438443
-0.050320,-0.071339,-0.036665,-0.016923,-0.033802,0.030470,0.179633,-0.264735,0.007194,0.162200,0.194301,0.303689,0.328830,-0.192221,-0.122090,0.339420,-0.397456,-0.003611,0.092637,-0.285918,0.238307,0.933086,0.790132,-0.282249,0.413378,-0.030614,0.007621,-0.427715,0.425049
-0.046807,-0.068074,-0.035045,-0.016510,-0.034986,0.029226,0.182527,-0.265847,0.006385,0.160139,0.192067,0.293845,0.318283,-0.191470,-0.118771,0.344539,-0.402229,-0.002961,0.094007,-0.288099,0.242010,0.929370,0.787003,-0.276826,0.405369,-0.035040,0.003467,-0.415587,0.411336
-0.042305,-0.064386,-0.033419,-0.016005,-0.035799,0.027902,0.184766,-0.267469,0.006365,0.155137,0.188779,0.285460,0.308925,-0.188167,-0.117066,0.348349,-0.405744,-0.003602,0.095451,-0.289380,0.246312,0.927435,0.782755,-0.271707,0.397072,-0.037811,0.000195,-0.405885,0.400848
-0.038172,-0.060920,-0.031980,-0.015727,-0.036664,0.026544,0.186439,-0.268956,0.006448,0.151157,0.186113,0.277418,0.299743,-0.185330,-0.115908,0.351748,-0.408653,-0.004364,0.096556,-0.291342,0.251196,0.925645,0.779741,-0.267221,0.388733,-0.040886,-0.002791,-0.395657,0.389954
-0.034777,-0.057897,-0.030914,-0.015904,-0.037631,0.025117,0.186977,-0.270169,0.006738,0.149221,0.184688,0.270063,0.290916,-0.183430,-0.115845,0.354325,-0.410350,-0.005371,0.096983,-0.294667,0.257245,0.924142,0.779193,-0.264000,0.380307,-0.044569,-0.005207,-0.384375,0.378246
-0.030891,-0.054754,-0.030331,-0.015852,-0.038513,0.023769,0.187226,-0.271776,0.007590,0.145254,0.182521,0.263820,0.284601,-0.181140,-0.115137,0.355892,-0.411660,-0.005762,0.097766,-0.297021,0.261597,0.922530,0.774154,-0.264079,0.374758,-0.047048,-0.007595,-0.378188,0.372245
-0.026758,-0.051550,-0.029990,-0.015686,-0.039352,0.022460,0.187331,-0.273580,0.008723,0.140271,0.179984,0.258133,0.279542,-0.178656,-0.114106,0.356953,-0.412778,-0.005845,0.098726,-0.298888,0.265101,0.920863,0.766870,-0.265809,0.370648,-0.048925,-0.009970,-0.374548,0.369098
-0.023083,-0.049589,-0.029594,-0.014725,-0.039970,0.021863,0.187979,-0.274716,0.008716,0.136674,0.181543,0.253015,0.274624,-0.177014,-0.113754,0.357542,-0.414106,-0.006023,0.099365,-0.300228,0.267990,0.921281,0.763494,-0.264487,0.363491,-0.050759,-0.012569,-0.367341,0.361141
-0.019138,-0.047318,-0.029046,-0.014130,-0.040773,0.021106,0.188744,-0.275591,0.008709,0.132911,0.182350,0.247075,0.268878,-0.176655,-0.114604,0.357716,-0.414767,-0.006219,0.100055,-0.301593,0.271173,0.923107,0.762688,-0.264167,0.357053,-0.052599,-0.015053,-0.359530,0.351789
-0.014653,-0.044426,-0.028192,-0.014270,-0.041947,0.020029,0.189744,-0.275945,0.008700,0.128814,0.181655,0.239492,0.261478,-0.178865,-0.117858,0.357062,-0.414094,-0.006452,0.100846,-0.303008,0.274944,0.927748,0.767023,-0.265851,0.352053,-0.054451,-0.017310,-0.350514,0.339649
-0.011650,-0.041810,-0.027481,-0.014403,-0.042907,0.019329,0.189540,-0.276496,0.008503,0.126353,0.181440,0.231101,0.254244,-0.179356,-0.120666,0.356362,-0.413419,-0.006998,0.100359,-0.304146,0.278303,0.932631,0.769652,-0.267848,0.348302,-0.056663,-0.020595,-0.342372,0.328909
-0.009387,-0.039331,-0.026842,-0.014532,-0.043759,0.018819,0.188734,-0.277146,0.008212,0.124711,0.181467,0.222307,0.247094,-0.178989,-0.123251,0.355640,-0.412741,-0.007701,0.099234,-0.305147,0.281455,0.937636,0.771428,-0.270001,0.345174,-0.059054,-0.024396,-0.334667,0.318868
-0.005131,-0.035356,-0.024983,-0.014559,-0.044596,0.018230,0.190108,-0.280064,0.008720,0.121982,0.178544,0.211381,0.236897,-0.182846,-0.125607,0.354702,-0.412577,-0.007311,0.100853,-0.305942,0.287080,0.943817,0.775097,-0.268733,0.335764,-0.060058,-0.027425,-0.326090,0.309190
-0.001209,-0.032290,-0.023262,-0.014355,-0.045765,0.017728,0.191573,-0.282546,0.009626,0.120399,0.178160,0.199681,0.225613,-0.186130,-0.128395,0.353661,-0.412004,-0.006845,0.102009,-0.307527,0.293911,0.947523,0.777359,-0.269457,0.326905,-0.061961,-0.030806,-0.316549,0.299412
0.002042,-0.031040,-0.021816,-0.013690,-0.047596,0.017403,0.193220,-0.284155,0.011329,0.121110,0.182853,0.186436,0.212152,-0.188270,-0.132049,0.352413,-0.410614,-0.006224,0.102242,-0.310689,0.303157,0.946276,0.776809,-0.274165,0.319147,-0.065663,-0.034890,-0.305080,0.289434
0.005281,-0.030114,-0.020700,-0.012723,-0.049193,0.016929,0.195724,-0.287415,0.013248,0.120295,0.186178,0.172872,0.200032,-0.190408,-0.134241,0.351330,-0.409350,-0.004941,0.103134,-0.312355,0.310639,0.943291,0.772402,-0.281044,0.315465,-0.068578,-0.039045,-0.292842,0.277949
0.008512,-0.029352,-0.019751,-0.011606,-0.050673,0.016381,0.198657,-0.291500,0.015276,0.118717,0.188820,0.159149,0.188581,-0.192545,-0.135702,0.350328,-0.408149,-0.003329,0.104356,-0.313273,0.317240,0.939437,0.766068,-0.289008,0.313819,-0.071100,-0.043233,-0.280220,0.265710
0.011955,-0.027034,-0.017931,-0.010507,-0.052704,0.015508,0.204113,-0.293028,0.018415,0.121336,0.191170,0.144301,0.174062,-0.196278,-0.138596,0.349974,-0.405886,-0.002050,0.104581,-0.313788,0.325867,0.922337,0.755886,-0.301010,0.312282,-0.075731,-0.047782,-0.264085,0.248217
0.015133,-0.025335,-0.016524,-0.009531,-0.054998,0.014688,0.209165,-0.294854,0.022281,0.124325,0.194593,0.130484,0.161049,-0.200123,-0.141518,0.350139,-0.403771,-0.001106,0.105009,-0.313365,0.333656,0.901750,0.741805,-0.313161,0.312277,-0.080528,-0.052590,-0.247117,0.230736
0.017783,-0.024874,-0.015944,-0.008797,-0.057820,0.013975,0.213413,-0.297277,0.027598,0.128056,0.200160,0.118726,0.151046,-0.204196,-0.144495,0.351342,-0.401957,-0.000830,0.105843,-0.311065,0.339771,0.874191,0.719924,-0.325611,0.315337,-0.085657,-0.057915,-0.228486,0.213276
0.020773,-0.023974,-0.015297,-0.007692,-0.060868,0.013030,0.218475,-0.300545,0.032867,0.133033,0.207508,0.109453,0.143791,-0.207930,-0.147948,0.352979,-0.402657,0.000188,0.105613,-0.304294,0.342876,0.835538,0.682621,-0.341661,0.326008,-0.091630,-0.064076,-0.210898,0.200591
0.023932,-0.022855,-0.014618,-0.006402,-0.064028,0.011968,0.223944,-0.304237,0.038111,0.138635,0.215747,0.101423,0.137912,-0.211495,-0.151639,0.354833,-0.404614,0.001577,0.104850,-0.295289,0.344476,0.791339,0.637608,-0.359511,0.340484,-0.098026,-0.070656,-0.193831,0.190295
0.023240,-0.027388,-0.015099,-0.007125,-0.066859,0.010892,0.222736,-0.305455,0.048961,0.141867,0.226297,0.102269,0.141565,-0.211190,-0.153820,0.361606,-0.413651,0.001274,0.105556,-0.277213,0.336627,0.715482,0.554038,-0.401787,0.388237,-0.100241,-0.068252,-0.184264,0.205739
0.021851,-0.032221,-0.015768,-0.007532,-0.070233,0.009908,0.222774,-0.308034,0.058681,0.143369,0.233433,0.114596,0.159341,-0.210874,-0.155329,0.370618,-0.425659,0.000036,0.106731,-0.249484,0.318741,0.617122,0.444182,-0.450650,0.445557,-0.102275,-0.064038,-0.178107,0.229733
0.019067,-0.037652,-0.016809,-0.007306,-0.074691,0.009110,0.225305,-0.313336,0.066144,0.141411,0.233741,0.149886,0.205362,-0.210537,-0.155496,0.384109,-0.443610,-0.003073,0.108847,-0.202449,0.280781,0.473758,0.281753,-0.512687,0.522011,-0.103948,-0.056200,-0.178768,0.270825
0.015422,-0.039820,-0.018285,-0.005410,-0.075261,0.009200,0.228672,-0.318132,0.069665,0.139193,0.224699,0.204796,0.264618,-0.206356,-0.152417,0.393343,-0.451998,-0.009914,0.113004,-0.149564,0.228837,0.330019,0.123843,-0.568580,0.596500,-0.108842,-0.050487,-0.172136,0.287180
0.011347,-0.040358,-0.019979,-0.002679,-0.073886,0.009735,0.232458,-0.322676,0.071215,0.136845,0.210981,0.269515,0.330491,-0.200255,-0.147714,0.400449,-0.455605,-0.018621,0.118182,-0.093756,0.169900,0.186092,-0.031808,-0.621401,0.670007,-0.115347,-0.045835,-0.161857,0.291167
0.011379,-0.037444,-0.020445,-0.002095,-0.072222,0.008708,0.235621,-0.326559,0.067667,0.132725,0.197054,0.310046,0.369099,-0.194960,-0.144914,0.392341,-0.446034,-0.022630,0.122890,-0.065635,0.138291,0.128390,-0.078974,-0.657578,0.698385,-0.120249,-0.048078,-0.147133,0.269472
0.010589,-0.035955,-0.020635,-0.001826,-0.071279,0.007986,0.236209,-0.328174,0.064256,0.131229,0.187880,0.347931,0.404505,-0.190205,-0.141864,0.385885,-0.439435,-0.025998,0.126149,-0.042477,0.112537,0.075658,-0.122090,-0.687557,0.716535,-0.126138,-0.050818,-0.135024,0.254613
0.008156,-0.037319,-0.020273,-0.002187,-0.071777,0.007874,0.231646,-0.325251,0.061120,0.134983,0.188212,0.380526,0.433506,-0.186527,-0.138316,0.382733,-0.438780,-0.028087,0.126509,-0.029243,0.098490,0.032865,-0.157103,-0.705140,0.714229,-0.134003,-0.054554,-0.128146,0.253424
0.005767,-0.039596,-0.020244,-0.003046,-0.073223,0.007975,0.228188,-0.325103,0.057749,0.137705,0.189795,0.404866,0.456066,-0.182753,-0.135801,0.376558,-0.436853,-0.030019,0.127186,-0.018075,0.088638,0.000364,-0.182903,-0.715998,0.714257,-0.136659,-0.054261,-0.124648,0.255960
0.003400,-0.042329,-0.020381,-0.004154,-0.075141,0.008183,0.225283,-0.326344,0.054261,0.139912,0.192003,0.425077,0.475407,-0.178929,-0.133803,0.368870,-0.434288,-0.031873,0.128022,-0.007939,0.080884,-0.026991,-0.204096,-0.723493,0.715451,-0.136712,-0.051955,-0.122840,0.260359
0.001213,-0.043185,-0.020171,-0.006102,-0.075930,0.007784,0.223216,-0.326477,0.051702,0.143302,0.191062,0.441528,0.487043,-0.174244,-0.134189,0.361277,-0.430732,-0.033953,0.126418,-0.004665,0.076461,-0.037645,-0.212240,-0.735440,0.713708,-0.134560,-0.049496,-0.125431,0.260767
-0.001517,-0.044110,-0.019590,-0.007474,-0.077413,0.007383,0.221938,-0.327842,0.049296,0.147190,0.191029,0.454989,0.496700,-0.170146,-0.134623,0.355451,-0.428892,-0.035519,0.124241,-0.002311,0.073470,-0.046424,-0.217412,-0.742577,0.707370,-0.134066,-0.047963,-0.125541,0.259813
-0.005336,-0.045173,-0.018267,-0.007692,-0.080285,0.006981,0.222237,-0.331669,0.047199,0.152074,0.192816,0.462468,0.502400,-0.167226,-0.135154,0.353159,-0.430484,-0.036057,0.120918,-0.001795,0.073342,-0.051452,-0.216640,-0.740094,0.691842,-0.136887,-0.048280,-0.120686,0.256134
-0.008527,-0.047571,-0.017125,-0.008661,-0.082013,0.006769,0.221117,-0.332294,0.045562,0.156617,0.195802,0.465763,0.506216,-0.166545,-0.135134,0.351935,-0.433446,-0.036234,0.119972,-0.002809,0.075395,-0.053545,-0.215340,-0.740591,0.681019,-0.137576,-0.047999,-0.118383,0.255828
-0.011405,-0.050638,-0.016074,-0.010007,-0.083170,0.006652,0.219287,-0.331318,0.044155,0.160990,0.199389,0.466966,0.509091,-0.166984,-0.134839,0.351246,-0.437093,-0.036231,0.120215,-0.004588,0.078538,-0.054172,-0.213777,-0.742579,0.672549,-0.137198,-0.047419,-0.117356,0.257210
-0.015452,-0.054202,-0.014499,-0.011951,-0.086936,0.006840,0.215142,-0.334949,0.043503,0.165975,0.207620,0.466905,0.510296,-0.166452,-0.138209,0.349894,-0.437941,-0.036756,0.119316,-0.004854,0.081121,-0.050473,-0.210580,-0.738869,0.672246,-0.136666,-0.047250,-0.119506,0.257935
-0.019158,-0.057417,-0.012832,-0.013997,-0.090472,0.006980,0.210828,-0.338371,0.042982,0.170216,0.214813,0.465473,0.510426,-0.166842,-0.141835,0.348729,-0.439116,-0.036645,0.118180,-0.005558,0.084558,-0.046044,-0.206622,-0.734649,0.670440,-0.136340,-0.047025,-0.121084,0.258973
-0.022182,-0.059932,-0.010981,-0.016248,-0.093549,0.007024,0.206179,-0.341372,0.042726,0.172970,0.219932,0.461301,0.508405,-0.169075,-0.145976,0.347940,-0.440946,-0.035265,0.116573,-0.007139,0.089705,-0.040155,-0.201140,-0.729410,0.665626,-0.136427,-0.046687,-0.121518,0.260635
-0.026387,-0.062703,-0.009477,-0.017207,-0.096723,0.006853,0.204742,-0.344691,0.043229,0.178559,0.224384,0.458387,0.507493,-0.172600,-0.148514,0.347200,-0.442828,-0.034242,0.115845,-0.007298,0.092654,-0.036181,-0.198613,-0.732184,0.661960,-0.137188,-0.046474,-0.121341,0.262992
-0.031184,-0.065601,-0.008145,-0.017520,-0.099946,0.006573,0.204912,-0.348169,0.044112,0.185565,0.228504,0.456103,0.507136,-0.176772,-0.150251,0.346485,-0.444737,-0.033398,0.115556,-0.006745,0.094504,-0.033165,-0.197562,-0.738965,0.658867,-0.138286,-0.046324,-0.120860,0.265696
-0.033246,-0.068019,-0.008107,-0.018097,-0.100087,0.007033,0.202764,-0.348301,0.044509,0.186292,0.230325,0.454537,0.507286,-0.175091,-0.148649,0.347003,-0.447082,-0.032922,0.114771,-0.007129,0.096714,-0.030804,-0.201645,-0.739762,0.659519,-0.139590,-0.048862,-0.121740,0.265194
-0.035128,-0.071302,-0.008161,-0.019432,-0.100075,0.007436,0.199471,-0.348206,0.044062,0.185218,0.231754,0.453084,0.508121,-0.171381,-0.145550,0.346993,-0.449497,-0.032546,0.114074,-0.006959,0.098226,-0.028677,-0.207917,-0.738251,0.658096,-0.140954,-0.051240,-0.122691,0.265197
-0.036649,-0.076315,-0.008404,-0.022283,-0.099755,0.007725,0.193884,-0.347661,0.041923,0.180538,0.232396,0.451858,0.510329,-0.163612,-0.139454,0.345926,-0.452053,-0.032371,0.113551,-0.005682,0.098344,-0.027018,-0.218567,-0.732124,0.652523,-0.142435,-0.053299,-0.123787,0.266211
-0.040222,-0.081994,-0.009662,-0.024083,-0.098945,0.008628,0.190680,-0.345389,0.040891,0.181032,0.233366,0.453477,0.512953,-0.153462,-0.133714,0.344754,-0.454304,-0.032886,0.111886,-0.005437,0.097635,-0.025364,-0.228953,-0.726389,0.646979,-0.144803,-0.055999,-0.123296,0.265589
-0.044821,-0.088006,-0.011427,-0.025358,-0.097891,0.009838,0.188668,-0.342254,0.040412,0.184114,0.234501,0.456519,0.515784,-0.142122,-0.128154,0.343531,-0.456402,-0.033747,0.109649,-0.005709,0.096512,-0.023713,-0.239207,-0.720851,0.641450,-0.147614,-0.059019,-0.122012,0.264149
-0.049659,-0.094879,-0.013068,-0.029037,-0.096470,0.011836,0.182165,-0.340915,0.038347,0.185394,0.234482,0.459110,0.517460,-0.129352,-0.121424,0.343397,-0.459544,-0.036248,0.107661,-0.006979,0.095357,-0.024403,-0.247704,-0.709369,0.629109,-0.150906,-0.062516,-0.122705,0.263673
-0.054909,-0.101707,-0.014344,-0.033104,-0.094912,0.013812,0.175774,-0.338568,0.036156,0.187545,0.233383,0.462161,0.518609,-0.116836,-0.114360,0.343729,-0.463828,-0.039718,0.105530,-0.009574,0.095418,-0.024606,-0.254314,-0.697233,0.613564,-0.154972,-0.067074,-0.120179,0.257927
-0.060985,-0.108440,-0.014889,-0.037949,-0.093080,0.015740,0.169611,-0.334201,0.033713,0.191440,0.230122,0.466130,0.518706,-0.104827,-0.106625,0.344990,-0.470396,-0.045127,0.103115,-0.014820,0.097912,-0.023838,-0.257150,-0.683791,0.591611,-0.160586,-0.073755,-0.111214,0.241640
-0.070113,-0.114195,-0.014633,-0.042345,-0.092715,0.017607,0.166198,-0.330623,0.031807,0.204000,0.227455,0.468008,0.517004,-0.092654,-0.095366,0.346942,-0.479589,-0.052606,0.100205,-0.021730,0.102558,-0.025450,-0.260295,-0.665833,0.562895,-0.167725,-0.081733,-0.099532,0.221683
-0.080767,-0.119461,-0.013976,-0.046518,-0.093084,0.019443,0.164161,-0.327440,0.030169,0.220893,0.225085,0.468841,0.514403,-0.080400,-0.082345,0.349239,-0.490093,-0.061120,0.097048,-0.029472,0.108281,-0.028253,-0.263594,-0.645616,0.530797,-0.175628,-0.090360,-0.086493,0.199892
-0.103962,-0.125173,-0.011952,-0.046661,-0.098722,0.020595,0.171322,-0.324765,0.036478,0.266731,0.232372,0.459404,0.501018,-0.079002,-0.073802,0.352516,-0.503307,-0.070894,0.093331,-0.037935,0.113794,-0.038058,-0.266340,-0.627577,0.491405,-0.184410,-0.099534,-0.074633,0.174785
-0.132626,-0.131147,-0.008991,-0.043026,-0.106702,0.021100,0.183637,-0.323927,0.043459,0.326387,0.243473,0.447330,0.486615,-0.085607,-0.070340,0.356792,-0.517478,-0.078628,0.089103,-0.047269,0.119607,-0.051656,-0.270827,-0.611986,0.452444,-0.193358,-0.108293,-0.063917,0.150985
-0.172228,-0.137642,-0.004157,-0.031833,-0.119365,0.020310,0.206260,-0.326759,0.051785,0.413683,0.262204,0.429982,0.470176,-0.108216,-0.077037,0.363063,-0.533563,-0.082284,0.083854,-0.058343,0.126021,-0.072843,-0.278795,-0.601294,0.414347,-0.202634,-0.116224,-0.055487,0.129799
-0.225236,-0.147805,0.002176,-0.002605,-0.139902,0.019863,0.240102,-0.340279,0.060324,0.532817,0.298428,0.401449,0.445068,-0.142594,-0.107900,0.372513,-0.554155,-0.081492,0.072039,-0.072898,0.138643,-0.100594,-0.286279,-0.592541,0.384539,-0.213879,-0.123458,-0.051856,0.120989
-0.284947,-0.159801,0.009257,0.035640,-0.164375,0.019587,0.279553,-0.359143,0.068970,0.667870,0.343398,0.367324,0.415625,-0.182855,-0.150844,0.383553,-0.577001,-0.078475,0.056941,-0.089194,0.154370,-0.131626,-0.293523,-0.584757,0.358875,-0.226108,-0.130343,-0.050624,0.118365
-0.348919,-0.188919,0.013315,0.108042,-0.205046,0.019295,0.316869,-0.379612,0.083387,0.822383,0.438633,0.310141,0.366996,-0.243686,-0.246376,0.396365,-0.599962,-0.073582,0.043001,-0.105541,0.178534,-0.179251,-0.302627,-0.594355,0.350562,-0.241230,-0.135915,-0.058785,0.131638
-0.411217,-0.223663,0.017729,0.186323,-0.249238,0.018746,0.345017,-0.395535,0.096125,0.965374,0.543335,0.241482,0.308417,-0.300052,-0.337886,0.408136,-0.620537,-0.065679,0.032420,-0.123972,0.208145,-0.227087,-0.310909,-0.602543,0.339071,-0.258876,-0.140932,-0.061579,0.139848
-0.470170,-0.269657,0.022854,0.276359,-0.300470,0.017685,0.354829,-0.402367,0.105507,1.085319,0.666968,0.149873,0.229935,-0.347489,-0.421351,0.417823,-0.636338,-0.051758,0.028560,-0.146571,0.248651,-0.275346,-0.317551,-0.607909,0.321222,-0.281571,-0.144839,-0.053642,0.137934
-0.520580,-0.321122,0.024514,0.370730,-0.349640,0.014097,0.339102,-0.388500,0.116586,1.163225,0.790811,0.044973,0.132500,-0.397349,-0.487684,0.429084,-0.642695,-0.038416,0.031973,-0.174663,0.297266,-0.319160,-0.321347,-0.613660,0.293070,-0.305879,-0.148780,-0.019792,0.118950
-0.566720,-0.375323,0.024443,0.467267,-0.397778,0.009246,0.310605,-0.364285,0.128515,1.220113,0.914758,-0.066573,0.025586,-0.448422,-0.545452,0.441131,-0.644331,-0.025363,0.039022,-0.205501,0.349936,-0.360751,-0.323719,-0.619603,0.259767,-0.330993,-0.152738,0.027013,0.091433
-0.600072,-0.435296,0.019066,0.561130,-0.443471,0.003860,0.260834,-0.320595,0.152901,1.196170,1.031347,-0.178262,-0.083660,-0.470677,-0.593499,0.471714,-0.637335,-0.033334,0.047426,-0.227280,0.409391,-0.382515,-0.324587,-0.582649,0.251643,-0.346981,-0.160818,0.116032,0.034091
-0.627022,-0.494834,0.011770,0.644705,-0.485781,-0.000376,0.208737,-0.273352,0.178824,1.146129,1.140243,-0.279598,-0.172439,-0.474637,-0.639978,0.511171,-0.633985,-0.050758,0.058187,-0.246054,0.461507,-0.394693,-0.329218,-0.540420,0.253935,-0.360225,-0.169501,0.202111,-0.017312
-0.641171,-0.553501,0.000634,0.707707,-0.521327,-0.002314,0.151988,-0.219002,0.207825,1.043889,1.233753,-0.360227,-0.220280,-0.442007,-0.683319,0.568375,-0.637926,-0.087089,0.073661,-0.258820,0.498948,-0.387697,-0.341377,-0.487639,0.277061,-0.367979,-0.179388,0.282308,-0.056837
-0.642749,-0.612618,-0.019874,0.756380,-0.555578,-0.004287,0.102206,-0.167227,0.247408,0.928088,1.312175,-0.407503,-0.204573,-0.394065,-0.709438,0.664992,-0.658314,-0.132741,0.095389,-0.249192,0.489917,-0.363127,-0.360544,-0.428906,0.295822,-0.374400,-0.189901,0.348023,-0.067928
-0.638042,-0.671960,-0.045068,0.797889,-0.589182,-0.006279,0.055906,-0.116740,0.292281,0.805508,1.383052,-0.438101,-0.157093,-0.338468,-0.726946,0.781317,-0.686927,-0.183053,0.120244,-0.228368,0.457650,-0.329771,-0.383215,-0.367195,0.312401,-0.380155,-0.200725,0.406498,-0.064801
-0.676533,-0.749420,-0.083852,0.827081,-0.603943,-0.008329,-0.025311,-0.033582,0.348623,0.793978,1.470361,-0.421839,-0.004328,-0.327573,-0.732784,0.975477,-0.746059,-0.216841,0.149772,-0.162460,0.352423,-0.175286,-0.422767,-0.303893,0.335079,-0.352832,-0.206833,0.433165,-0.022410
-0.723704,-0.823890,-0.117228,0.846573,-0.621141,-0.011934,-0.103513,0.042695,0.401657,0.810224,1.553302,-0.397916,0.156627,-0.325308,-0.736300,1.169875,-0.797965,-0.243853,0.177304,-0.101354,0.245918,0.025376,-0.461693,-0.237684,0.364189,-0.303759,-0.206707,0.430574,0.020036
-0.788235,-0.892381,-0.139792,0.846665,-0.643212,-0.018649,-0.175685,0.105207,0.448072,0.882023,1.627506,-0.358669,0.333966,-0.340302,-0.735175,1.364749,-0.835420,-0.257313,0.200844,-0.049852,0.136856,0.318389,-0.499365,-0.165662,0.406161,-0.211186,-0.194112,0.369466,0.062596
-0.862726,-0.947457,-0.151622,0.840149,-0.664726,-0.024763,-0.236413,0.164845,0.481431,1.000555,1.689583,-0.329768,0.465083,-0.377151,-0.735303,1.487100,-0.849325,-0.261800,0.216413,-0.022918,0.062837,0.579829,-0.521196,-0.159877,0.426620,-0.148524,-0.186220,0.323606,0.079731
-0.942197,-0.995825,-0.158085,0.830330,-0.685961,-0.030576,-0.291419,0.223045,0.508261,1.142453,1.745596,-0.306041,0.573091,-0.424927,-0.736058,1.573189,-0.851456,-0.261800,0.227996,-0.008267,0.006338,0.825481,-0.535105,-0.187211,0.436322,-0.100819,-0.180678,0.285370,0.084152
-1.010211,-1.025974,-0.150781,0.833380,-0.702078,-0.029937,-0.333095,0.268245,0.515303,1.259720,1.784354,-0.291796,0.631195,-0.483725,-0.740813,1.609191,-0.836626,-0.261800,0.236000,-0.005985,-0.015935,0.929045,-0.531610,-0.201466,0.429125,-0.087345,-0.180377,0.304068,0.060641
-1.073938,-1.051397,-0.145617,0.833927,-0.715501,-0.029561,-0.373735,0.309699,0.519999,1.367946,1.818236,-0.279328,0.683744,-0.537773,-0.745252,1.638208,-0.828113,-0.261800,0.244226,-0.006349,-0.032522,1.015922,-0.532785,-0.212841,0.423885,-0.077609,-0.181426,0.314011,0.041694
-1.129090,-1.067369,-0.144730,0.829467,-0.723535,-0.029708,-0.412302,0.343664,0.520000,1.458091,1.842368,-0.270414,0.725182,-0.582320,-0.749060,1.653257,-0.832236,-0.261800,0.252896,-0.012005,-0.037737,1.069425,-0.543302,-0.218457,0.422561,-0.075347,-0.185179,0.306442,0.031873
-1.171307,-1.076977,-0.145819,0.820513,-0.734209,-0.030140,-0.440862,0.365019,0.520000,1.525967,1.855426,-0.267038,0.758157,-0.615788,-0.749534,1.663542,-0.838786,-0.261800,0.257612,-0.014872,-0.041693,1.102623,-0.551706,-0.223876,0.419815,-0.077846,-0.187457,0.309076,0.023144
-1.207057,-1.083402,-0.147896,0.809312,-0.746203,-0.030715,-0.464420,0.380069,0.520000,1.582709,1.862947,-0.266431,0.786900,-0.643717,-0.748341,1.671445,-0.846549,-0.261800,0.260350,-0.016345,-0.045021,1.125668,-0.559054,-0.229196,0.416358,-0.082725,-0.188997,0.316812,0.014960
-1.226530,-1.085876,-0.145452,0.802243,-0.754880,-0.026940,-0.474582,0.380857,0.520000,1.612546,1.856315,-0.266343,0.806701,-0.653906,-0.742342,1.672845,-0.852562,-0.261800,0.260313,-0.017959,-0.053976,1.133310,-0.564702,-0.231221,0.407977,-0.087038,-0.190292,0.315260,0.010804
-1.241879,-1.087283,-0.142409,0.795990,-0.762761,-0.022163,-0.482521,0.380353,0.520000,1.636308,1.847867,-0.266093,0.825590,-0.661201,-0.735102,1.672076,-0.856967,-0.261800,0.260304,-0.019751,-0.062461,1.138061,-0.568917,-0.232424,0.400776,-0.091233,-0.191914,0.315364,0.005473
-1.248982,-1.086556,-0.138166,0.791369,-0.769051,-0.015383,-0.486013,0.377267,0.520000,1.647920,1.835787,-0.265518,0.842655,-0.662705,-0.725382,1.666969,-0.858156,-0.261800,0.260352,-0.021900,-0.070007,1.137033,-0.570263,-0.231982,0.395933,-0.095195,-0.194190,0.318780,-0.002210
-1.252136,-1.085234,-0.130237,0.788312,-0.777547,-0.007535,-0.484369,0.371404,0.520000,1.652759,1.822653,-0.262990,0.856215,-0.661051,-0.717753,1.660496,-0.855591,-0.261800,0.260439,-0.024716,-0.077028,1.130160,-0.570537,-0.229040,0.388920,-0.098937,-0.196442,0.322232,-0.007481
-1.253317,-1.083614,-0.120464,0.786038,-0.787148,0.000846,-0.480158,0.364154,0.520000,1.654213,1.808994,-0.259486,0.868023,-0.657817,-0.711170,1.653341,-0.851149,-0.261800,0.260547,-0.027865,-0.083787,1.120364,-0.570275,-0.224848,0.380822,-0.102569,-0.198682,0.325702,-0.011548
-1.254112,-1.085197,-0.112703,0.786124,-0.791299,0.007871,-0.473899,0.360186,0.520000,1.649625,1.797467,-0.256369,0.877435,-0.648177,-0.703341,1.646987,-0.846181,-0.261800,0.260645,-0.029606,-0.088731,1.109966,-0.569467,-0.219896,0.375503,-0.106551,-0.202106,0.328958,-0.015545
-1.254298,-1.085842,-0.106609,0.786987,-0.794088,0.014256,-0.468746,0.357213,0.520000,1.645716,1.786651,-0.253802,0.885357,-0.640202,-0.696143,1.641225,-0.842858,-0.261800,0.260735,-0.031115,-0.093088,1.100096,-0.569760,-0.215985,0.371484,-0.110542,-0.206067,0.331761,-0.017637
-1.253265,-1.084612,-0.103849,0.789405,-0.794154,0.019360,-0.465804,0.356229,0.520000,1.643164,1.777258,-0.252336,0.890296,-0.635557,-0.690205,1.636647,-0.842824,-0.261800,0.260807,-0.032161,-0.096270,1.091281,-0.572252,-0.214156,0.370064,-0.114553,-0.211103,0.333654,-0.015919
-1.253127,-1.082840,-0.103122,0.791929,-0.794023,0.023519,-0.462751,0.354025,0.520000,1.639802,1.768973,-0.252169,0.894880,-0.629448,-0.684910,1.633207,-0.843073,-0.261800,0.260927,-0.031912,-0.098749,1.086079,-0.575304,-0.212862,0.371833,-0.116190,-0.214208,0.332516,-0.011391
-1.253435,-1.080796,-0.103412,0.794507,-0.793794,0.027206,-0.459642,0.351210,0.520000,1.636035,1.761241,-0.252652,0.899286,-0.622608,-0.679938,1.630337,-0.843465,-0.261800,0.261071,-0.031014,-0.100878,1.082684,-0.578636,-0.211834,0.375197,-0.116640,-0.216348,0.329863,-0.005458
-1.257443,-1.079052,-0.105596,0.795390,-0.796011,0.030100,-0.458574,0.348842,0.520000,1.635143,1.753739,-0.255859,0.901217,-0.615572,-0.675274,1.628410,-0.843427,-0.261800,0.261144,-0.027792,-0.102522,1.082591,-0.581707,-0.214191,0.380709,-0.115945,-0.217740,0.330404,-0.002944
-1.262871,-1.076924,-0.107413,0.795520,-0.797213,0.032609,-0.459171,0.346561,0.520000,1.635970,1.746718,-0.258786,0.902908,-0.609873,-0.671682,1.627895,-0.843070,-0.261800,0.261225,-0.024967,-0.103295,1.082573,-0.584355,-0.216772,0.385724,-0.115482,-0.219016,0.330390,-0.001020
-1.271141,-1.074027,-0.108499,0.794144,-0.796382,0.034346,-0.463100,0.344454,0.520000,1.640233,1.740656,-0.261154,0.904117,-0.606849,-0.670236,1.630203,-0.842075,-0.261800,0.261323,-0.022937,-0.102326,1.082705,-0.586157,-0.219802,0.389746,-0.115483,-0.220059,0.329268,-0.000274
-1.279149,-1.071004,-0.110252,0.793148,-0.797010,0.035323,-0.467689,0.342217,0.520000,1.643789,1.734855,-0.264205,0.904287,-0.605782,-0.668430,1.632566,-0.841370,-0.261800,0.261396,-0.020713,-0.101712,1.084659,-0.587856,-0.221849,0.393690,-0.114124,-0.220056,0.327774,0.003455
-1.287026,-1.067919,-0.112339,0.792342,-0.798367,0.035921,-0.472608,0.339914,0.520000,1.646990,1.729182,-0.267598,0.903939,-0.605694,-0.666443,1.634958,-0.840811,-0.261800,0.261456,-0.018393,-0.101275,1.087525,-0.589504,-0.223404,0.397596,-0.112085,-0.219532,0.326094,0.008675
-1.292052,-1.062697,-0.111942,0.792697,-0.800689,0.036353,-0.475582,0.336015,0.520000,1.652878,1.723116,-0.269386,0.903311,-0.608254,-0.665014,1.638777,-0.842043,-0.261800,0.261467,-0.018128,-0.099932,1.090543,-0.590237,-0.220747,0.399905,-0.110851,-0.219102,0.325267,0.010543
-1.297439,-1.057042,-0.112045,0.792258,-0.803173,0.036623,-0.479626,0.332234,0.520000,1.658750,1.716291,-0.271402,0.902162,-0.610815,-0.662308,1.642589,-0.844249,-0.261800,0.261482,-0.018163,-0.097878,1.092616,-0.591717,-0.219055,0.404070,-0.109645,-0.218310,0.323461,0.014042
-1.303547,-1.050520,-0.113143,0.790231,-0.805981,0.036567,-0.485811,0.328686,0.520000,1.664587,1.707947,-0.273877,0.899974,-0.613379,-0.657051,1.646383,-0.848405,-0.261800,0.261506,-0.018796,-0.094400,1.092799,-0.594695,-0.219296,0.411945,-0.108492,-0.216796,0.319699,0.020806
-1.307436,-1.042268,-0.114659,0.787522,-0.809128,0.036654,-0.488291,0.323406,0.520000,1.668748,1.696848,-0.277440,0.895991,-0.613655,-0.650509,1.649207,-0.855178,-0.261800,0.261542,-0.019283,-0.092589,1.096264,-0.598732,-0.218552,0.419246,-0.105071,-0.214776,0.314847,0.029972
-1.310217,-1.033151,-0.116382,0.784472,-0.812446,0.036812,-0.488919,0.317260,0.520000,1.672071,1.684372,-0.281547,0.891111,-0.612788,-0.643324,1.651546,-0.863260,-0.261800,0.261584,-0.019698,-0.091611,1.101371,-0.603300,-0.217314,0.426258,-0.100516,-0.212504,0.309450,0.040340
-1.313840,-1.021450,-0.114792,0.783625,-0.816458,0.037939,-0.487409,0.305527,0.520000,1.671777,1.666841,-0.286896,0.881903,-0.613258,-0.633563,1.654683,-0.874885,-0.261800,0.261701,-0.019748,-0.089481,1.108305,-0.610329,-0.215939,0.437157,-0.097226,-0.210899,0.302877,0.051717
-1.318871,-1.007953,-0.112886,0.784346,-0.821548,0.039272,-0.487601,0.292680,0.520000,1.672170,1.648331,-0.292747,0.870875,-0.613592,-0.623385,1.658426,-0.888387,-0.261788,0.261783,-0.019848,-0.086989,1.116770,-0.618910,-0.215501,0.449649,-0.093225,-0.208812,0.296697,0.062611
-1.326720,-0.990863,-0.110350,0.788205,-0.828796,0.041015,-0.491195,0.277605,0.520000,1.673935,1.627867,-0.299605,0.856205,-0.613656,-0.612376,1.663380,-0.905640,-0.261753,0.261796,-0.020044,-0.083771,1.128297,-0.630594,-0.216937,0.465328,-0.087799,-0.205761,0.291303,0.072540
-1.333953,-0.972142,-0.106898,0.790138,-0.838602,0.042706,-0.488636,0.258705,0.520000,1.672577,1.602109,-0.308797,0.837461,-0.610430,-0.598401,1.668806,-0.921591,-0.261603,0.261800,-0.017754,-0.083844,1.141727,-0.645433,-0.222225,0.484148,-0.083224,-0.203942,0.286673,0.084484
-1.340877,-0.952605,-0.102990,0.791108,-0.849686,0.044370,-0.483001,0.237891,0.520000,1.669657,1.573705,-0.319155,0.816679,-0.605560,-0.582945,1.674468,-0.936891,-0.261397,0.261800,-0.014222,-0.085562,1.156109,-0.661849,-0.229438,0.504540,-0.079074,-0.202739,0.282424,0.097434
-1.348097,-0.927177,-0.096564,0.794046,-0.861869,0.047615,-0.478158,0.212927,0.520000,1.668072,1.537891,-0.333758,0.784921,-0.600690,-0.564901,1.678019,-0.950030,-0.261010,0.261800,-0.006504,-0.091708,1.171952,-0.679975,-0.242681,0.516644,-0.073899,-0.200942,0.280873,0.106803
-1.354474,-0.900298,-0.089478,0.793937,-0.873941,0.051858,-0.471174,0.188179,0.520000,1.666505,1.500068,-0.349634,0.748527,-0.595629,-0.546887,1.680380,-0.961509,-0.257937,0.261800,0.002191,-0.098698,1.186255,-0.699411,-0.257170,0.529140,-0.068726,-0.198380,0.279291,0.117290
-1.359168,-0.870513,-0.081069,0.787731,-0.885788,0.058100,-0.459908,0.163861,0.519999,1.664976,1.458226,-0.368056,0.702863,-0.590184,-0.528931,1.680359,-0.969668,-0.249492,0.261800,0.012841,-0.107376,1.197478,-0.721471,-0.274149,0.542420,-0.063558,-0.194290,0.277649,0.130013
-1.363168,-0.831507,-0.065558,0.778435,-0.894411,0.069212,-0.447841,0.134327,0.519997,1.661626,1.412192,-0.389844,0.639080,-0.585214,-0.513190,1.672509,-0.972540,-0.237071,0.261800,0.024964,-0.113007,1.200695,-0.742458,-0.294918,0.553439,-0.061754,-0.189708,0.281804,0.139802
-1.366821,-0.787888,-0.046495,0.767594,-0.901421,0.082760,-0.435374,0.102184,0.519993,1.657365,1.364063,-0.413316,0.566238,-0.580482,-0.498555,1.660745,-0.972770,-0.222660,0.261800,0.037825,-0.117113,1.199909,-0.762909,-0.317583,0.563327,-0.061632,-0.184878,0.288857,0.148123
-1.372987,-0.728386,0.001590,0.743597,-0.909510,0.102239,-0.421308,0.066929,0.505941,1.654538,1.313135,-0.430325,0.464436,-0.576093,-0.495893,1.623042,-0.950870,-0.205962,0.261800,0.043938,-0.100675,1.150199,-0.773337,-0.349380,0.567474,-0.081595,-0.185308,0.314329,0.134459
-1.379314,-0.659787,0.063176,0.714814,-0.915744,0.120616,-0.406236,0.031389,0.487363,1.651116,1.256563,-0.442493,0.349270,-0.570392,-0.496165,1.573456,-0.919089,-0.189324,0.261800,0.049404,-0.082119,1.071544,-0.777809,-0.385592,0.563500,-0.110927,-0.187199,0.345402,0.116750
-1.385960,-0.572994,0.151762,0.676459,-0.918266,0.136791,-0.389152,-0.004723,0.459735,1.646505,1.188700,-0.444980,0.207375,-0.562068,-0.502306,1.500103,-0.867546,-0.172806,0.261800,0.053574,-0.059327,0.934998,-0.770370,-0.430633,0.543287,-0.158995,-0.192012,0.387679,0.090948
-1.395794,-0.453935,0.261348,0.626306,-0.916042,0.145880,-0.365133,-0.050470,0.424667,1.638034,1.098229,-0.426256,0.030917,-0.559434,-0.511485,1.391509,-0.814583,-0.154002,0.261800,0.052284,-0.032952,0.729707,-0.738439,-0.477053,0.522429,-0.224818,-0.201835,0.403640,0.052789
-1.407221,-0.318743,0.381434,0.570256,-0.911446,0.151426,-0.337645,-0.101035,0.385879,1.627634,0.996453,-0.396925,-0.162822,-0.559646,-0.522182,1.265293,-0.760910,-0.134056,0.261800,0.048264,-0.004785,0.490043,-0.694263,-0.524163,0.501250,-0.299517,-0.214162,0.406443,0.008452
-1.415293,-0.133328,0.489132,0.510094,-0.899039,0.138214,-0.279986,-0.168020,0.332793,1.619774,0.835864,-0.309650,-0.423812,-0.585673,-0.502178,1.093947,-0.780671,-0.114875,0.261775,0.045333,0.095729,0.285020,-0.564713,-0.546270,0.506187,-0.349389,-0.234347,0.349088,-0.023647
-1.423625,0.027695,0.592193,0.461912,-0.886094,0.118517,-0.216092,-0.229466,0.283481,1.618721,0.703248,-0.213141,-0.700969,-0.603712,-0.494298,0.951218,-0.808891,-0.094983,0.261223,0.004741,0.233493,0.120633,-0.365923,-0.582977,0.495760,-0.378671,-0.240722,0.263701,-0.047985
-1.432473,0.139932,0.685978,0.437688,-0.872073,0.085847,-0.139727,-0.279833,0.241716,1.631280,0.626580,-0.098164,-1.010459,-0.605775,-0.510668,0.865727,-0.854029,-0.073670,0.259620,-0.111173,0.445758,0.037518,-0.028652,-0.648882,0.454603,-0.366770,-0.219477,0.122250,-0.056800
-1.443996,0.238765,0.743458,0.393031,-0.838654,0.059954,-0.086022,-0.289025,0.220798,1.648997,0.571356,-0.003727,-1.277524,-0.614066,-0.527622,0.809914,-0.868189,-0.055441,0.241095,-0.201162,0.667697,-0.001020,0.346439,-0.720116,0.380666,-0.324170,-0.161101,-0.021838,0.002926
-1.456856,0.330895,0.782784,0.338158,-0.795536,0.037449,-0.043647,-0.277630,0.210302,1.669293,0.526853,0.080442,-1.523376,-0.625472,-0.544867,0.768941,-0.866859,-0.038754,0.214110,-0.278188,0.894473,-0.017269,0.740441,-0.794013,0.290338,-0.266218,-0.084158,-0.167244,0.096922
-1.474257,0.389019,0.792971,0.284802,-0.752878,0.037419,-0.024430,-0.255680,0.205041,1.680757,0.505657,0.124125,-1.632689,-0.615648,-0.538547,0.718237,-0.841622,-0.034593,0.203800,-0.295972,0.997342,-0.030383,0.898193,-0.790484,0.201887,-0.243624,-0.057363,-0.214530,0.125105
-1.492097,0.439999,0.801148,0.242336,-0.713420,0.036060,-0.009248,-0.237481,0.198752,1.693572,0.487446,0.160444,-1.717374,-0.607729,-0.531555,0.680341,-0.822313,-0.028475,0.194510,-0.313874,1.081042,-0.041588,1.030140,-0.792614,0.129675,-0.222868,-0.032324,-0.254628,0.149979
-1.510819,0.476690,0.805307,0.221649,-0.680360,0.032042,-0.002134,-0.226784,0.190409,1.709089,0.475205,0.182035,-1.752804,-0.603618,-0.523220,0.668060,-0.814861,-0.018444,0.187256,-0.332012,1.126403,-0.048976,1.110481,-0.806060,0.089941,-0.205788,-0.010796,-0.280351,0.168234
-1.527265,0.500209,0.805527,0.208837,-0.656488,0.030548,-0.000103,-0.214474,0.185812,1.721287,0.464314,0.197915,-1.785004,-0.603132,-0.515849,0.663958,-0.805174,-0.010510,0.182903,-0.345061,1.159577,-0.056847,1.168845,-0.817411,0.063796,-0.194510,0.002104,-0.301126,0.182061
-1.542573,0.517141,0.803776,0.199964,-0.637210,0.030316,-0.000615,-0.201359,0.183087,1.731824,0.454098,0.210940,-1.815589,-0.604459,-0.508959,0.663945,-0.794370,-0.003624,0.180000,-0.355565,1.186659,-0.064961,1.216221,-0.827716,0.044446,-0.186133,0.010690,-0.319427,0.193674
-1.551561,0.522265,0.800020,0.195282,-0.628335,0.029335,-0.002941,-0.196097,0.182812,1.732320,0.447146,0.219468,-1.835776,-0.603893,-0.499949,0.667763,-0.783931,-0.000237,0.180461,-0.357658,1.201261,-0.071348,1.239605,-0.832180,0.039275,-0.184988,0.012439,-0.331472,0.199018
-1.559937,0.526690,0.796476,0.192242,-0.620047,0.028071,-0.004418,-0.192589,0.182159,1.732383,0.439964,0.227322,-1.853863,-0.603711,-0.492339,0.672035,-0.774334,0.003594,0.180651,-0.357989,1.213784,-0.077202,1.260296,-0.836319,0.034736,-0.184421,0.013721,-0.342900,0.203889
-1.567089,0.529717,0.793357,0.192486,-0.612931,0.026238,-0.004197,-0.192586,0.180751,1.731580,0.432324,0.233824,-1.867749,-0.604293,-0.487527,0.677218,-0.766421,0.008316,0.180295,-0.354794,1.222146,-0.081993,1.275600,-0.839808,0.031461,-0.185010,0.014069,-0.353092,0.207815
-1.569683,0.534154,0.789453,0.192038,-0.605500,0.025077,-0.002354,-0.189835,0.180375,1.729996,0.424916,0.238860,-1.877061,-0.605950,-0.484343,0.682110,-0.759809,0.012355,0.180207,-0.352728,1.226564,-0.086790,1.287642,-0.842932,0.028084,-0.185387,0.014939,-0.362173,0.212499
-1.570000,0.539296,0.785157,0.191245,-0.597910,0.024252,0.000299,-0.185710,0.180515,1.728022,0.417622,0.243163,-1.884085,-0.608146,-0.481974,0.686857,-0.753848,0.016053,0.180252,-0.351226,1.229010,-0.091592,1.298052,-0.845873,0.024655,-0.185658,0.016069,-0.370700,0.217561
-1.570000,0.545790,0.780064,0.188791,-0.588296,0.022846,0.003123,-0.181159,0.181027,1.723953,0.410206,0.244854,-1.884415,-0.609987,-0.481587,0.692131,-0.750597,0.019278,0.177765,-0.351772,1.228729,-0.093464,1.308113,-0.845910,0.022424,-0.183329,0.018287,-0.379296,0.223024
-1.570000,0.551154,0.775951,0.187653,-0.580225,0.021473,0.005594,-0.176436,0.181771,1.721753,0.405288,0.246335,-1.883549,-0.612087,-0.481787,0.696666,-0.747815,0.022940,0.175806,-0.352201,1.228083,-0.095324,1.316410,-0.847346,0.020225,-0.180769,0.020320,-0.387171,0.228379
-1.570000,0.554255,0.773797,0.189146,-0.575238,0.020165,0.007363,-0.171371,0.182979,1.723288,0.405368,0.247393,-1.880292,-0.614707,-0.483158,0.699724,-0.745974,0.027477,0.174903,-0.352393,1.226706,-0.097164,1.321181,-0.851581,0.018090,-0.177750,0.021981,-0.393607,0.233517
-1.570000,0.556021,0.771524,0.191412,-0.571030,0.018245,0.008951,-0.166676,0.183813,1.725209,0.405485,0.248239,-1.876920,-0.618457,-0.486606,0.702909,-0.745441,0.031723,0.173974,-0.352005,1.225745,-0.099853,1.322622,-0.855098,0.016766,-0.174578,0.023850,-0.400039,0.238765
-1.570000,0.557118,0.769191,0.194066,-0.567210,0.016019,0.010448,-0.162166,0.184461,1.727322,0.405621,0.248980,-1.873489,-0.622773,-0.491092,0.706159,-0.745562,0.035824,0.173031,-0.351326,1.224993,-0.102966,1.322398,-0.858255,0.015847,-0.171331,0.025824,-0.406470,0.244070
-1.570000,0.560075,0.767922,0.195660,-0.565027,0.014929,0.010961,-0.160305,0.186558,1.732439,0.405377,0.247972,-1.869392,-0.627140,-0.497860,0.708644,-0.746632,0.038940,0.170821,-0.349688,1.222114,-0.104903,1.318807,-0.861495,0.020191,-0.168903,0.027450,-0.410909,0.246978
-1.570000,0.563039,0.766767,0.197719,-0.562922,0.013564,0.012171,-0.159998,0.188759,1.737204,0.405846,0.246850,-1.865519,-0.631236,-0.504196,0.711057,-0.748555,0.042435,0.168717,-0.347351,1.219868,-0.106711,1.314870,-0.865805,0.024848,-0.166593,0.029149,-0.414526,0.249676
-1.570000,0.566020,0.765839,0.200709,-0.560971,0.011650,0.014776,-0.162799,0.191163,1.741268,0.407738,0.245501,-1.862097,-0.634788,-0.509672,0.713324,-0.752184,0.046690,0.166824,-0.343619,1.218886,-0.108262,1.310242,-0.872253,0.030133,-0.164515,0.030997,-0.416500,0.251954
-1.570000,0.568846,0.764928,0.202337,-0.557433,0.009868,0.017305,-0.164657,0.193356,1.745339,0.410059,0.244617,-1.861067,-0.637991,-0.513854,0.715331,-0.756770,0.051027,0.165088,-0.340716,1.217746,-0.110697,1.305746,-0.878433,0.033833,-0.163712,0.032052,-0.416653,0.253333
-1.570000,0.571596,0.764026,0.203285,-0.553102,0.008151,0.019797,-0.166043,0.195443,1.749412,0.412595,0.243966,-1.861233,-0.641020,-0.517389,0.717207,-0.761835,0.055404,0.163429,-0.338229,1.216526,-0.113574,1.301316,-0.884478,0.036741,-0.163547,0.032711,-0.415895,0.254262
-1.570000,0.573960,0.761954,0.203725,-0.546897,0.005115,0.023879,-0.168978,0.197822,1.752052,0.416346,0.243753,-1.862715,-0.642117,-0.517537,0.720638,-0.769203,0.059620,0.162045,-0.336234,1.218130,-0.116384,1.303048,-0.885368,0.035366,-0.162964,0.033922,-0.414054,0.253522
-1.570000,0.575918,0.760178,0.205041,-0.540428,0.001583,0.028037,-0.171957,0.200203,1.755288,0.420858,0.243562,-1.864958,-0.642995,-0.517293,0.724884,-0.777621,0.064516,0.160557,-0.334211,1.220234,-0.119512,1.306507,-0.887417,0.034680,-0.161713,0.035589,-0.412960,0.253521
-1.570000,0.577063,0.758989,0.208107,-0.533429,-0.002940,0.032349,-0.175019,0.202588,1.759716,0.426890,0.243416,-1.868722,-0.643434,-0.516265,0.730759,-0.788139,0.070771,0.158863,-0.332133,1.223339,-0.123275,1.313420,-0.891785,0.035371,-0.159128,0.038169,-0.413361,0.254993
-1.570000,0.574916,0.756305,0.208170,-0.524528,-0.008771,0.035629,-0.178591,0.204097,1.761564,0.435520,0.243136,-1.873819,-0.642174,-0.507831,0.738440,-0.801076,0.077241,0.157390,-0.329771,1.227846,-0.126356,1.322616,-0.892472,0.033698,-0.156632,0.041593,-0.411674,0.255507
-1.570000,0.571124,0.752873,0.206732,-0.514674,-0.015255,0.038394,-0.182417,0.205168,1.762122,0.445451,0.242788,-1.879583,-0.640066,-0.495695,0.747023,-0.815223,0.083820,0.156027,-0.327269,1.233054,-0.129095,1.332953,-0.891320,0.030843,-0.154180,0.045440,-0.408943,0.255543
-1.568279,0.564741,0.750466,0.195302,-0.501061,-0.023620,0.038610,-0.189335,0.201735,1.757738,0.453426,0.240904,-1.888332,-0.635538,-0.465243,0.759999,-0.829657,0.088604,0.155376,-0.324066,1.242166,-0.130131,1.345766,-0.879578,0.025070,-0.157050,0.046215,-0.398929,0.250918
-1.559172,0.558972,0.747365,0.184672,-0.486769,-0.032768,0.041935,-0.197305,0.198703,1.746934,0.458251,0.236446,-1.897002,-0.632857,-0.425925,0.774950,-0.845830,0.095086,0.156388,-0.320083,1.250909,-0.130264,1.355855,-0.863809,0.020777,-0.161007,0.045119,-0.388316,0.245294
-1.535295,0.554432,0.742874,0.175645,-0.471119,-0.043483,0.051475,-0.207376,0.196475,1.723290,0.456776,0.226841,-1.905516,-0.633870,-0.368874,0.793853,-0.865480,0.104963,0.160727,-0.314537,1.258916,-0.128592,1.360496,-0.839987,0.019447,-0.167136,0.040278,-0.376504,0.237669
-1.499585,0.545833,0.740180,0.164441,-0.456600,-0.053996,0.063958,-0.220082,0.190910,1.688370,0.451461,0.217064,-1.911335,-0.633793,-0.284854,0.806967,-0.881046,0.115270,0.171962,-0.310371,1.264295,-0.127858,1.354191,-0.818058,0.028885,-0.175490,0.031367,-0.363033,0.228675
-1.457957,0.535205,0.738385,0.152148,-0.442645,-0.064409,0.077911,-0.234105,0.183677,1.647812,0.444227,0.207200,-1.915806,-0.633173,-0.187348,0.817187,-0.894571,0.125791,0.186645,-0.306896,1.268361,-0.127595,1.342415,-0.797075,0.043707,-0.184956,0.020421,-0.348732,0.218996
-1.399824,0.521277,0.729492,0.130859,-0.426884,-0.071326,0.092995,-0.246847,0.168657,1.592944,0.436488,0.187839,-1.901929,-0.632401,-0.048125,0.821643,-0.914028,0.132409,0.209528,-0.307712,1.262948,-0.129491,1.301835,-0.775108,0.084108,-0.198627,-0.000290,-0.328640,0.202501
-1.337267,0.504981,0.718382,0.110140,-0.411237,-0.076944,0.107165,-0.263358,0.152292,1.532857,0.434280,0.166384,-1.879840,-0.629479,0.085813,0.826359,-0.936795,0.137922,0.232187,-0.309273,1.249764,-0.133590,1.246467,-0.756434,0.134397,-0.212678,-0.024200,-0.309044,0.181472
-1.265862,0.483949,0.702837,0.090564,-0.395817,-0.079965,0.119511,-0.287406,0.133233,1.462336,0.443132,0.140741,-1.841326,-0.622258,0.209183,0.831597,-0.966183,0.141223,0.254397,-0.312320,1.221036,-0.142093,1.161522,-0.744346,0.204458,-0.227487,-0.054505,-0.290440,0.151374
-1.187205,0.456349,0.676780,0.069941,-0.374758,-0.071622,0.118785,-0.299062,0.115520,1.384671,0.481586,0.109811,-1.766082,-0.609684,0.293790,0.828793,-1.001313,0.137044,0.261800,-0.317486,1.157260,-0.156009,1.023177,-0.742002,0.303060,-0.243467,-0.100696,-0.274276,0.103182
-1.104924,0.425466,0.645466,0.048796,-0.350880,-0.057597,0.111523,-0.304522,0.098481,1.303435,0.534841,0.076237,-1.672474,-0.594433,0.359017,0.821969,-1.039313,0.129127,0.261800,-0.323711,1.075959,-0.172630,0.858132,-0.744531,0.415932,-0.260031,-0.154832,-0.259332,0.045943
-1.005314,0.366415,0.583990,0.023510,-0.336574,-0.035594,0.103914,-0.283690,0.083354,1.201637,0.696385,0.045489,-1.409745,-0.568316,0.342813,0.804740,-1.062918,0.125739,0.261800,-0.321070,0.874173,-0.216343,0.531975,-0.757971,0.543423,-0.285373,-0.239072,-0.244735,-0.006253
-0.889339,0.273350,0.504811,-0.000851,-0.320621,-0.011786,0.090103,-0.253067,0.071734,1.074846,0.913096,0.012194,-1.123538,-0.537314,0.308149,0.793154,-1.052283,0.121376,0.260469,-0.318797,0.675143,-0.268030,0.216978,-0.768300,0.660496,-0.315074,-0.311499,-0.227828,-0.031224
-0.740632,0.112254,0.390224,-0.023364,-0.301375,0.015632,0.063887,-0.202862,0.067127,0.898071,1.240140,-0.026196,-0.790377,-0.496545,0.236567,0.792854,-0.973167,0.115064,0.256478,-0.317260,0.481624,-0.335667,-0.075698,-0.772407,0.756735,-0.353494,-0.360297,-0.206301,-0.001742
-0.585189,-0.112426,0.259835,-0.025104,-0.268465,0.049928,0.023000,-0.162399,0.080960,0.722669,1.573009,-0.116146,-0.491036,-0.448696,0.218169,0.822156,-0.904217,0.098776,0.257295,-0.340913,0.355939,-0.380287,-0.250444,-0.764375,0.840995,-0.392300,-0.376411,-0.170135,0.058834
-0.426379,-0.368898,0.121546,-0.016457,-0.228723,0.087664,-0.025222,-0.126806,0.104013,0.547955,1.908789,-0.231877,-0.208604,-0.397308,0.226363,0.866258,-0.840350,0.077501,0.260517,-0.377161,0.264170,-0.413400,-0.366224,-0.750273,0.919266,-0.431298,-0.376184,-0.126650,0.134959
-0.297596,-0.624369,-0.022243,0.055719,-0.208076,0.131854,-0.045634,-0.130739,0.178894,0.441587,2.036067,-0.379883,0.032596,-0.347799,0.213303,0.934365,-0.827638,0.024409,0.260562,-0.398884,0.181272,-0.358488,-0.378163,-0.663371,0.915200,-0.447591,-0.354778,-0.079945,0.196550
-0.176037,-0.858379,-0.174771,0.126859,-0.190940,0.163454,-0.072005,-0.113936,0.264415,0.363311,2.084043,-0.532652,0.249869,-0.300048,0.210117,1.016958,-0.826573,-0.033781,0.260732,-0.438950,0.113834,-0.263379,-0.380434,-0.581635,0.913125,-0.451004,-0.328096,-0.040512,0.244961
-0.068926,-1.049465,-0.344779,0.195925,-0.180825,0.169874,-0.110293,-0.055659,0.371215,0.341218,1.973418,-0.694946,0.419289,-0.255813,0.226683,1.128521,-0.848803,-0.102166,0.261153,-0.515704,0.077316,-0.087872,-0.363370,-0.510234,0.915032,-0.428658,-0.290862,-0.015624,0.267012
0.011521,-1.182061,-0.463576,0.258700,-0.196446,0.143748,-0.114217,0.003174,0.441687,0.332560,1.683255,-0.863862,0.539872,-0.239461,0.238939,1.189960,-0.863067,-0.149881,0.261496,-0.615655,0.044942,0.187160,-0.334211,-0.445156,0.879111,-0.388683,-0.253823,-0.011412,0.263774
0.078637,-1.285412,-0.556767,0.318329,-0.224935,0.101349,-0.100959,0.062284,0.493996,0.330620,1.303323,-1.036087,0.636036,-0.237051,0.249041,1.226336,-0.873348,-0.187260,0.261800,-0.727204,0.014639,0.511956,-0.299005,-0.383241,0.824277,-0.339892,-0.216883,-0.017537,0.247892
0.115308,-1.346668,-0.602314,0.353620,-0.249774,0.063404,-0.068556,0.083041,0.501228,0.342229,0.881142,-1.153119,0.695288,-0.218179,0.241153,1.219580,-0.874118,-0.218368,0.261800,-0.820420,-0.008362,0.791246,-0.296792,-0.262524,0.772650,-0.298543,-0.204621,-0.050547,0.232263
0.155006,-1.405925,-0.640674,0.384325,-0.265768,0.031279,-0.044175,0.091927,0.506774,0.349221,0.614720,-1.238551,0.740748,-0.206917,0.242325,1.209911,-0.871639,-0.243575,0.261800,-0.892680,-0.023914,1.004818,-0.299790,-0.166040,0.737119,-0.260196,-0.192963,-0.075383,0.216396
0.200760,-1.461186,-0.664663,0.405856,-0.264076,0.010795,-0.035837,0.077068,0.508952,0.346980,0.659816,-1.260783,0.758626,-0.210872,0.261616,1.194418,-0.862661,-0.256979,0.261800,-0.923031,-0.024569,1.086951,-0.313212,-0.118022,0.733779,-0.227852,-0.182509,-0.083871,0.200053
0.237815,-1.495811,-0.678444,0.412088,-0.250373,-0.001654,-0.053217,0.040801,0.508740,0.343670,0.915455,-1.263769,0.767627,-0.212713,0.270430,1.167587,-0.850505,-0.261396,0.261800,-0.940177,-0.010110,1.126084,-0.323637,-0.105492,0.748274,-0.209676,-0.171818,-0.098755,0.189335
0.270520,-1.520118,-0.687122,0.410672,-0.230666,-0.010086,-0.083456,-0.006172,0.507333,0.339826,1.276364,-1.257132,0.772190,-0.213496,0.274004,1.135087,-0.836759,-0.261319,0.261800,-0.950720,0.011905,1.143717,-0.332564,-0.110705,0.771687,-0.198585,-0.161009,-0.116837,0.181428
0.281924,-1.501142,-0.685037,0.379583,-0.220411,-0.003566,-0.129972,-0.094143,0.503235,0.331666,1.647333,-1.256580,0.756124,-0.180001,0.251484,1.110032,-0.835610,-0.261332,0.261800,-0.941432,0.031353,1.147772,-0.356953,-0.128691,0.784293,-0.191361,-0.152977,-0.137095,0.190884
0.289884,-1.473355,-0.682545,0.345955,-0.209134,0.003170,-0.166579,-0.179433,0.494522,0.322125,1.962356,-1.257418,0.740722,-0.152507,0.237621,1.090372,-0.835201,-0.258580,0.261800,-0.933910,0.047064,1.152128,-0.379353,-0.139351,0.791831,-0.186675,-0.148355,-0.151568,0.199887
0.290959,-1.427946,-0.679237,0.307250,-0.195813,0.010340,-0.183371,-0.259358,0.476579,0.309821,2.165487,-1.261035,0.726652,-0.137018,0.241069,1.081504,-0.836269,-0.250295,0.261800,-0.929917,0.055299,1.157087,-0.397774,-0.135361,0.789231,-0.187068,-0.150553,-0.154473,0.207982
0.283628,-1.372389,-0.675554,0.272757,-0.179757,0.018141,-0.185404,-0.319182,0.453761,0.295703,2.279658,-1.266379,0.719500,-0.137380,0.243796,1.079087,-0.833313,-0.237884,0.261800,-0.928024,0.065120,1.160728,-0.411672,-0.129178,0.790420,-0.187555,-0.150670,-0.154035,0.214151
0.272094,-1.311756,-0.671682,0.240369,-0.162334,0.026258,-0.180057,-0.368957,0.428504,0.280679,2.349348,-1.272586,0.715808,-0.145668,0.246161,1.079896,-0.828345,-0.223410,0.261800,-0.927181,0.075735,1.163710,-0.423308,-0.121898,0.793504,-0.188089,-0.149747,-0.151925,0.219358
0.254885,-1.278183,-0.671294,0.217486,-0.159432,0.034529,-0.159185,-0.381514,0.405422,0.263168,2.339521,-1.282458,0.715491,-0.147412,0.270567,1.078828,-0.828522,-0.211126,0.261800,-0.925509,0.083395,1.171986,-0.426091,-0.113343,0.806200,-0.183254,-0.143624,-0.150904,0.220827
0.241880,-1.255878,-0.671685,0.194424,-0.157833,0.046627,-0.138335,-0.386632,0.385543,0.237084,2.321920,-1.293435,0.712350,-0.140264,0.300939,1.073386,-0.835392,-0.198976,0.261800,-0.919956,0.085663,1.184530,-0.425147,-0.102486,0.825805,-0.176681,-0.135779,-0.150210,0.222873
0.237282,-1.256111,-0.673631,0.171003,-0.158838,0.066379,-0.117530,-0.376870,0.372074,0.193853,2.288774,-1.306624,0.703561,-0.115329,0.343244,1.059195,-0.855649,-0.187093,0.261800,-0.906639,0.077145,1.205610,-0.416748,-0.087024,0.859227,-0.166632,-0.124490,-0.150172,0.226072
0.232174,-1.237006,-0.669335,0.153872,-0.150606,0.076003,-0.104508,-0.378045,0.355167,0.173057,2.284054,-1.313192,0.702007,-0.112044,0.342590,1.055471,-0.860989,-0.175839,0.261800,-0.904037,0.079421,1.212285,-0.416768,-0.077948,0.870516,-0.164605,-0.119989,-0.147875,0.228596
0.226813,-1.208233,-0.661919,0.139887,-0.137754,0.080563,-0.095376,-0.384688,0.336541,0.163478,2.293547,-1.316451,0.704072,-0.119584,0.320458,1.056980,-0.858871,-0.164899,0.261800,-0.906792,0.087095,1.211757,-0.420997,-0.072066,0.870737,-0.166587,-0.118883,-0.144446,0.230784
0.228748,-1.189830,-0.650834,0.120560,-0.134386,0.081342,-0.088784,-0.395321,0.321376,0.154295,2.317729,-1.320579,0.702850,-0.124077,0.309176,1.052345,-0.862560,-0.150358,0.261800,-0.908121,0.094440,1.211263,-0.425592,-0.066337,0.867841,-0.169266,-0.119194,-0.141604,0.233582
0.231129,-1.179644,-0.640510,0.100837,-0.134398,0.085109,-0.082252,-0.402526,0.309601,0.140080,2.336385,-1.325888,0.699886,-0.124126,0.309695,1.044389,-0.869196,-0.135937,0.261800,-0.905455,0.097460,1.213802,-0.428678,-0.059333,0.864821,-0.170515,-0.120761,-0.138841,0.235575
0.234400,-1.185893,-0.631707,0.080324,-0.141169,0.094854,-0.075838,-0.402875,0.304606,0.115801,2.343985,-1.333561,0.693440,-0.115288,0.333819,1.029791,-0.881727,-0.121754,0.261800,-0.894798,0.091829,1.222410,-0.428745,-0.049779,0.861555,-0.168907,-0.124841,-0.136235,0.235957
0.235319,-1.180263,-0.623057,0.065385,-0.140304,0.100695,-0.069575,-0.402754,0.296450,0.102726,2.342688,-1.337659,0.689519,-0.110188,0.339626,1.020338,-0.886161,-0.110866,0.261800,-0.887402,0.090261,1.225948,-0.432199,-0.046314,0.860339,-0.165629,-0.124785,-0.137404,0.238434
0.235061,-1.168695,-0.614483,0.053233,-0.135620,0.104586,-0.063387,-0.402397,0.286714,0.095254,2.336942,-1.339971,0.686861,-0.106957,0.336276,1.013458,-0.886546,-0.101624,0.261800,-0.881636,0.090726,1.226953,-0.437345,-0.045895,0.860149,-0.161517,-0.122660,-0.140461,0.241959
0.232603,-1.156163,-0.604743,0.042967,-0.127848,0.106000,-0.058911,-0.406513,0.274336,0.093242,2.312203,-1.342012,0.682961,-0.114906,0.330987,1.009208,-0.884720,-0.094090,0.261800,-0.879580,0.095673,1.223399,-0.444107,-0.047037,0.862797,-0.155414,-0.119333,-0.144379,0.244305
0.228768,-1.142746,-0.595028,0.032116,-0.116146,0.107402,-0.055858,-0.409185,0.260525,0.092581,2.280196,-1.344001,0.678106,-0.122908,0.325808,1.005180,-0.882323,-0.087065,0.261800,-0.878038,0.100900,1.219218,-0.451005,-0.048882,0.866817,-0.148967,-0.116411,-0.148713,0.245925
0.222182,-1.127560,-0.585365,0.020091,-0.096582,0.108784,-0.055649,-0.408968,0.243848,0.094621,2.233655,-1.345885,0.671345,-0.131014,0.320847,1.001596,-0.878788,-0.081058,0.261800,-0.877523,0.106691,1.213783,-0.458177,-0.052133,0.873579,-0.141830,-0.114301,-0.153881,0.246093
0.216485,-1.111938,-0.576100,0.007982,-0.074338,0.109095,-0.052382,-0.414593,0.224408,0.099045,2.166598,-1.349286,0.661636,-0.143905,0.309144,1.000424,-0.874076,-0.076880,0.261800,-0.877619,0.112071,1.207186,-0.466398,-0.056028,0.881596,-0.133290,-0.112261,-0.156695,0.244308
0.211233,-1.096098,-0.567034,-0.004169,-0.050754,0.108871,-0.047587,-0.423141,0.203587,0.104662,2.089283,-1.353446,0.650454,-0.159189,0.294070,1.000457,-0.868777,-0.073617,0.261800,-0.878021,0.117246,1.200007,-0.475144,-0.060244,0.890240,-0.124048,-0.110258,-0.158332,0.241546
0.202252,-1.090788,-0.552928,-0.017065,-0.023253,0.109682,-0.046312,-0.431287,0.179380,0.118507,1.965454,-1.368519,0.624854,-0.169479,0.272192,1.002643,-0.868019,-0.073544,0.261800,-0.875700,0.122915,1.186241,-0.487422,-0.074147,0.902496,-0.110893,-0.105221,-0.152697,0.237782
0.192942,-1.084253,-0.538754,-0.027604,0.001451,0.109098,-0.044524,-0.432825,0.154155,0.135047,1.824549,-1.387848,0.594363,-0.180385,0.246160,1.004769,-0.865607,-0.075712,0.261800,-0.872615,0.129382,1.167761,-0.501442,-0.094361,0.914650,-0.101215,-0.102016,-0.142565,0.233994
0.182974,-1.075270,-0.524446,-0.033430,0.020561,0.105723,-0.041711,-0.421149,0.126891,0.156977,1.649491,-1.415689,0.554089,-0.192521,0.211820,1.006777,-0.859884,-0.082362,0.261800,-0.868000,0.137445,1.139853,-0.518944,-0.127198,0.926602,-0.098494,-0.102477,-0.123438,0.230159
0.172087,-1.047190,-0.501608,-0.025836,0.009405,0.100555,-0.025766,-0.398424,0.108636,0.191928,1.444531,-1.465723,0.491296,-0.219799,0.154179,1.011998,-0.850851,-0.090996,0.261800,-0.861790,0.137703,1.078300,-0.541350,-0.176425,0.919354,-0.105728,-0.105498,-0.090747,0.228714
0.160741,-1.009563,-0.474505,-0.011532,-0.016885,0.094490,-0.003253,-0.370175,0.094886,0.233388,1.224619,-1.526853,0.417243,-0.254648,0.084888,1.018825,-0.840162,-0.100621,0.261800,-0.854781,0.134060,0.999923,-0.566207,-0.233847,0.902507,-0.117941,-0.109801,-0.051275,0.228464
0.157767,-0.945631,-0.438009,0.042423,-0.080981,0.089261,0.041030,-0.317642,0.088404,0.278774,0.982461,-1.606059,0.332218,-0.313415,0.058749,1.009719,-0.809899,-0.113938,0.261800,-0.850463,0.122444,0.881349,-0.592155,-0.289970,0.889390,-0.163632,-0.136629,0.021024,0.215019
0.149932,-0.884571,-0.397194,0.110316,-0.155061,0.089018,0.084324,-0.270098,0.082871,0.327541,0.771085,-1.683857,0.240084,-0.367227,0.039113,1.000215,-0.786023,-0.130848,0.261800,-0.850560,0.108944,0.748830,-0.607313,-0.327574,0.873463,-0.214814,-0.168681,0.098359,0.193781
0.132375,-0.829256,-0.347737,0.206087,-0.249106,0.098750,0.125642,-0.232531,0.079234,0.383068,0.621276,-1.758839,0.133730,-0.411127,0.032483,0.989913,-0.774920,-0.154945,0.261800,-0.859490,0.091679,0.588423,-0.600892,-0.328141,0.851916,-0.276977,-0.211182,0.185765,0.156958
0.091559,-0.773635,-0.298085,0.310235,-0.349972,0.112960,0.149720,-0.213567,0.081599,0.450126,0.528022,-1.839945,0.028864,-0.441569,0.039043,0.983203,-0.791499,-0.180267,0.261800,-0.878174,0.056418,0.467494,-0.567652,-0.315697,0.835002,-0.316557,-0.254339,0.278833,0.099629
0.039113,-0.717861,-0.248334,0.418572,-0.454248,0.129411,0.165179,-0.203905,0.086966,0.522948,0.463045,-1.924112,-0.075258,-0.465281,0.052199,0.978288,-0.821919,-0.206200,0.261800,-0.901737,0.012159,0.366303,-0.521003,-0.296748,0.820405,-0.344845,-0.297825,0.374732,0.032048
-0.067833,-0.661398,-0.187658,0.519829,-0.560040,0.142125,0.167068,-0.218555,0.088627,0.677867,0.465877,-2.054750,-0.147007,-0.516273,0.034020,1.028262,-0.940287,-0.235881,0.261800,-0.982044,-0.070488,0.317352,-0.403721,-0.249673,0.765261,-0.338765,-0.318535,0.468641,-0.052390
-0.183612,-0.620384,-0.124205,0.614534,-0.658544,0.147192,0.154866,-0.215591,0.093263,0.851302,0.493174,-2.193305,-0.209669,-0.567374,0.000298,1.075531,-1.087836,-0.256895,0.261800,-1.080043,-0.147117,0.306951,-0.227563,-0.223275,0.684727,-0.334247,-0.321982,0.539823,-0.123161
-0.317052,-0.610266,-0.055197,0.696137,-0.742473,0.136963,0.114483,-0.177399,0.103848,1.061770,0.569400,-2.347693,-0.254153,-0.618691,-0.064509,1.117392,-1.293747,-0.260574,0.261800,-1.213422,-0.211707,0.373654,0.066348,-0.238233,0.553418,-0.332850,-0.290903,0.565551,-0.166600
-0.426227,-0.627386,0.009382,0.752839,-0.784030,0.125840,0.065949,-0.111426,0.133880,1.244556,0.662698,-2.466236,-0.267043,-0.669111,-0.111380,1.134432,-1.493381,-0.261800,0.261800,-1.314538,-0.222875,0.469313,0.383733,-0.362750,0.455140,-0.326360,-0.221969,0.520017,-0.118361
-0.523268,-0.658125,0.071747,0.797090,-0.804401,0.114270,0.013340,-0.031562,0.173635,1.413501,0.764532,-2.566856,-0.264136,-0.719083,-0.149281,1.139061,-1.689878,-0.261800,0.261800,-1.399523,-0.207331,0.579451,0.712855,-0.542047,0.373379,-0.317321,-0.134109,0.438851,-0.024285
-0.599831,-0.734034,0.094485,0.821129,-0.828008,0.124343,-0.052474,0.042655,0.204826,1.532562,0.922416,-2.576394,-0.258014,-0.747475,-0.228332,1.152328,-1.769223,-0.261800,0.261800,-1.399809,-0.200043,0.618349,0.830270,-0.601844,0.317829,-0.291333,-0.080654,0.427137,0.025696
-0.663147,-0.804586,0.112812,0.841782,-0.844191,0.132832,-0.114635,0.112958,0.236212,1.637209,1.072710,-2.583212,-0.251691,-0.772817,-0.306170,1.162435,-1.833394,-0.261800,0.261800,-1.400000,-0.193115,0.653400,0.927736,-0.662239,0.269571,-0.267738,-0.034122,0.415836,0.072164
-0.699970,-0.864423,0.122315,0.855662,-0.845524,0.138150,-0.169488,0.175433,0.267987,1.713030,1.207822,-2.584593,-0.244964,-0.792062,-0.381586,1.166224,-1.867215,-0.261800,0.261800,-1.400000,-0.186909,0.680756,0.985304,-0.723830,0.235894,-0.248929,-0.001435,0.405361,0.111606
-0.731585,-0.918805,0.125685,0.863474,-0.847328,0.141378,-0.213703,0.223876,0.295002,1.770571,1.315469,-2.587502,-0.242921,-0.807649,-0.440474,1.167180,-1.892915,-0.261800,0.261800,-1.400000,-0.187124,0.700768,1.020498,-0.765669,0.212383,-0.236762,0.019176,0.400382,0.133068
-0.760596,-0.970458,0.125988,0.868252,-0.849368,0.143559,-0.252597,0.265303,0.319638,1.818972,1.409383,-2.591174,-0.243219,-0.821408,-0.491096,1.166720,-1.914554,-0.261800,0.261800,-1.400000,-0.190550,0.717106,1.044504,-0.797632,0.193954,-0.227915,0.033750,0.398152,0.145541
-0.778787,-1.006502,0.127039,0.869842,-0.853974,0.147345,-0.275847,0.290965,0.335879,1.850527,1.468637,-2.599869,-0.244449,-0.833447,-0.521343,1.164381,-1.932949,-0.261800,0.261800,-1.400000,-0.198403,0.731182,1.061764,-0.827030,0.183942,-0.223386,0.044514,0.396007,0.159726
-0.794620,-1.036855,0.126441,0.871601,-0.856002,0.150538,-0.296839,0.314315,0.351061,1.877730,1.520567,-2.608766,-0.244748,-0.844671,-0.548054,1.161539,-1.949478,-0.261800,0.261800,-1.400000,-0.206401,0.744602,1.076034,-0.855597,0.175686,-0.219804,0.052894,0.392456,0.171954
-0.805738,-1.055829,0.122546,0.873700,-0.852877,0.152544,-0.313318,0.333045,0.364127,1.896226,1.557847,-2.618070,-0.243188,-0.854265,-0.567697,1.157693,-1.962277,-0.261800,0.261800,-1.400000,-0.214686,0.756715,1.084323,-0.882504,0.170940,-0.218118,0.056505,0.386091,0.180267
-0.812023,-1.071473,0.117682,0.873814,-0.854159,0.154933,-0.323047,0.347813,0.374442,1.910447,1.583119,-2.624539,-0.240810,-0.859382,-0.578719,1.154987,-1.972166,-0.261800,0.261800,-1.400000,-0.223330,0.770144,1.093383,-0.905051,0.169384,-0.215983,0.060486,0.378487,0.188878
-0.815892,-1.085452,0.112334,0.872936,-0.857643,0.157514,-0.329401,0.360602,0.383381,1.922530,1.602387,-2.629590,-0.238023,-0.862261,-0.585432,1.152852,-1.980599,-0.261800,0.261800,-1.400000,-0.232155,0.784233,1.102829,-0.925417,0.169423,-0.213625,0.064652,0.370262,0.197637
-0.818998,-1.091415,0.105743,0.873039,-0.855096,0.158667,-0.335730,0.369063,0.389733,1.925197,1.617638,-2.629633,-0.232675,-0.863798,-0.591217,1.151258,-1.984512,-0.261800,0.261800,-1.400000,-0.239400,0.792830,1.110232,-0.939309,0.170820,-0.211248,0.067767,0.357196,0.207615
-0.821572,-1.096102,0.098869,0.874071,-0.853027,0.159288,-0.340057,0.375355,0.395365,1.925994,1.629727,-2.629582,-0.226156,-0.863722,-0.595385,1.149908,-1.988383,-0.261800,0.261800,-1.400000,-0.245680,0.801464,1.116113,-0.950881,0.170971,-0.208442,0.070471,0.344677,0.217131
-0.823081,-1.098236,0.091429,0.876958,-0.851911,0.158845,-0.340379,0.377307,0.399559,1.923051,1.635494,-2.629342,-0.217295,-0.860420,-0.596320,1.149048,-1.992169,-0.261800,0.261800,-1.400000,-0.250032,0.810170,1.118949,-0.957811,0.168631,-0.204776,0.072351,0.333251,0.225723
-0.821969,-1.098927,0.085989,0.879174,-0.849253,0.157315,-0.340542,0.380044,0.402694,1.919501,1.635421,-2.629656,-0.210835,-0.856057,-0.594446,1.146628,-1.994473,-0.261800,0.261800,-1.400000,-0.257967,0.817106,1.120014,-0.966146,0.170301,-0.203894,0.073183,0.325928,0.231207
-0.819548,-1.098896,0.081550,0.881054,-0.845823,0.155242,-0.340625,0.383173,0.405301,1.915648,1.632428,-2.630246,-0.205575,-0.851162,-0.591168,1.143428,-1.996036,-0.261800,0.261800,-1.400000,-0.267693,0.823157,1.120193,-0.975183,0.173976,-0.204402,0.073490,0.320656,0.235139
-0.816583,-1.096772,0.078228,0.882532,-0.843079,0.153048,-0.337290,0.385197,0.408014,1.908356,1.636186,-2.628830,-0.196643,-0.845538,-0.592161,1.140709,-1.996787,-0.261800,0.261800,-1.400000,-0.274448,0.824512,1.115050,-0.981106,0.175607,-0.205293,0.071910,0.314003,0.239587
-0.814513,-1.094129,0.074560,0.885598,-0.839740,0.151326,-0.335908,0.386767,0.410710,1.900500,1.639670,-2.626607,-0.187144,-0.839715,-0.592527,1.138774,-1.997345,-0.261800,0.261800,-1.400000,-0.280472,0.826788,1.110543,-0.984479,0.176748,-0.205002,0.071067,0.307977,0.244328
-0.814233,-1.090447,0.070199,0.891843,-0.835212,0.150548,-0.338429,0.387427,0.413372,1.891515,1.642607,-2.622769,-0.176511,-0.833495,-0.591641,1.138407,-1.997518,-0.261800,0.261800,-1.400000,-0.285036,0.830909,1.107310,-0.982750,0.176907,-0.202346,0.071703,0.303204,0.249654
-0.812138,-1.088929,0.067377,0.896562,-0.831850,0.149705,-0.340684,0.389870,0.415665,1.884710,1.644676,-2.620479,-0.167430,-0.827389,-0.591013,1.136923,-1.998343,-0.261800,0.261800,-1.400000,-0.291965,0.836243,1.104989,-0.979202,0.176716,-0.201112,0.072401,0.303205,0.252382
-0.809135,-1.088492,0.065326,0.900518,-0.829072,0.148830,-0.342805,0.393206,0.417773,1.878994,1.646312,-2.618963,-0.159124,-0.821341,-0.590514,1.134881,-1.999494,-0.261800,0.261800,-1.400000,-0.300075,0.842184,1.103124,-0.974745,0.176349,-0.200589,0.073131,0.305594,0.253811
-0.804655,-1.089786,0.062096,0.899581,-0.822878,0.149785,-0.343817,0.398933,0.419379,1.875065,1.652243,-2.617272,-0.150684,-0.820980,-0.590779,1.134277,-2.002141,-0.261800,0.261800,-1.400000,-0.307130,0.847577,1.107603,-0.967671,0.175996,-0.200599,0.075390,0.308248,0.254536
-0.798853,-1.090026,0.058353,0.899790,-0.818687,0.151122,-0.343372,0.404472,0.420414,1.870701,1.656109,-2.614234,-0.142351,-0.821502,-0.590926,1.134225,-2.005299,-0.261800,0.261800,-1.400000,-0.314180,0.852830,1.112929,-0.959251,0.175771,-0.200089,0.077280,0.309970,0.255665
-0.790408,-1.088159,0.053580,0.902288,-0.818507,0.153227,-0.340012,0.409638,0.420308,1.865468,1.655842,-2.608500,-0.134231,-0.823787,-0.590840,1.135276,-2.009480,-0.261800,0.261800,-1.400000,-0.321217,0.857803,1.119951,-0.948140,0.175803,-0.198538,0.078432,0.309826,0.257599
-0.780098,-1.087573,0.049872,0.903625,-0.816367,0.156199,-0.337204,0.415915,0.419649,1.859927,1.653799,-2.603995,-0.126116,-0.826720,-0.591619,1.138787,-2.012913,-0.261800,0.261800,-1.400000,-0.328190,0.867847,1.128203,-0.933028,0.178520,-0.196399,0.079596,0.312620,0.259633
-0.768857,-1.087630,0.046696,0.904383,-0.813247,0.159604,-0.334672,0.422748,0.418714,1.854234,1.650867,-2.600104,-0.118003,-0.829978,-0.592831,1.143529,-2.015972,-0.261800,0.261800,-1.400000,-0.335132,0.880426,1.137070,-0.915915,0.182580,-0.193964,0.080766,0.316883,0.261716
-0.749145,-1.084742,0.043606,0.907670,-0.808538,0.163047,-0.329954,0.432464,0.416611,1.845624,1.655072,-2.595696,-0.112553,-0.836734,-0.597820,1.148957,-2.018766,-0.261800,0.261800,-1.400000,-0.344953,0.898382,1.147015,-0.898492,0.195430,-0.192690,0.080294,0.326275,0.257668
-0.727038,-1.080342,0.040637,0.911177,-0.803177,0.167305,-0.323376,0.441202,0.412829,1.832554,1.658922,-2.588333,-0.107902,-0.842074,-0.603242,1.156816,-2.021629,-0.261800,0.261800,-1.400000,-0.354716,0.918287,1.159717,-0.876700,0.209336,-0.191518,0.079377,0.336087,0.251248
-0.700142,-1.072921,0.037908,0.915121,-0.796512,0.173192,-0.313079,0.447985,0.405685,1.810564,1.662062,-2.575062,-0.104852,-0.844580,-0.609531,1.169540,-2.024628,-0.261800,0.261800,-1.400000,-0.364368,0.942092,1.177932,-0.846171,0.225351,-0.190550,0.077567,0.346740,0.240086
-0.664420,-1.059115,0.036322,0.918509,-0.785341,0.180919,-0.297068,0.449599,0.395610,1.771177,1.665624,-2.552596,-0.101625,-0.837693,-0.617449,1.190947,-2.029428,-0.261800,0.261800,-1.400000,-0.377896,0.974155,1.202863,-0.805468,0.252067,-0.191690,0.067708,0.364511,0.211868
-0.624284,-1.042116,0.035307,0.921620,-0.771918,0.189566,-0.278201,0.448629,0.384068,1.723093,1.669397,-2.525533,-0.098310,-0.826109,-0.626182,1.216696,-2.035127,-0.261800,0.261800,-1.400000,-0.393363,1.010347,1.231152,-0.759678,0.284133,-0.193884,0.053824,0.385841,0.175123
-0.560687,-1.015390,0.037737,0.907753,-0.769168,0.198917,-0.242268,0.433588,0.365936,1.628639,1.662636,-2.479812,-0.103169,-0.794287,-0.630254,1.267474,-2.046092,-0.261800,0.261800,-1.400000,-0.407416,1.053439,1.257145,-0.707647,0.313933,-0.194776,0.033060,0.409772,0.114687
-0.490898,-0.985615,0.040733,0.887331,-0.766723,0.200936,-0.203177,0.411361,0.346008,1.513038,1.651512,-2.425232,-0.112636,-0.750400,-0.632866,1.330465,-2.053467,-0.261800,0.261800,-1.400000,-0.426457,1.094638,1.272361,-0.656529,0.345219,-0.196582,0.010909,0.434150,0.056226
-0.408723,-0.949742,0.044858,0.853798,-0.764888,0.188293,-0.157771,0.374765,0.322487,1.355141,1.631663,-2.352936,-0.131317,-0.682381,-0.632557,1.417886,-2.053660,-0.261800,0.261800,-1.400000,-0.455474,1.132050,1.266023,-0.607238,0.379480,-0.200215,-0.014014,0.459423,0.001715
-0.320746,-0.898385,0.051416,0.801838,-0.775316,0.146876,-0.123144,0.321101,0.302318,1.167084,1.594726,-2.258824,-0.150445,-0.566076,-0.625662,1.534387,-2.035836,-0.261800,0.261800,-1.400000,-0.492767,1.162588,1.217692,-0.560113,0.397964,-0.200914,-0.049795,0.451130,-0.064318
-0.229867,-0.839286,0.059191,0.740665,-0.791875,0.091072,-0.093906,0.258901,0.283824,0.963947,1.549245,-2.153804,-0.169796,-0.425628,-0.615474,1.665428,-2.009004,-0.261800,0.261800,-1.400000,-0.534198,1.189689,1.148365,-0.514071,0.408560,-0.200145,-0.091005,0.426053,-0.136113
-0.181295,-0.758552,0.094755,0.692305,-0.788824,-0.036739,-0.084574,0.172381,0.281802,0.818627,1.496684,-2.053816,-0.196033,-0.191391,-0.628069,1.797583,-1.907816,-0.261800,0.242508,-1.400000,-0.575500,1.165620,1.007935,-0.494740,0.372321,-0.198812,-0.145696,0.396332,-0.240102
-0.160261,-0.672894,0.139646,0.648298,-0.774663,-0.168773,-0.073687,0.086789,0.279443,0.716174,1.437678,-1.960824,-0.224041,0.013068,-0.623291,1.913836,-1.799715,-0.261800,0.221233,-1.400000,-0.605850,1.129025,0.852654,-0.490473,0.344774,-0.196150,-0.204123,0.359595,-0.325139
-0.194307,-0.577389,0.203189,0.612997,-0.738279,-0.309253,-0.059687,0.003050,0.276406,0.699455,1.365782,-1.881824,-0.255590,0.157974,-0.583769,1.998280,-1.677786,-0.261800,0.195993,-1.400000,-0.614296,1.067376,0.667673,-0.516336,0.334613,-0.190829,-0.270024,0.308827,-0.372272
-0.280422,-0.476236,0.332192,0.570905,-0.689074,-0.415361,-0.069143,-0.077211,0.326379,0.766937,1.278110,-1.823431,-0.318261,0.217006,-0.516311,1.993109,-1.580659,-0.261800,0.180910,-1.400000,-0.623834,0.967204,0.500623,-0.571370,0.336110,-0.185914,-0.316978,0.259991,-0.435752
-0.392572,-0.372259,0.493924,0.525418,-0.633458,-0.504284,-0.090327,-0.155734,0.402857,0.876519,1.182551,-1.775341,-0.396492,0.233100,-0.434884,1.943130,-1.495933,-0.261800,0.170907,-1.400000,-0.633918,0.847770,0.342539,-0.640990,0.343436,-0.181202,-0.354457,0.212120,-0.507406
-0.578639,-0.252831,0.705344,0.426585,-0.598181,-0.513714,-0.092623,-0.222266,0.410503,1.153163,1.061496,-1.552266,-0.376242,0.183725,-0.356705,1.805564,-1.455841,-0.261800,0.181959,-1.394852,-0.606692,0.666182,0.189449,-0.742752,0.288165,-0.180095,-0.363354,0.196292,-0.554542
-0.758649,-0.141527,0.846530,0.328983,-0.555901,-0.413314,-0.062023,-0.273373,0.400722,1.408740,0.934208,-1.103970,-0.313479,0.152761,-0.286008,1.509145,-1.517045,-0.261800,0.195237,-1.182484,-0.591994,0.452210,0.015040,-0.740765,0.249609,-0.203060,-0.349147,0.208788,-0.575460
-0.926545,-0.046474,0.847252,0.233841,-0.499613,-0.093257,0.034368,-0.293633,0.356084,1.622182,0.794454,-0.205233,-0.165690,0.158619,-0.230276,0.895016,-1.780843,-0.261800,0.212965,-0.555676,-0.602350,0.173467,-0.202007,-0.531280,0.244483,-0.274170,-0.288732,0.277932,-0.543940
-1.087584,0.028998,0.930840,0.183800,-0.429600,0.040146,0.133052,-0.313326,0.394003,1.789343,0.666145,0.061462,-0.102841,0.150581,-0.182445,0.705613,-1.873031,-0.261800,0.209266,-0.407155,-0.598743,-0.031119,-0.261083,-0.481347,0.229136,-0.302043,-0.243775,0.228101,-0.464274
-1.245195,0.094679,1.055859,0.156307,-0.352723,0.080222,0.232883,-0.332735,0.473200,1.933364,0.543560,0.012135,-0.082463,0.135594,-0.138566,0.728573,-1.879413,-0.261800,0.194853,-0.497777,-0.588154,-0.198627,-0.241174,-0.511190,0.208679,-0.308296,-0.206546,0.118783,-0.360535
-1.345707,0.147979,1.127696,0.114616,-0.287123,0.135490,0.324336,-0.318041,0.478938,2.013210,0.452103,0.016173,-0.017839,0.077636,-0.105100,0.725617,-1.860073,-0.261799,0.187177,-0.603480,-0.526075,-0.273051,-0.229590,-0.561970,0.236256,-0.310910,-0.182585,0.076292,-0.204131
-1.429684,0.196092,1.192617,0.079100,-0.229481,0.190590,0.404802,-0.304973,0.485297,2.084465,0.375227,0.019552,0.037810,0.024398,-0.084082,0.720999,-1.835878,-0.261744,0.175383,-0.696166,-0.467352,-0.331321,-0.225869,-0.605305,0.258954,-0.311920,-0.162074,0.044294,-0.069154
-1.480591,0.233832,1.243704,0.055936,-0.187758,0.245353,0.463293,-0.295154,0.492896,2.138537,0.327509,0.021613,0.075507,-0.019402,-0.087963,0.713056,-1.801973,-0.261581,0.155351,-0.762816,-0.415343,-0.357282,-0.237873,-0.633752,0.271898,-0.309723,-0.148465,0.033283,0.022968
-1.507128,0.257030,1.286744,0.042949,-0.158371,0.290579,0.495291,-0.288822,0.496998,2.168358,0.287679,0.010453,0.086711,-0.033371,-0.094537,0.710474,-1.771814,-0.261590,0.136083,-0.825729,-0.371594,-0.375374,-0.239356,-0.651791,0.262141,-0.307174,-0.133413,0.025108,0.095009
-1.521482,0.272957,1.325761,0.035051,-0.135153,0.331036,0.514042,-0.284234,0.499351,2.186053,0.251793,-0.007317,0.084668,-0.032425,-0.102458,0.710573,-1.743527,-0.261687,0.117197,-0.886773,-0.331974,-0.389532,-0.235578,-0.664626,0.241035,-0.304450,-0.117639,0.018351,0.157008
-1.497383,0.279868,1.269796,0.014132,-0.124854,0.234832,0.505507,-0.300172,0.486307,2.188961,0.215055,0.096047,-0.195778,-0.046559,-0.093645,0.740796,-1.558614,-0.261755,0.107502,-0.828758,-0.018315,-0.376951,-0.315716,-0.658416,0.225286,-0.307079,-0.093930,0.035328,0.214837
-1.482220,0.271956,1.207422,0.000708,-0.117411,0.135737,0.490260,-0.314328,0.480815,2.188433,0.191255,0.188408,-0.526904,-0.043766,-0.085332,0.782433,-1.342290,-0.261545,0.098092,-0.756014,0.315040,-0.376323,-0.286606,-0.671355,0.216345,-0.312586,-0.080925,0.040244,0.258675
-1.484926,0.234398,1.132229,0.002275,-0.115679,0.030861,0.461591,-0.324917,0.490427,2.181034,0.193327,0.258766,-0.959389,-0.007118,-0.078020,0.846896,-1.063145,-0.260780,0.089254,-0.653815,0.687788,-0.399600,-0.038996,-0.722592,0.221017,-0.323850,-0.089325,0.021038,0.274533
-1.464086,0.201514,0.978970,-0.006352,-0.116723,-0.036098,0.439824,-0.342631,0.495823,2.182192,0.198835,0.367085,-1.207929,0.008762,-0.070084,0.783226,-0.841121,-0.260423,0.082786,-0.512742,0.914562,-0.423107,0.057032,-0.748149,0.257435,-0.326152,-0.093270,-0.001087,0.282267
-1.431472,0.170966,0.786677,-0.020077,-0.119153,-0.084098,0.421507,-0.363909,0.499111,2.187629,0.206060,0.494386,-1.364496,0.014257,-0.061838,0.655487,-0.647657,-0.260270,0.077502,-0.352232,1.068348,-0.446728,0.077269,-0.760865,0.309725,-0.323973,-0.094987,-0.024671,0.285938
-1.390183,0.131608,0.716888,-0.028408,-0.123636,-0.110512,0.411301,-0.383430,0.499250,2.198575,0.217270,0.489267,-1.396804,0.018090,-0.054314,0.612335,-0.596356,-0.260164,0.069820,-0.323602,1.096224,-0.454900,0.058293,-0.779036,0.356171,-0.327725,-0.094236,-0.038856,0.293173
-1.345202,0.090079,0.654975,-0.040909,-0.127270,-0.133935,0.401290,-0.400561,0.496032,2.208799,0.226875,0.473716,-1.421409,0.011802,-0.045586,0.575424,-0.560427,-0.259942,0.062513,-0.303424,1.117701,-0.462007,0.036186,-0.794710,0.398681,-0.331486,-0.094065,-0.051051,0.299482
-1.292840,0.044206,0.608814,-0.061751,-0.129206,-0.151373,0.391669,-0.412912,0.486099,2.217574,0.233270,0.437300,-1.430605,-0.014726,-0.034451,0.550992,-0.555245,-0.259486,0.055959,-0.300148,1.126383,-0.466984,0.007818,-0.805390,0.433321,-0.335268,-0.095055,-0.059263,0.303938
-1.227017,-0.004239,0.560603,-0.079753,-0.128557,-0.165346,0.384884,-0.421538,0.472297,2.208252,0.237392,0.390561,-1.428690,-0.044024,-0.026513,0.525573,-0.552776,-0.255965,0.051269,-0.293107,1.130921,-0.469195,-0.016991,-0.812347,0.472589,-0.339136,-0.095469,-0.068363,0.305775
-1.154463,-0.053969,0.511367,-0.096334,-0.126616,-0.177587,0.379516,-0.428302,0.456561,2.189880,0.240378,0.338660,-1.421219,-0.074708,-0.020172,0.499660,-0.551664,-0.250911,0.047512,-0.284183,1.133387,-0.470022,-0.040021,-0.817443,0.514172,-0.343047,-0.095594,-0.077907,0.306301
-1.060501,-0.106582,0.462569,-0.117116,-0.117466,-0.181175,0.353702,-0.425333,0.432297,2.137388,0.240765,0.273487,-1.396540,-0.124531,-0.020586,0.472947,-0.546993,-0.241082,0.049004,-0.278306,1.127840,-0.475102,-0.064138,-0.811230,0.544425,-0.345982,-0.093600,-0.076953,0.312442
-0.961682,-0.161609,0.412182,-0.129014,-0.107073,-0.181100,0.328483,-0.422820,0.406921,2.073173,0.246079,0.201013,-1.363504,-0.160035,-0.026193,0.448251,-0.543085,-0.228965,0.049159,-0.268355,1.118792,-0.479626,-0.091729,-0.792860,0.573825,-0.349155,-0.094388,-0.078638,0.316966
-0.853150,-0.221463,0.358619,-0.123142,-0.094198,-0.173698,0.304452,-0.421220,0.379319,1.985510,0.261247,0.113939,-1.313757,-0.166901,-0.042186,0.427590,-0.540707,-0.212275,0.046641,-0.250259,1.102740,-0.483042,-0.126268,-0.750174,0.601519,-0.352801,-0.100741,-0.085600,0.318253
-0.742481,-0.282862,0.298160,-0.109174,-0.083619,-0.165261,0.301578,-0.426574,0.352891,1.877635,0.289275,0.000232,-1.245725,-0.169919,-0.075092,0.418055,-0.550022,-0.197245,0.049046,-0.217865,1.071554,-0.477533,-0.169302,-0.681683,0.621679,-0.362375,-0.114187,-0.065155,0.296339
-0.630743,-0.345032,0.234254,-0.091160,-0.074188,-0.156308,0.309283,-0.435404,0.327050,1.759654,0.323733,-0.126791,-1.168551,-0.171013,-0.116455,0.414084,-0.565183,-0.183044,0.053913,-0.178321,1.032801,-0.467562,-0.216583,-0.600289,0.638073,-0.374911,-0.131179,-0.031008,0.262825
-0.518146,-0.414288,0.148408,-0.083310,-0.066640,-0.141787,0.326644,-0.460603,0.299029,1.620399,0.380848,-0.277309,-1.052739,-0.189955,-0.170606,0.457795,-0.604030,-0.183984,0.062537,-0.146004,0.972681,-0.421022,-0.294957,-0.513931,0.654590,-0.377742,-0.158023,0.021369,0.209377
-0.417699,-0.492181,0.061757,-0.080904,-0.060156,-0.132236,0.344845,-0.488188,0.276808,1.499478,0.441555,-0.435728,-0.926530,-0.225510,-0.215508,0.524367,-0.648669,-0.181621,0.071367,-0.122133,0.897244,-0.346131,-0.372334,-0.433244,0.669197,-0.380960,-0.188093,0.086935,0.154403
-0.341556,-0.587351,-0.026505,-0.089388,-0.055802,-0.132628,0.364726,-0.520544,0.266188,1.415224,0.509447,-0.609952,-0.779527,-0.294292,-0.241909,0.636659,-0.704894,-0.172653,0.080609,-0.115157,0.791173,-0.214535,-0.447716,-0.363898,0.679981,-0.384952,-0.224615,0.178877,0.096375
-0.315567,-0.699525,-0.125729,-0.099072,-0.041755,-0.139587,0.371838,-0.530232,0.273342,1.412797,0.591339,-0.791610,-0.587188,-0.405484,-0.264022,0.806895,-0.773921,-0.141651,0.082506,-0.135561,0.647431,0.063892,-0.499320,-0.273853,0.626318,-0.355570,-0.252427,0.269033,0.065963
-0.314655,-0.820201,-0.230435,-0.109356,-0.022862,-0.149830,0.372566,-0.528584,0.289384,1.451284,0.680231,-0.976984,-0.372182,-0.537880,-0.283990,1.006102,-0.849350,-0.099631,0.080732,-0.169653,0.484854,0.415735,-0.539034,-0.173459,0.540433,-0.309502,-0.275886,0.358297,0.049359
-0.411947,-0.943997,-0.349386,-0.138453,0.015149,-0.143603,0.352584,-0.525955,0.334353,1.646287,0.803086,-1.138470,-0.114785,-0.618744,-0.287383,1.196271,-0.951870,-0.066977,0.077094,-0.271891,0.345999,0.825920,-0.565851,-0.093587,0.448183,-0.212007,-0.250435,0.359456,0.032657
-0.506469,-1.059761,-0.445254,-0.156241,0.047572,-0.139483,0.346000,-0.523954,0.380139,1.843985,0.926318,-1.291250,0.122228,-0.679639,-0.287102,1.345372,-1.030718,-0.034990,0.072892,-0.386209,0.215523,1.155798,-0.587006,-0.035138,0.389649,-0.132215,-0.222643,0.344922,0.027228
-0.595450,-1.159462,-0.494955,-0.151411,0.068817,-0.139575,0.366212,-0.523211,0.427559,2.047073,1.050307,-1.426623,0.318473,-0.700598,-0.279473,1.412339,-1.062223,-0.004334,0.067564,-0.524689,0.101807,1.325064,-0.596836,-0.019535,0.398550,-0.087829,-0.190170,0.298999,0.044343
-0.672469,-1.243061,-0.515321,-0.132978,0.081942,-0.145592,0.383891,-0.522540,0.466624,2.206964,1.164613,-1.552012,0.481655,-0.703977,-0.275413,1.436019,-1.052340,0.023340,0.064001,-0.644412,-0.001832,1.427370,-0.605442,-0.013414,0.397705,-0.051963,-0.160460,0.281323,0.065848
-0.743508,-1.318607,-0.521019,-0.107743,0.091008,-0.154573,0.400303,-0.521905,0.501511,2.345258,1.274078,-1.672411,0.628306,-0.698565,-0.273138,1.438054,-1.021763,0.049523,0.061321,-0.754756,-0.100432,1.496196,-0.613435,-0.012034,0.391986,-0.020357,-0.132132,0.277771,0.089549
-0.732698,-1.350998,-0.497954,-0.105484,0.081824,-0.180139,0.402158,-0.544639,0.506343,2.442912,1.413563,-1.755314,0.716953,-0.762636,-0.327388,1.397463,-0.945619,0.063092,0.031835,-0.854202,-0.101097,1.531808,-0.625690,-0.034558,0.370124,-0.001952,-0.117283,0.278959,0.096315
-0.732556,-1.379106,-0.482618,-0.101679,0.071402,-0.202807,0.406481,-0.561077,0.511630,2.525816,1.537611,-1.825720,0.788077,-0.805998,-0.376259,1.362216,-0.885731,0.074458,0.004812,-0.936091,-0.098572,1.565717,-0.633476,-0.056340,0.355134,0.016718,-0.101360,0.279485,0.104311
-0.753750,-1.398646,-0.482741,-0.094782,0.058501,-0.219680,0.415737,-0.564925,0.517827,2.579218,1.630787,-1.871129,0.824155,-0.807942,-0.414370,1.337656,-0.858353,0.081418,-0.017286,-0.982871,-0.089664,1.596221,-0.632326,-0.076640,0.353887,0.035919,-0.083289,0.278682,0.114765
-0.771165,-1.407127,-0.484400,-0.089047,0.043258,-0.235338,0.426174,-0.566743,0.519935,2.618191,1.711428,-1.903629,0.849006,-0.802389,-0.453032,1.316627,-0.837223,0.085221,-0.043629,-1.018867,-0.075659,1.625945,-0.630697,-0.099109,0.356038,0.051192,-0.066450,0.274374,0.120605
-0.786691,-1.410078,-0.486827,-0.083893,0.026845,-0.250389,0.437202,-0.567546,0.520000,2.649949,1.785801,-1.929675,0.868244,-0.793087,-0.491969,1.297362,-0.819215,0.087444,-0.072095,-1.049473,-0.059106,1.655278,-0.628827,-0.122663,0.359888,0.064502,-0.050225,0.268313,0.124138
-0.809341,-1.413228,-0.491542,-0.081753,0.012604,-0.262589,0.445418,-0.566870,0.520000,2.666171,1.844560,-1.942001,0.873655,-0.795860,-0.528301,1.283276,-0.807919,0.092081,-0.098458,-1.067726,-0.040755,1.671741,-0.628778,-0.137050,0.373940,0.073717,-0.040559,0.267995,0.127792
-0.831917,-1.415288,-0.495013,-0.080476,0.000974,-0.273398,0.453550,-0.565506,0.520000,2.678228,1.899045,-1.951833,0.875553,-0.797245,-0.559286,1.272100,-0.797103,0.095839,-0.122440,-1.083025,-0.022880,1.684704,-0.628399,-0.151320,0.383344,0.082542,-0.032412,0.266430,0.128814
-0.854343,-1.415168,-0.495998,-0.080926,-0.005433,-0.281426,0.461515,-0.562770,0.520000,2.681957,1.944983,-1.956674,0.870423,-0.795854,-0.579578,1.266743,-0.787244,0.097840,-0.141659,-1.092414,-0.005956,1.690666,-0.627361,-0.165355,0.383449,0.090589,-0.027304,0.262372,0.124570
-0.885443,-1.414198,-0.497470,-0.070790,-0.012874,-0.286621,0.461705,-0.563781,0.520000,2.689239,1.989409,-1.962017,0.865845,-0.799605,-0.589660,1.263532,-0.781291,0.106773,-0.155625,-1.100849,0.008001,1.693138,-0.627723,-0.175599,0.384840,0.096066,-0.026632,0.259469,0.119948
-0.920880,-1.412803,-0.499185,-0.055360,-0.020834,-0.290399,0.458008,-0.566665,0.520000,2.698298,2.033079,-1.967611,0.861541,-0.805928,-0.594637,1.261395,-0.777289,0.119170,-0.166963,-1.108808,0.020475,1.693865,-0.628785,-0.183949,0.386873,0.100257,-0.028178,0.257145,0.115138
-0.945858,-1.414020,-0.499874,-0.050097,-0.021736,-0.294147,0.458297,-0.569654,0.520000,2.699364,2.052461,-1.970563,0.857697,-0.810743,-0.599690,1.260346,-0.776244,0.126413,-0.169813,-1.115585,0.028797,1.694426,-0.630995,-0.189098,0.388233,0.104021,-0.027095,0.258912,0.111291
-0.969357,-1.414571,-0.499613,-0.045583,-0.024251,-0.297611,0.458235,-0.570923,0.520000,2.700189,2.070826,-1.973310,0.853584,-0.814902,-0.607551,1.259960,-0.776370,0.133258,-0.174508,-1.121808,0.036199,1.695015,-0.632386,-0.194873,0.389981,0.106456,-0.026957,0.259497,0.106278
-0.989899,-1.413791,-0.497455,-0.042566,-0.029991,-0.300504,0.457471,-0.568756,0.520000,2.700532,2.087159,-1.975644,0.848935,-0.817749,-0.621027,1.260899,-0.778841,0.139306,-0.182892,-1.126925,0.041763,1.695658,-0.632138,-0.201901,0.392504,0.106234,-0.028710,0.257718,0.098930
-1.006540,-1.409623,-0.495084,-0.039704,-0.035274,-0.301860,0.456231,-0.566832,0.520000,2.700105,2.099965,-1.980546,0.847260,-0.822697,-0.628480,1.261902,-0.780583,0.146153,-0.187470,-1.132503,0.044924,1.695946,-0.631819,-0.205821,0.391116,0.105414,-0.029825,0.257001,0.096772
-1.021231,-1.403761,-0.492608,-0.036918,-0.040328,-0.302446,0.454753,-0.565031,0.520000,2.699293,2.111007,-1.986730,0.847073,-0.828695,-0.632920,1.262936,-0.781961,0.153400,-0.190147,-1.138313,0.046884,1.696056,-0.631465,-0.208187,0.387773,0.104294,-0.030620,0.256816,0.097209
-1.034776,-1.401358,-0.490088,-0.035616,-0.043448,-0.302500,0.457005,-0.562864,0.520000,2.696273,2.117173,-1.989637,0.847361,-0.831058,-0.643515,1.264942,-0.782409,0.157913,-0.197084,-1.143532,0.049046,1.696246,-0.631355,-0.209903,0.387451,0.101100,-0.032515,0.259483,0.100054
-1.047616,-1.399479,-0.487835,-0.032434,-0.042910,-0.302809,0.460486,-0.560697,0.520000,2.693201,2.123976,-1.992309,0.848598,-0.834056,-0.646664,1.266432,-0.783362,0.164579,-0.198903,-1.148119,0.050673,1.696430,-0.631843,-0.207120,0.385443,0.098895,-0.035036,0.264807,0.103131
-1.059044,-1.398645,-0.486116,-0.025491,-0.035053,-0.303627,0.466423,-0.558532,0.520000,2.690026,2.132052,-1.994510,0.851736,-0.838324,-0.634921,1.266888,-0.785323,0.175553,-0.190486,-1.151443,0.051231,1.696602,-0.633527,-0.195339,0.380060,0.098667,-0.038811,0.275446,0.106670
-1.066844,-1.399896,-0.483847,-0.022886,-0.024615,-0.303271,0.473656,-0.559949,0.520000,2.684730,2.130687,-1.996329,0.855922,-0.845746,-0.623081,1.267246,-0.787269,0.184932,-0.180018,-1.152749,0.053567,1.696283,-0.633465,-0.193852,0.378120,0.096236,-0.041974,0.281839,0.107624
-1.072829,-1.402189,-0.481303,-0.022449,-0.012887,-0.302328,0.481536,-0.563159,0.520000,2.678373,2.124602,-1.997956,0.860631,-0.854744,-0.611193,1.267554,-0.789207,0.193514,-0.168525,-1.153045,0.056790,1.695717,-0.632530,-0.197512,0.377901,0.092703,-0.044830,0.286107,0.107284
-1.064100,-1.398237,-0.476846,-0.029294,-0.013571,-0.300740,0.491127,-0.559899,0.520000,2.673496,2.120781,-1.995914,0.861473,-0.860241,-0.625778,1.265034,-0.793956,0.195288,-0.174668,-1.153586,0.061044,1.696226,-0.629285,-0.200243,0.374112,0.094042,-0.040732,0.280397,0.108460
-1.058701,-1.395333,-0.472509,-0.034602,-0.012337,-0.299111,0.500177,-0.557439,0.520000,2.667369,2.115366,-1.994475,0.862550,-0.864003,-0.634548,1.262906,-0.798637,0.198273,-0.177682,-1.154324,0.064053,1.696707,-0.627053,-0.200717,0.370700,0.094672,-0.038578,0.276231,0.109458
-1.059964,-1.394525,-0.468414,-0.036839,-0.007267,-0.297398,0.508147,-0.556580,0.520000,2.658743,2.106761,-1.994242,0.864097,-0.864296,-0.631690,1.261564,-0.803180,0.203682,-0.174438,-1.155453,0.064573,1.697129,-0.626846,-0.196677,0.368040,0.093881,-0.040310,0.275156,0.110101
-1.105213,-1.410142,-0.462037,-0.022222,0.000475,-0.294853,0.503864,-0.533918,0.520000,2.642903,2.090060,-1.986967,0.865917,-0.804891,-0.597994,1.264604,-0.815963,0.192654,-0.154725,-1.155164,0.062209,1.697832,-0.620646,-0.193667,0.366772,0.094483,-0.040970,0.270790,0.111922
-1.172455,-1.433972,-0.454519,0.000823,0.009554,-0.291893,0.493456,-0.500353,0.520000,2.623454,2.069310,-1.976173,0.867874,-0.715637,-0.548880,1.269834,-0.832865,0.173407,-0.126776,-1.154165,0.058404,1.698675,-0.611450,-0.191171,0.366200,0.095782,-0.041094,0.264779,0.114332
-1.146729,-1.424161,-0.454349,-0.012666,0.025523,-0.288942,0.504339,-0.516552,0.520000,2.614228,2.045886,-1.978413,0.865267,-0.741535,-0.539263,1.267380,-0.832323,0.185211,-0.119041,-1.153906,0.057749,1.698421,-0.615930,-0.181582,0.360791,0.094771,-0.044907,0.271021,0.116847
-1.129605,-1.418880,-0.453244,-0.023730,0.039027,-0.284667,0.513210,-0.526821,0.520000,2.602406,2.015019,-1.978712,0.861664,-0.752278,-0.527204,1.264404,-0.833516,0.190298,-0.109281,-1.151907,0.057735,1.698238,-0.619541,-0.172289,0.357955,0.093052,-0.048921,0.274656,0.116845
-1.129687,-1.422660,-0.450271,-0.029948,0.047602,-0.277747,0.518058,-0.525229,0.520000,2.585394,1.969267,-1.975128,0.856072,-0.732710,-0.510258,1.260386,-0.838179,0.181952,-0.095473,-1.146429,0.059001,1.698199,-0.621413,-0.163584,0.360267,0.089916,-0.053336,0.273080,0.111810
-1.113940,-1.422635,-0.448136,-0.041175,0.068149,-0.269866,0.523642,-0.530660,0.520000,2.565461,1.912885,-1.979900,0.848894,-0.734327,-0.481174,1.254455,-0.840696,0.181637,-0.069811,-1.143463,0.053820,1.697841,-0.627055,-0.143545,0.356910,0.086166,-0.060498,0.281981,0.108437
-1.090278,-1.420708,-0.446421,-0.054908,0.094683,-0.261505,0.529594,-0.539603,0.520000,2.544067,1.851188,-1.988850,0.840922,-0.746537,-0.446021,1.247568,-0.842142,0.185338,-0.038221,-1.141752,0.045415,1.697324,-0.634584,-0.117838,0.350718,0.082109,-0.069035,0.296120,0.105895
-1.039171,-1.411053,-0.439840,-0.078100,0.110758,-0.250925,0.533076,-0.544968,0.520000,2.513059,1.782106,-1.995371,0.824227,-0.767197,-0.443212,1.238921,-0.840594,0.183715,-0.022329,-1.143121,0.044124,1.694997,-0.641896,-0.098264,0.343173,0.076044,-0.077076,0.299535,0.097213
-0.996830,-1.403264,-0.432354,-0.098695,0.126439,-0.237982,0.530884,-0.546609,0.520000,2.477537,1.707859,-2.005000,0.804053,-0.780605,-0.432915,1.230102,-0.840728,0.178066,-0.003518,-1.144493,0.042287,1.692243,-0.647409,-0.074287,0.339397,0.068505,-0.086084,0.301107,0.084317
-0.972021,-1.399209,-0.423062,-0.114096,0.141331,-0.220313,0.517343,-0.540799,0.520000,2.432988,1.623283,-2.020846,0.776920,-0.779509,-0.407643,1.220937,-0.844224,0.164365,0.021132,-1.145870,0.039359,1.688639,-0.649324,-0.041503,0.343161,0.058019,-0.097025,0.298991,0.062992
-0.928707,-1.384607,-0.411928,-0.134059,0.148839,-0.201541,0.496190,-0.537370,0.519993,2.376588,1.537954,-2.041012,0.745669,-0.791685,-0.388220,1.211278,-0.844926,0.149297,0.042141,-1.149711,0.035566,1.679047,-0.657552,-0.011740,0.341919,0.049749,-0.106180,0.299789,0.052004
-0.876140,-1.364733,-0.399872,-0.156302,0.152655,-0.182218,0.471230,-0.535130,0.519984,2.314262,1.452249,-2.063338,0.712359,-0.810497,-0.371719,1.201372,-0.844231,0.133546,0.061330,-1.154785,0.031340,1.666462,-0.668937,0.016511,0.338174,0.042587,-0.114442,0.302044,0.046184
-0.830680,-1.341936,-0.389000,-0.162082,0.147303,-0.155526,0.435486,-0.529047,0.518643,2.232748,1.370700,-2.106742,0.665818,-0.807123,-0.350372,1.192724,-0.848839,0.112559,0.077369,-1.166312,0.024676,1.660277,-0.672086,0.052007,0.336135,0.036380,-0.117503,0.292308,0.039474
-0.779097,-1.316837,-0.380706,-0.159697,0.139771,-0.128455,0.399761,-0.520364,0.513063,2.146221,1.295129,-2.148503,0.622083,-0.805548,-0.332998,1.183832,-0.852860,0.092758,0.092342,-1.182034,0.019467,1.653002,-0.677188,0.083391,0.330933,0.031430,-0.119903,0.283543,0.033369
-0.715272,-1.287133,-0.377565,-0.140979,0.127875,-0.100627,0.364076,-0.506481,0.499005,2.049668,1.231514,-2.186976,0.583962,-0.807571,-0.323571,1.174452,-0.855705,0.075326,0.105185,-1.206149,0.017171,1.643546,-0.686195,0.106552,0.319402,0.028994,-0.120981,0.276718,0.028477
-0.651790,-1.261839,-0.372890,-0.114590,0.102630,-0.065214,0.335361,-0.491807,0.479359,1.941554,1.200237,-2.228689,0.541996,-0.797543,-0.321530,1.161796,-0.865889,0.057426,0.113167,-1.236918,0.021145,1.632104,-0.694718,0.131673,0.310009,0.027204,-0.121493,0.274660,0.023272
-0.588481,-1.238752,-0.367447,-0.084366,0.070710,-0.026010,0.310131,-0.476737,0.456919,1.827660,1.185128,-2.272021,0.498107,-0.781490,-0.323182,1.147501,-0.879743,0.039290,0.118719,-1.271014,0.028255,1.619671,-0.703001,0.157773,0.301683,0.025736,-0.121721,0.274986,0.017910
-0.520625,-1.212866,-0.373394,-0.044084,0.041804,0.016548,0.284064,-0.419391,0.434862,1.680925,1.183911,-2.314037,0.448360,-0.753611,-0.336948,1.139958,-0.887050,0.016369,0.126824,-1.310261,0.036775,1.601987,-0.705350,0.166794,0.292387,0.024680,-0.117798,0.269977,0.024495
-0.459530,-1.185308,-0.387171,-0.001316,0.011428,0.062122,0.254069,-0.339848,0.417857,1.536160,1.182658,-2.364957,0.390593,-0.725624,-0.343952,1.137124,-0.898913,-0.004646,0.138639,-1.349073,0.045644,1.582229,-0.698161,0.158246,0.292381,0.019610,-0.116661,0.271372,0.034900
-0.411956,-1.154406,-0.416609,0.046424,-0.021887,0.113731,0.216219,-0.215913,0.410957,1.395335,1.181333,-2.433682,0.316788,-0.697424,-0.337430,1.143708,-0.919884,-0.021849,0.157875,-1.387013,0.055209,1.558322,-0.671894,0.114563,0.310956,0.006509,-0.121096,0.285573,0.052942
-0.361347,-1.099969,-0.439502,0.091539,-0.073299,0.160534,0.172329,-0.079759,0.400019,1.238099,1.166217,-2.488510,0.261308,-0.666507,-0.330522,1.137993,-0.933175,-0.041327,0.174337,-1.399796,0.049769,1.506119,-0.637116,0.036118,0.337875,-0.024783,-0.131497,0.324946,0.048888
-0.309220,-1.033763,-0.459121,0.135343,-0.133759,0.204934,0.125420,0.062505,0.387062,1.072657,1.144204,-2.536389,0.214990,-0.634232,-0.323421,1.126129,-0.942626,-0.061943,0.189412,-1.400000,0.036828,1.439768,-0.598082,-0.059707,0.368966,-0.065171,-0.144882,0.376904,0.033786
-0.261617,-0.935847,-0.473109,0.149217,-0.175119,0.221312,0.071438,0.178403,0.371955,0.916845,1.099734,-2.578838,0.129668,-0.551799,-0.306039,1.089302,-0.969458,-0.088598,0.209317,-1.399350,0.012139,1.335937,-0.562922,-0.131963,0.392169,-0.118539,-0.185518,0.469965,-0.067848
-0.224165,-0.835024,-0.482069,0.157577,-0.213945,0.226023,0.023709,0.269564,0.353857,0.785530,1.048856,-2.600402,0.032059,-0.441816,-0.284999,1.046611,-1.000109,-0.119838,0.226309,-1.377378,-0.020646,1.220986,-0.520215,-0.187857,0.399316,-0.169071,-0.222167,0.561782,-0.171470
-0.207013,-0.728388,-0.480977,0.154909,-0.247705,0.207396,-0.011513,0.311251,0.329777,0.703206,0.985161,-2.580194,-0.090124,-0.276735,-0.256645,0.992191,-1.038400,-0.160246,0.237476,-1.312764,-0.069627,1.083798,-0.462414,-0.211027,0.374351,-0.213928,-0.250845,0.651111,-0.279070
-0.235615,-0.625247,-0.444069,0.138435,-0.305430,0.180738,-0.024143,0.290970,0.309622,0.736169,0.907721,-2.498569,-0.274195,-0.150346,-0.239572,0.880678,-1.126982,-0.207543,0.229737,-1.191089,-0.112263,0.918979,-0.362893,-0.193496,0.348482,-0.250419,-0.281064,0.712877,-0.393240
-0.287094,-0.523854,-0.389254,0.115057,-0.375138,0.150064,-0.025477,0.239704,0.291430,0.826777,0.823408,-2.386236,-0.489211,-0.043303,-0.228139,0.740619,-1.240709,-0.258286,0.212543,-1.040883,-0.151728,0.740344,-0.242513,-0.155615,0.322160,-0.282726,-0.312053,0.760861,-0.510695
-0.414127,-0.453336,-0.248648,0.077345,-0.436356,0.097693,0.077312,0.178796,0.280193,1.123371,0.735357,-2.232367,-0.731491,-0.124302,-0.195446,0.497287,-1.417595,-0.259747,0.204094,-0.929222,-0.083812,0.523578,-0.026194,-0.087589,0.295023,-0.318595,-0.317010,0.772069,-0.610898
-0.540616,-0.386227,-0.116886,0.069330,-0.491774,0.033251,0.187656,0.115945,0.286901,1.411942,0.655148,-2.082663,-0.921436,-0.215140,-0.182997,0.288225,-1.581455,-0.260579,0.183998,-0.888648,-0.035150,0.326620,0.190407,-0.031545,0.278741,-0.357573,-0.303596,0.754881,-0.663475
-0.666016,-0.325936,-0.002810,0.120709,-0.535590,-0.055333,0.313114,0.049207,0.329499,1.684471,0.590623,-1.941288,-1.006711,-0.325656,-0.211035,0.147704,-1.719266,-0.260156,0.140605,-0.990246,-0.024995,0.169275,0.407571,0.000536,0.284169,-0.402770,-0.253441,0.680902,-0.620800
-0.772255,-0.271511,0.089754,0.182901,-0.568499,-0.133736,0.418225,-0.019744,0.388340,1.899512,0.522854,-1.789112,-1.042817,-0.422633,-0.219855,0.082664,-1.846958,-0.254904,0.102876,-1.085813,-0.040483,0.057313,0.597927,0.003955,0.274982,-0.429210,-0.199774,0.615493,-0.535842
-0.868913,-0.220018,0.171563,0.250498,-0.595955,-0.207050,0.513162,-0.089801,0.455301,2.085809,0.453465,-1.631536,-1.054339,-0.512841,-0.219067,0.055363,-1.969590,-0.247239,0.067977,-1.178364,-0.068793,-0.031958,0.774878,-0.006958,0.258487,-0.446270,-0.144352,0.554370,-0.429743
-0.928122,-0.169352,0.233786,0.342438,-0.606458,-0.245244,0.571736,-0.160162,0.472752,2.161017,0.419303,-1.500520,-0.994647,-0.556043,-0.241459,0.055140,-2.018386,-0.225381,0.050399,-1.232753,-0.095443,-0.079902,0.865388,-0.010902,0.197577,-0.438264,-0.122112,0.516682,-0.376640
-0.979530,-0.123448,0.287199,0.420584,-0.611908,-0.275560,0.621016,-0.218526,0.486011,2.226049,0.389645,-1.387525,-0.929597,-0.581309,-0.261563,0.057597,-2.060272,-0.211824,0.033509,-1.277072,-0.125024,-0.121820,0.941350,-0.014304,0.142163,-0.430071,-0.103616,0.483735,-0.332215
-1.015335,-0.087073,0.322994,0.471142,-0.607252,-0.290120,0.651711,-0.252897,0.490886,2.270727,0.368998,-1.310569,-0.853832,-0.570701,-0.277089,0.065416,-2.088337,-0.214867,0.017994,-1.301253,-0.160464,-0.151686,0.988214,-0.016623,0.097739,-0.421504,-0.092609,0.460266,-0.305142
-1.005665,-0.049179,0.318140,0.497962,-0.596895,-0.263121,0.693687,-0.290439,0.476797,2.302960,0.358043,-1.257964,-0.709607,-0.585962,-0.299991,0.055772,-2.147909,-0.219110,0.004692,-1.281859,-0.281835,-0.170712,1.028938,-0.024190,0.067950,-0.409155,-0.094095,0.443995,-0.288876
-0.973257,-0.010526,0.292962,0.512914,-0.583687,-0.215343,0.741302,-0.329567,0.453227,2.328969,0.351934,-1.217535,-0.531154,-0.614158,-0.326581,0.037397,-2.223235,-0.223953,-0.007503,-1.240677,-0.446172,-0.184319,1.066592,-0.034382,0.045479,-0.394914,-0.101827,0.431324,-0.278012
-0.968484,0.002427,0.251413,0.525177,-0.567070,-0.212859,0.763822,-0.340402,0.449314,2.348080,0.342316,-1.207310,-0.377994,-0.577157,-0.335450,0.066222,-2.240194,-0.241073,-0.018487,-1.197003,-0.614299,-0.191852,1.088833,-0.053026,0.029508,-0.393175,-0.097968,0.419066,-0.274267
-0.963049,0.013337,0.211317,0.536933,-0.552094,-0.216888,0.786311,-0.349816,0.446269,2.367737,0.334869,-1.197707,-0.246238,-0.545893,-0.344085,0.099954,-2.251500,-0.254349,-0.028664,-1.159532,-0.764530,-0.198096,1.107358,-0.067773,0.019269,-0.391564,-0.094311,0.408100,-0.269359
-0.956288,0.020160,0.174128,0.547673,-0.540398,-0.233943,0.808737,-0.356386,0.444962,2.388489,0.331764,-1.189348,-0.157290,-0.526101,-0.352250,0.143501,-2.251500,-0.259937,-0.037226,-1.134464,-0.878971,-0.201761,1.118451,-0.074727,0.020494,-0.390209,-0.091059,0.399714,-0.262122
-0.942042,0.024685,0.148530,0.560055,-0.531949,-0.243466,0.836206,-0.366604,0.437068,2.402608,0.330896,-1.178049,-0.091522,-0.507520,-0.357886,0.169573,-2.251500,-0.261800,-0.041995,-1.116770,-0.954876,-0.202588,1.123558,-0.076690,0.025256,-0.390076,-0.089555,0.392915,-0.259247
-0.924054,0.028061,0.128726,0.573257,-0.525124,-0.249224,0.866197,-0.378646,0.425881,2.413412,0.331147,-1.165280,-0.037344,-0.489543,-0.362257,0.186908,-2.251500,-0.261800,-0.044868,-1.102763,-1.011513,-0.201996,1.125671,-0.076159,0.031787,-0.390555,-0.088925,0.386909,-0.258553
-0.903121,0.026864,0.115948,0.582520,-0.520982,-0.251210,0.889852,-0.388199,0.416657,2.419171,0.330767,-1.154599,0.000585,-0.479885,-0.364014,0.199093,-2.251500,-0.261800,-0.049065,-1.090887,-1.051457,-0.202186,1.129716,-0.074599,0.039951,-0.393792,-0.089376,0.387170,-0.256495
-0.885043,0.024004,0.103022,0.589619,-0.516399,-0.253281,0.908110,-0.394832,0.408417,2.425001,0.330700,-1.145111,0.036181,-0.471258,-0.364563,0.210649,-2.251500,-0.261800,-0.052609,-1.079307,-1.088221,-0.203409,1.134939,-0.073289,0.045471,-0.396278,-0.089288,0.385423,-0.252853
-0.872673,0.017817,0.089800,0.592390,-0.510934,-0.255518,0.915574,-0.395627,0.402149,2.430970,0.331260,-1.138008,0.067110,-0.464692,-0.362695,0.220947,-2.251500,-0.261800,-0.054846,-1.068320,-1.118623,-0.206698,1.142516,-0.072481,0.045704,-0.397264,-0.088122,0.379660,-0.246042
-0.852991,0.009054,0.075598,0.597415,-0.508857,-0.254724,0.926908,-0.401729,0.395772,2.426462,0.339249,-1.134916,0.093424,-0.449719,-0.369019,0.226637,-2.251500,-0.261800,-0.058099,-1.057006,-1.147245,-0.207120,1.149110,-0.068874,0.049002,-0.396977,-0.087771,0.376184,-0.241829
-0.829651,-0.000998,0.060906,0.603566,-0.508473,-0.252415,0.940177,-0.410484,0.389341,2.416715,0.350953,-1.133828,0.117431,-0.430541,-0.379440,0.230023,-2.251500,-0.261800,-0.061859,-1.045528,-1.174977,-0.206107,1.155213,-0.063866,0.053832,-0.396053,-0.087828,0.373852,-0.238916
-0.814631,-0.019616,0.047321,0.596406,-0.511630,-0.250965,0.930473,-0.401041,0.387946,2.408463,0.375007,-1.134167,0.138594,-0.432511,-0.386551,0.235205,-2.251500,-0.261800,-0.066474,-1.030350,-1.195191,-0.204113,1.163504,-0.065572,0.066120,-0.396040,-0.088985,0.381165,-0.233816
-0.799650,-0.040742,0.032907,0.588348,-0.516577,-0.248398,0.921334,-0.391125,0.387103,2.395973,0.404599,-1.136074,0.157764,-0.431259,-0.397170,0.239651,-2.251500,-0.261800,-0.070548,-1.015172,-1.214795,-0.202332,1.171119,-0.065814,0.077793,-0.396112,-0.090923,0.388550,-0.230620
-0.784746,-0.066883,0.016833,0.578492,-0.525102,-0.243595,0.913327,-0.380264,0.387367,2.375005,0.445270,-1.141117,0.172946,-0.423563,-0.414804,0.242627,-2.251500,-0.261800,-0.073540,-0.999993,-1.233179,-0.200978,1.177382,-0.063127,0.088240,-0.396355,-0.094424,0.396080,-0.231229
-0.772840,-0.101853,0.000462,0.564929,-0.540305,-0.237750,0.887192,-0.364531,0.389308,2.341021,0.505647,-1.144630,0.185224,-0.414656,-0.440156,0.243558,-2.251500,-0.261800,-0.074732,-0.981009,-1.247031,-0.199380,1.183700,-0.063854,0.095831,-0.395850,-0.098940,0.399124,-0.228538
-0.762432,-0.141238,-0.016057,0.549513,-0.558848,-0.231382,0.851991,-0.346363,0.392087,2.300531,0.575878,-1.147379,0.196051,-0.405144,-0.469366,0.243468,-2.251500,-0.261800,-0.075025,-0.960122,-1.258616,-0.197661,1.190045,-0.066288,0.101994,-0.394970,-0.103963,0.399926,-0.224198
-0.763849,-0.198655,-0.034378,0.535998,-0.588750,-0.230243,0.788959,-0.319293,0.401579,2.237225,0.678391,-1.144118,0.200347,-0.389922,-0.505821,0.248287,-2.251500,-0.261800,-0.069891,-0.934321,-1.267925,-0.205046,1.199151,-0.077794,0.115500,-0.395249,-0.110831,0.399649,-0.211589
-0.774343,-0.266199,-0.043918,0.532151,-0.616446,-0.236972,0.709850,-0.286297,0.417746,2.152066,0.788792,-1.138708,0.203405,-0.353949,-0.541659,0.263718,-2.251500,-0.261800,-0.066737,-0.910504,-1.274417,-0.214382,1.214517,-0.093367,0.122929,-0.398379,-0.116335,0.398027,-0.199339
-0.802994,-0.353995,-0.035896,0.547642,-0.639729,-0.259438,0.598587,-0.241451,0.447263,2.023203,0.914969,-1.129002,0.203986,-0.276473,-0.576261,0.300374,-2.251500,-0.261800,-0.067541,-0.890653,-1.275276,-0.227620,1.242405,-0.117073,0.118205,-0.407209,-0.119112,0.393715,-0.187803
-0.793303,-0.453497,-0.044750,0.548120,-0.673728,-0.271894,0.484548,-0.190206,0.469003,1.854810,1.059984,-1.110190,0.198394,-0.227783,-0.612688,0.337764,-2.251500,-0.261800,-0.055522,-0.853166,-1.273675,-0.240527,1.260923,-0.142005,0.126608,-0.412399,-0.129813,0.390495,-0.170568
-0.764440,-0.558852,-0.062043,0.541090,-0.713084,-0.279344,0.369121,-0.135760,0.486854,1.666652,1.214418,-1.086826,0.189716,-0.193487,-0.650027,0.375521,-2.251500,-0.261800,-0.037091,-0.806861,-1.270844,-0.253268,1.274756,-0.167549,0.141575,-0.415769,-0.144478,0.387821,-0.150481
-0.696447,-0.666828,-0.085895,0.548472,-0.723221,-0.282586,0.255016,-0.063487,0.496773,1.415971,1.351503,-1.023534,0.180089,-0.143050,-0.685514,0.432962,-2.251500,-0.261800,-0.011802,-0.736067,-1.257832,-0.264864,1.266644,-0.219363,0.178450,-0.412854,-0.158079,0.384256,-0.132234
-0.620534,-0.771036,-0.113620,0.562216,-0.722235,-0.286396,0.151400,0.006072,0.503834,1.150617,1.479332,-0.937137,0.168669,-0.097163,-0.722824,0.493079,-2.251500,-0.261800,0.013138,-0.647222,-1.239265,-0.273044,1.252900,-0.281674,0.222369,-0.412370,-0.173384,0.376042,-0.115841
-0.528779,-0.867706,-0.149092,0.588683,-0.699006,-0.291342,0.068762,0.070201,0.505177,0.855918,1.588650,-0.804528,0.153660,-0.060373,-0.763779,0.558548,-2.251500,-0.261800,0.037381,-0.522277,-1.209586,-0.274393,1.227891,-0.364983,0.280373,-0.416747,-0.192097,0.358528,-0.103156
-0.464112,-0.966025,-0.191324,0.626391,-0.669437,-0.293338,0.002347,0.121833,0.506234,0.649379,1.695704,-0.639264,0.117433,-0.031092,-0.804636,0.607187,-2.251500,-0.261800,0.052076,-0.351850,-1.164242,-0.244186,1.204978,-0.422050,0.362895,-0.430409,-0.216664,0.374709,-0.098461
-0.412987,-1.065167,-0.236936,0.669719,-0.636698,-0.293860,-0.055957,0.167217,0.507147,0.486921,1.801626,-0.457673,0.070597,-0.005566,-0.845444,0.647412,-2.251500,-0.261800,0.061997,-0.158681,-1.111065,-0.198201,1.183114,-0.465998,0.457674,-0.448714,-0.244158,0.407738,-0.097760
-0.422275,-1.183708,-0.266385,0.727303,-0.593185,-0.310775,-0.113236,0.202681,0.498265,0.415576,1.912777,-0.290005,0.012448,-0.027517,-0.861780,0.687071,-2.197537,-0.261800,0.068701,0.038695,-1.031702,-0.063027,1.164130,-0.444524,0.585808,-0.450284,-0.284080,0.492154,-0.141701
-0.453658,-1.296408,-0.303764,0.777298,-0.552099,-0.330919,-0.173987,0.238867,0.489740,0.363186,2.016755,-0.135321,-0.043770,-0.038972,-0.872670,0.726089,-2.145907,-0.261800,0.078582,0.229154,-0.952030,0.095107,1.157211,-0.423528,0.702962,-0.441665,-0.317974,0.583763,-0.186960
-0.529231,-1.397425,-0.357002,0.812116,-0.515869,-0.357521,-0.241683,0.276493,0.481929,0.348705,2.106388,-0.006606,-0.096125,-0.029434,-0.872670,0.763822,-2.098943,-0.261800,0.094817,0.405777,-0.871741,0.299161,1.174420,-0.403487,0.798159,-0.412671,-0.339814,0.689760,-0.234857
-0.610746,-1.464293,-0.408225,0.843481,-0.481097,-0.397493,-0.298058,0.294089,0.490979,0.326111,2.170578,0.105462,-0.141767,-0.001120,-0.872638,0.851447,-2.030956,-0.261800,0.104305,0.563616,-0.793295,0.548942,1.203744,-0.424658,0.876962,-0.390604,-0.352684,0.726910,-0.261854
-0.695233,-1.514085,-0.458440,0.873120,-0.447054,-0.444148,-0.348773,0.301669,0.508460,0.299459,2.222048,0.209206,-0.184051,0.036583,-0.872591,0.964017,-1.952457,-0.261800,0.110418,0.712062,-0.715772,0.821588,1.239126,-0.466433,0.947568,-0.372001,-0.361068,0.729637,-0.278401
-0.784379,-1.544940,-0.477139,0.904685,-0.434228,-0.479939,-0.384505,0.296917,0.515384,0.267827,2.255874,0.314075,-0.176248,0.073801,-0.872564,1.060907,-1.890784,-0.261800,0.099749,0.812307,-0.661109,1.003089,1.287057,-0.499241,0.962525,-0.358592,-0.358483,0.710506,-0.301160
-0.872364,-1.566408,-0.489699,0.932563,-0.423768,-0.505665,-0.422393,0.292430,0.520000,0.247440,2.283412,0.399727,-0.159777,0.100838,-0.872561,1.134280,-1.841458,-0.261800,0.092586,0.889925,-0.613496,1.144845,1.333225,-0.522961,0.967062,-0.347734,-0.356358,0.703946,-0.323939
-0.958028,-1.569102,-0.489983,0.953066,-0.418043,-0.511262,-0.464591,0.288472,0.520000,0.249543,2.298375,0.446946,-0.125973,0.107517,-0.872607,1.160617,-1.816830,-0.261800,0.092434,0.922286,-0.579981,1.207114,1.375865,-0.528503,0.950759,-0.341977,-0.355153,0.722525,-0.346758
-1.037442,-1.570000,-0.485437,0.965283,-0.414203,-0.515703,-0.507861,0.284299,0.520000,0.259566,2.310358,0.482906,-0.093648,0.105800,-0.872632,1.186998,-1.787272,-0.261800,0.094074,0.947425,-0.550930,1.251015,1.411577,-0.534854,0.935587,-0.340501,-0.352552,0.732610,-0.362946
-1.113732,-1.570000,-0.478475,0.973358,-0.411304,-0.519567,-0.551667,0.280019,0.520000,0.273547,2.320850,0.513236,-0.062061,0.099886,-0.872647,1.213401,-1.755250,-0.261800,0.096610,0.968953,-0.524110,1.285733,1.443826,-0.541609,0.920979,-0.341165,-0.349253,0.738447,-0.375818
-1.175789,-1.570000,-0.468464,0.973634,-0.417550,-0.519788,-0.590289,0.273718,0.520000,0.286227,2.325999,0.538606,-0.035316,0.094948,-0.872652,1.241558,-1.723267,-0.261800,0.093566,0.986787,-0.506628,1.312613,1.465832,-0.549609,0.911078,-0.342664,-0.347352,0.735847,-0.383676
-1.233356,-1.570000,-0.458043,0.971974,-0.423818,-0.519940,-0.626390,0.268747,0.520000,0.299912,2.330257,0.561194,-0.010502,0.087998,-0.872657,1.269331,-1.692029,-0.261800,0.091194,1.003338,-0.492091,1.336398,1.484785,-0.558449,0.903496,-0.344539,-0.346056,0.731012,-0.390381
-1.281939,-1.570000,-0.446799,0.966444,-0.430131,-0.519950,-0.657445,0.266433,0.520000,0.315606,2.332728,0.578219,0.010449,0.077025,-0.872660,1.296334,-1.662282,-0.261800,0.090166,1.017326,-0.483447,1.353991,1.497631,-0.568967,0.900554,-0.347168,-0.345972,0.721706,-0.394781
-1.325440,-1.570000,-0.434847,0.958305,-0.437960,-0.519958,-0.683209,0.266751,0.520000,0.333862,2.332593,0.590983,0.027870,0.066663,-0.872662,1.321113,-1.634459,-0.261800,0.090464,1.029408,-0.479015,1.368464,1.504224,-0.580327,0.901006,-0.349499,-0.346799,0.712110,-0.396396
-1.366400,-1.570000,-0.422541,0.948862,-0.446547,-0.519964,-0.706328,0.268385,0.520000,0.353399,2.331155,0.601616,0.043526,0.056607,-0.872663,1.344779,-1.607597,-0.261800,0.091426,1.040537,-0.476689,1.381376,1.507692,-0.592108,0.903155,-0.351682,-0.348081,0.702370,-0.396619
-1.402281,-1.570000,-0.411943,0.936715,-0.456556,-0.519970,-0.723140,0.272770,0.520000,0.377968,2.330338,0.609049,0.057111,0.043681,-0.872662,1.366296,-1.586972,-0.261800,0.091607,1.049767,-0.477410,1.392279,1.507365,-0.603766,0.905459,-0.353665,-0.350036,0.694465,-0.395030
-1.430641,-1.570000,-0.404181,0.927618,-0.464960,-0.519920,-0.735271,0.276005,0.520000,0.394172,2.332146,0.616581,0.068856,0.034277,-0.872602,1.385070,-1.571873,-0.261800,0.091416,1.058185,-0.479383,1.402467,1.505501,-0.614841,0.908495,-0.354740,-0.351999,0.687242,-0.393326
-1.443959,-1.570000,-0.402092,0.924622,-0.470150,-0.519759,-0.738036,0.276943,0.520000,0.393645,2.339205,0.624311,0.076917,0.031917,-0.872423,1.398357,-1.567824,-0.261800,0.090478,1.064977,-0.483859,1.411224,1.500567,-0.624749,0.912997,-0.353998,-0.353977,0.681385,-0.391393
-1.472233,-1.570000,-0.393321,0.913695,-0.477759,-0.519816,-0.748199,0.281132,0.520000,0.410639,2.338994,0.628837,0.083349,0.025352,-0.872478,1.414836,-1.556737,-0.261800,0.092728,1.072031,-0.489659,1.417726,1.496470,-0.635675,0.918582,-0.354986,-0.355208,0.674007,-0.390035
-1.507986,-1.570000,-0.381209,0.898803,-0.486577,-0.519982,-0.762061,0.286946,0.520000,0.436394,2.335150,0.631762,0.088965,0.016684,-0.872651,1.432911,-1.542131,-0.261800,0.096572,1.079215,-0.496122,1.423102,1.492791,-0.647109,0.924707,-0.356840,-0.356065,0.665869,-0.388965
-1.517002,-1.570000,-0.377827,0.896470,-0.489436,-0.519856,-0.765141,0.290321,0.520000,0.438114,2.341106,0.638916,0.095359,0.010212,-0.872439,1.443866,-1.542764,-0.261800,0.096407,1.083801,-0.501222,1.428155,1.486063,-0.654578,0.928309,-0.357296,-0.357732,0.661530,-0.385766
-1.526079,-1.570000,-0.373373,0.893071,-0.492868,-0.519756,-0.767140,0.293424,0.520000,0.441452,2.344596,0.645004,0.101099,0.005619,-0.872263,1.454505,-1.543632,-0.261800,0.096838,1.089121,-0.506385,1.432403,1.479044,-0.662343,0.931418,-0.358004,-0.359148,0.657129,-0.382427
-1.535279,-1.570000,-0.366773,0.887540,-0.497443,-0.519706,-0.766977,0.295984,0.520000,0.448026,2.343152,0.648960,0.105531,0.004780,-0.872157,1.464511,-1.544971,-0.261800,0.098457,1.095910,-0.511674,1.435041,1.471443,-0.670700,0.933543,-0.359212,-0.360065,0.652601,-0.378810
-1.544558,-1.570000,-0.360407,0.881651,-0.500919,-0.519670,-0.766610,0.299453,0.520000,0.457292,2.340197,0.653245,0.109706,0.002593,-0.872115,1.473932,-1.546413,-0.261800,0.099910,1.101934,-0.516570,1.436904,1.464495,-0.677928,0.934062,-0.360389,-0.360440,0.647982,-0.375336
-1.553878,-1.570000,-0.354158,0.875582,-0.503845,-0.519642,-0.766142,0.303376,0.520000,0.467904,2.336485,0.657696,0.113752,-0.000269,-0.872105,1.483060,-1.547908,-0.261800,0.101280,1.107576,-0.521268,1.438381,1.457873,-0.684591,0.933777,-0.361550,-0.360544,0.643317,-0.371933
-1.563449,-1.570000,-0.341898,0.863785,-0.506872,-0.519841,-0.764415,0.319684,0.520000,0.503476,2.328722,0.659069,0.113844,-0.017763,-0.872430,1.493954,-1.542608,-0.261800,0.107568,1.110822,-0.526061,1.436293,1.449705,-0.690143,0.934507,-0.363285,-0.359700,0.636562,-0.369358
-1.569841,-1.570000,-0.331236,0.853835,-0.509074,-0.519974,-0.761940,0.335554,0.520000,0.534281,2.322861,0.660509,0.114914,-0.033400,-0.872648,1.504098,-1.539741,-0.261800,0.113361,1.113515,-0.529964,1.434630,1.441813,-0.695197,0.934887,-0.364521,-0.358838,0.630445,-0.367041
-1.569874,-1.570000,-0.323767,0.847580,-0.509625,-0.519974,-0.757970,0.350548,0.520000,0.555550,2.320804,0.662084,0.117940,-0.045326,-0.872652,1.512743,-1.541743,-0.261800,0.118164,1.115102,-0.532091,1.433819,1.434472,-0.699252,0.934564,-0.364756,-0.357943,0.625600,-0.365240
-1.569893,-1.570000,-0.317688,0.842013,-0.509109,-0.519971,-0.753419,0.363545,0.520000,0.576876,2.318733,0.662072,0.120612,-0.057996,-0.872653,1.521405,-1.542701,-0.261800,0.123033,1.117970,-0.533768,1.433564,1.427864,-0.702966,0.933629,-0.364025,-0.356238,0.621357,-0.363989
-1.569905,-1.570000,-0.312305,0.836791,-0.508060,-0.519965,-0.748576,0.375542,0.520000,0.598229,2.316657,0.661268,0.123105,-0.071038,-0.872652,1.530075,-1.543139,-0.261800,0.127936,1.121478,-0.535221,1.433587,1.421624,-0.706509,0.932387,-0.362809,-0.354128,0.617415,-0.363012
-1.569914,-1.569989,-0.307278,0.830980,-0.511537,-0.519924,-0.744656,0.390084,0.520000,0.621307,2.311938,0.659840,0.123752,-0.087034,-0.872651,1.538833,-1.539525,-0.261800,0.131641,1.125626,-0.536510,1.435059,1.415740,-0.709969,0.933738,-0.360927,-0.350905,0.615270,-0.362055
-1.569925,-1.569977,-0.302568,0.824491,-0.516390,-0.519871,-0.738539,0.405181,0.520000,0.643656,2.306185,0.657863,0.124201,-0.101085,-0.872651,1.547082,-1.535156,-0.261800,0.135197,1.129754,-0.537486,1.436089,1.409826,-0.713437,0.934597,-0.359008,-0.347620,0.612943,-0.361016
-1.569942,-1.569965,-0.298494,0.816650,-0.523992,-0.519792,-0.728028,0.421391,0.520000,0.664544,2.298364,0.654788,0.124254,-0.111245,-0.872651,1.554317,-1.529276,-0.261800,0.138455,1.133842,-0.537834,1.436233,1.403853,-0.716923,0.934470,-0.357017,-0.344207,0.610254,-0.359815
-1.569956,-1.569793,-0.294979,0.807290,-0.535443,-0.519668,-0.712887,0.438421,0.520000,0.692580,2.287715,0.649689,0.123387,-0.124943,-0.872647,1.561801,-1.521815,-0.261800,0.141071,1.139320,-0.538369,1.436210,1.398642,-0.721804,0.933744,-0.354274,-0.340435,0.607428,-0.359530
-1.569968,-1.569540,-0.291744,0.797171,-0.548818,-0.519522,-0.695431,0.455861,0.520000,0.724190,2.275653,0.643576,0.122059,-0.140410,-0.872641,1.569410,-1.513564,-0.261800,0.143365,1.145492,-0.538996,1.436104,1.393814,-0.727383,0.932717,-0.351156,-0.336481,0.604533,-0.359702
-1.569985,-1.544398,-0.288476,0.783637,-0.578127,-0.519231,-0.675166,0.465427,0.520000,0.777987,2.249732,0.637981,0.117490,-0.165783,-0.872629,1.579911,-1.500414,-0.261800,0.145878,1.150934,-0.538730,1.437361,1.385994,-0.732148,0.932671,-0.345831,-0.332432,0.601800,-0.361279
-1.569996,-1.513261,-0.285355,0.768543,-0.610601,-0.517539,-0.654126,0.471162,0.520000,0.833276,2.220374,0.632165,0.111952,-0.192234,-0.872617,1.591257,-1.486786,-0.261800,0.149737,1.156190,-0.538019,1.437982,1.376681,-0.735999,0.932289,-0.339831,-0.328548,0.598584,-0.363145
-1.569999,-1.470136,-0.282529,0.750329,-0.649406,-0.513048,-0.631539,0.469232,0.520000,0.891548,2.184143,0.625905,0.104477,-0.220842,-0.872604,1.604292,-1.472199,-0.261800,0.156290,1.161075,-0.536417,1.437332,1.364383,-0.738025,0.931232,-0.332481,-0.324999,0.594397,-0.365587
-1.570000,-1.410759,-0.278115,0.742717,-0.689176,-0.491149,-0.611413,0.439173,0.520000,0.939280,2.142609,0.621828,0.102173,-0.244400,-0.871437,1.619911,-1.467581,-0.261800,0.152802,1.170492,-0.541128,1.439568,1.352443,-0.739175,0.931346,-0.320034,-0.320590,0.589971,-0.369825
-1.570000,-1.343255,-0.272908,0.740406,-0.729430,-0.460548,-0.592519,0.395050,0.520000,0.981742,2.098424,0.618841,0.102454,-0.265432,-0.869693,1.636824,-1.467947,-0.261800,0.144294,1.182175,-0.548997,1.443247,1.340683,-0.739886,0.932047,-0.305039,-0.315750,0.585426,-0.374961
-1.570000,-1.271929,-0.269900,0.739906,-0.773625,-0.443753,-0.556512,0.365744,0.520000,1.047911,2.032371,0.607711,0.096170,-0.298155,-0.849636,1.655298,-1.466965,-0.261800,0.142071,1.197505,-0.563994,1.440629,1.324537,-0.739910,0.930240,-0.288320,-0.311948,0.577542,-0.382470
-1.570000,-1.193237,-0.268187,0.741635,-0.815977,-0.425383,-0.517259,0.330639,0.520000,1.115486,1.953555,0.595265,0.090333,-0.334866,-0.816907,1.675150,-1.467096,-0.261737,0.141089,1.214630,-0.582692,1.439193,1.306168,-0.736906,0.924915,-0.269088,-0.308430,0.568571,-0.391311
-1.570000,-1.099812,-0.269063,0.747820,-0.854643,-0.403860,-0.471513,0.283935,0.519999,1.185875,1.849212,0.580187,0.085392,-0.379555,-0.758834,1.697756,-1.469449,-0.261547,0.142589,1.235346,-0.608792,1.440121,1.283355,-0.727842,0.912555,-0.244831,-0.305479,0.557428,-0.402816
-1.570000,-1.002224,-0.271073,0.748474,-0.884995,-0.382475,-0.415003,0.234431,0.519997,1.254762,1.728248,0.564488,0.080113,-0.416385,-0.687218,1.720605,-1.472468,-0.243605,0.145353,1.255744,-0.637435,1.438101,1.258957,-0.714792,0.893760,-0.226621,-0.304664,0.545982,-0.411694
-1.570000,-0.902553,-0.273650,0.746362,-0.911190,-0.361159,-0.353112,0.183526,0.519995,1.322897,1.598974,0.548480,0.074664,-0.449286,-0.608829,1.743575,-1.475821,-0.216786,0.148750,1.275985,-0.667351,1.434608,1.233766,-0.699750,0.871748,-0.211434,-0.304917,0.534386,-0.419258
-1.570000,-0.789579,-0.276956,0.743359,-0.918646,-0.327829,-0.276871,0.119282,0.519997,1.385729,1.447110,0.529462,0.076256,-0.467880,-0.494564,1.768606,-1.483695,-0.170484,0.149907,1.299347,-0.713805,1.432907,1.197330,-0.671368,0.827510,-0.196297,-0.301607,0.511536,-0.421100
-1.570000,-0.677634,-0.278673,0.735410,-0.916345,-0.292463,-0.201507,0.058884,0.519982,1.445217,1.304882,0.511562,0.079736,-0.485184,-0.375810,1.793577,-1.488354,-0.121669,0.149136,1.320599,-0.761070,1.430067,1.161092,-0.643817,0.786611,-0.185182,-0.299031,0.485034,-0.423307
-1.570000,-0.567745,-0.277208,0.717569,-0.894528,-0.253024,-0.127898,0.006180,0.519929,1.498015,1.181927,0.495900,0.086991,-0.499907,-0.248077,1.818431,-1.486586,-0.067825,0.144510,1.337632,-0.809957,1.424947,1.125249,-0.617924,0.752390,-0.182115,-0.297924,0.451229,-0.426246
-1.543422,-0.497596,-0.273817,0.684570,-0.856818,-0.214703,-0.052404,-0.007402,0.514074,1.533619,1.130063,0.485858,0.090281,-0.521136,-0.137563,1.846756,-1.480055,-0.012984,0.132060,1.348910,-0.847540,1.415292,1.093092,-0.602102,0.721783,-0.179525,-0.295712,0.424932,-0.437072
-1.503554,-0.447316,-0.269464,0.643992,-0.811162,-0.176939,0.024032,-0.001422,0.505317,1.560625,1.113744,0.478625,0.091589,-0.545617,-0.035658,1.876816,-1.471143,0.042357,0.115698,1.357309,-0.879471,1.403369,1.062777,-0.591314,0.692983,-0.177173,-0.292948,0.402391,-0.451843
-1.417258,-0.453773,-0.264408,0.586493,-0.737781,-0.147816,0.095997,0.043060,0.499847,1.542494,1.217144,0.478752,0.085931,-0.557927,-0.025428,1.908687,-1.455129,0.088848,0.091321,1.364860,-0.889542,1.384260,1.032079,-0.591652,0.664866,-0.172082,-0.295783,0.393320,-0.490729
-1.327978,-0.473138,-0.259378,0.524092,-0.656693,-0.117366,0.162067,0.081471,0.494890,1.514143,1.323986,0.479224,0.077124,-0.569146,-0.032252,1.940788,-1.432075,0.130511,0.069627,1.375798,-0.891842,1.360731,0.998123,-0.596053,0.639689,-0.169565,-0.302549,0.387489,-0.532665
-1.232733,-0.518322,-0.254400,0.451889,-0.560190,-0.084266,0.216346,0.107739,0.490963,1.465351,1.437713,0.480389,0.062019,-0.578185,-0.073183,1.973350,-1.394939,0.162519,0.053299,1.393512,-0.878603,1.328365,0.957652,-0.608581,0.620392,-0.172198,-0.317178,0.388135,-0.580700
-1.133299,-0.577082,-0.251239,0.370865,-0.459260,-0.043891,0.254919,0.108043,0.485770,1.399719,1.512031,0.478097,0.050733,-0.581658,-0.139588,2.010100,-1.339190,0.174925,0.044947,1.420382,-0.841212,1.298355,0.918256,-0.617095,0.597404,-0.183905,-0.332452,0.395548,-0.620962
-1.031773,-0.642631,-0.248987,0.285430,-0.356117,0.000121,0.285638,0.095366,0.479943,1.325667,1.566645,0.474078,0.041357,-0.582348,-0.218729,2.048943,-1.274134,0.177530,0.040585,1.451830,-0.791745,1.269524,0.879397,-0.623603,0.572570,-0.200150,-0.348049,0.406345,-0.657339
-0.929254,-0.697167,-0.250832,0.197102,-0.277073,0.053952,0.289403,0.059276,0.467803,1.224269,1.501651,0.465663,0.058849,-0.555022,-0.302498,2.096438,-1.181456,0.150300,0.043910,1.482174,-0.706370,1.241058,0.868038,-0.608582,0.547438,-0.226537,-0.342336,0.425694,-0.660473
-0.824926,-0.732628,-0.253510,0.106912,-0.202050,0.104079,0.279752,0.031702,0.448326,1.115455,1.385593,0.455857,0.089305,-0.517686,-0.356324,2.152662,-1.069930,0.120683,0.057380,1.510371,-0.598575,1.202607,0.868788,-0.597522,0.529900,-0.255660,-0.327201,0.443430,-0.619565
-0.716980,-0.729941,-0.257853,0.012998,-0.135070,0.146796,0.243271,0.021158,0.414172,0.991812,1.167409,0.443265,0.145691,-0.460330,-0.350263,2.226344,-0.920704,0.086294,0.091140,1.534272,-0.445941,1.144186,0.893754,-0.594385,0.527549,-0.290254,-0.293223,0.457941,-0.490577
-0.603061,-0.686403,-0.276922,-0.061780,-0.100652,0.213996,0.209642,0.034090,0.390328,0.852663,0.924223,0.404665,0.239629,-0.363984,-0.270279,2.251143,-0.793913,0.053143,0.136873,1.580163,-0.211473,1.049586,0.835847,-0.607039,0.456521,-0.327376,-0.230639,0.438890,-0.241043
-0.486155,-0.622441,-0.303355,-0.126990,-0.082516,0.293437,0.177440,0.058759,0.371640,0.705759,0.668537,0.353059,0.352344,-0.248143,-0.153334,2.251500,-0.678339,0.020611,0.188594,1.637048,0.063911,0.936896,0.736503,-0.627590,0.351156,-0.365763,-0.153753,0.403058,0.068765
-0.390172,-0.537548,-0.288544,-0.161496,-0.109848,0.341910,0.157410,0.059169,0.322878,0.602861,0.508072,0.307494,0.452351,-0.147037,0.013381,2.251500,-0.677022,-0.004318,0.230106,1.661468,0.290817,0.836397,0.585641,-0.648217,0.335445,-0.363248,-0.079201,0.359831,0.314900
-0.301809,-0.446589,-0.267958,-0.180789,-0.129858,0.385402,0.139131,0.036402,0.276701,0.512122,0.380589,0.265689,0.528684,-0.058919,0.157339,2.251500,-0.688952,-0.032311,0.258584,1.674717,0.497322,0.743388,0.429965,-0.656034,0.352374,-0.354092,-0.003877,0.315662,0.536794
-0.228683,-0.343499,-0.235823,-0.169658,-0.135224,0.418932,0.124354,-0.032719,0.235696,0.445703,0.319068,0.231401,0.557666,0.003225,0.255783,2.251500,-0.727379,-0.066434,0.260996,1.665628,0.663023,0.665360,0.264661,-0.638228,0.434582,-0.331653,0.072991,0.269613,0.710207
-0.182510,-0.257132,-0.201710,-0.161898,-0.140430,0.447234,0.111708,-0.104163,0.203812,0.394557,0.274778,0.201990,0.567815,0.060106,0.312379,2.251500,-0.782250,-0.096830,0.261800,1.659174,0.755688,0.621479,0.134137,-0.616607,0.514908,-0.315724,0.124661,0.244918,0.817981
-0.149811,-0.179127,-0.166607,-0.155824,-0.145557,0.472924,0.100127,-0.176768,0.176489,0.351047,0.239104,0.175018,0.568546,0.114355,0.348051,2.251500,-0.845343,-0.125363,0.261800,1.654039,0.811834,0.594670,0.021003,-0.593077,0.594292,-0.303050,0.163732,0.230898,0.892934
-0.124572,-0.115904,-0.124668,-0.140680,-0.132735,0.470260,0.099389,-0.222290,0.138324,0.297936,0.199566,0.149058,0.567323,0.151951,0.358654,2.251500,-0.882387,-0.138491,0.261800,1.651760,0.845118,0.577557,-0.068014,-0.572031,0.650304,-0.288109,0.184811,0.201321,0.922112
-0.101781,-0.058718,-0.081481,-0.123848,-0.119095,0.458836,0.099757,-0.262948,0.099304,0.252597,0.162045,0.129773,0.567155,0.175736,0.364134,2.251500,-0.899094,-0.147605,0.261800,1.652400,0.879782,0.556577,-0.145681,-0.562418,0.696778,-0.276997,0.203498,0.172446,0.939376
-0.083887,-0.013603,-0.035799,-0.103641,-0.103817,0.429891,0.102338,-0.293876,0.058574,0.222801,0.128559,0.123836,0.569097,0.171902,0.359371,2.251500,-0.875130,-0.148688,0.261800,1.658875,0.917209,0.527864,-0.200650,-0.575671,0.724176,-0.273541,0.217403,0.144973,0.932811
-0.072219,0.019281,-0.003272,-0.089378,-0.096039,0.410077,0.097521,-0.319851,0.030586,0.199661,0.102557,0.125079,0.558960,0.168084,0.346310,2.251500,-0.867691,-0.146859,0.261800,1.669378,0.937820,0.515237,-0.237645,-0.585689,0.744491,-0.264317,0.228653,0.120956,0.928855
-0.063665,0.046049,0.022679,-0.078088,-0.092011,0.394830,0.089004,-0.343348,0.008967,0.179850,0.080297,0.129912,0.542782,0.164275,0.329101,2.251500,-0.868516,-0.143574,0.261800,1.681894,0.950024,0.510652,-0.265653,-0.594089,0.761265,-0.252209,0.238576,0.098666,0.926204
-0.060784,0.059670,0.037425,-0.069025,-0.090689,0.383686,0.078670,-0.362049,-0.003083,0.166665,0.068472,0.133919,0.521817,0.166679,0.314868,2.251500,-0.884257,-0.140325,0.261800,1.696241,0.953836,0.516630,-0.288404,-0.596507,0.780799,-0.240951,0.246270,0.077877,0.929562
-0.058988,0.070619,0.050222,-0.060675,-0.089958,0.373771,0.069441,-0.381500,-0.013151,0.156161,0.058992,0.137761,0.503196,0.169465,0.298624,2.251500,-0.901705,-0.137094,0.261800,1.707984,0.954719,0.525308,-0.309210,-0.596817,0.799735,-0.228929,0.253772,0.057047,0.933024
-0.059364,0.076226,0.059123,-0.053754,-0.090410,0.366316,0.062424,-0.402449,-0.019259,0.151017,0.054203,0.141273,0.489265,0.173018,0.278358,2.251500,-0.922566,-0.133899,0.261800,1.714521,0.949744,0.539386,-0.326122,-0.592908,0.817472,-0.215382,0.260891,0.036136,0.936696
-0.061382,0.079813,0.064678,-0.047853,-0.089625,0.358965,0.051460,-0.419651,-0.022298,0.149337,0.051114,0.143427,0.479629,0.176566,0.258742,2.251500,-0.942275,-0.133257,0.259719,1.719630,0.943487,0.552392,-0.338263,-0.593665,0.831590,-0.206558,0.268213,0.017962,0.941450
-0.064222,0.082390,0.068561,-0.042461,-0.088220,0.351668,0.038523,-0.434979,-0.023804,0.149389,0.048873,0.144902,0.472140,0.180112,0.239450,2.251500,-0.961408,-0.133893,0.256597,1.724027,0.936589,0.564864,-0.348019,-0.596753,0.843899,-0.200097,0.275637,0.001157,0.946745
-0.068150,0.079750,0.065577,-0.034457,-0.080467,0.345576,0.034574,-0.435156,-0.021192,0.151952,0.049781,0.147303,0.467800,0.184887,0.241736,2.251500,-0.975371,-0.134827,0.253761,1.728873,0.931959,0.575266,-0.352725,-0.610800,0.850245,-0.196026,0.284515,-0.012633,0.950563
-0.071132,0.077434,0.062044,-0.027718,-0.073404,0.339416,0.030800,-0.435129,-0.018902,0.154261,0.050862,0.149442,0.466584,0.190232,0.246126,2.251500,-0.987447,-0.136642,0.251568,1.731492,0.926175,0.583482,-0.355248,-0.624389,0.855520,-0.193558,0.292720,-0.027802,0.954955
-0.072221,0.075766,0.057414,-0.023508,-0.067723,0.333119,0.027378,-0.434693,-0.017255,0.156059,0.052292,0.151053,0.471612,0.196718,0.254726,2.251500,-0.995753,-0.140219,0.250662,1.729653,0.918083,0.587328,-0.353405,-0.637065,0.858654,-0.194293,0.299577,-0.045729,0.960491
-0.075532,0.072914,0.054014,-0.019603,-0.062137,0.325317,0.023729,-0.436098,-0.016490,0.160906,0.054107,0.151828,0.481656,0.203072,0.264271,2.251500,-1.002762,-0.145510,0.251733,1.722744,0.904540,0.588675,-0.350982,-0.644478,0.856928,-0.197005,0.303100,-0.060827,0.966222
-0.079955,0.069471,0.051229,-0.015851,-0.056600,0.316763,0.019967,-0.438423,-0.016168,0.167277,0.056115,0.152185,0.494208,0.209362,0.274288,2.251500,-1.009123,-0.151658,0.253792,1.713299,0.888273,0.588772,-0.348270,-0.649260,0.852773,-0.200705,0.304957,-0.074511,0.972051
-0.085308,0.061166,0.048709,-0.013766,-0.047096,0.306068,0.014020,-0.431695,-0.014468,0.175156,0.061759,0.153067,0.506470,0.221108,0.303877,2.251500,-1.017096,-0.163259,0.258597,1.702605,0.867841,0.585834,-0.348190,-0.648177,0.841025,-0.203883,0.303161,-0.082651,0.976576
-0.091234,0.051978,0.046991,-0.011744,-0.037192,0.294512,0.008945,-0.426650,-0.012673,0.184373,0.068103,0.154572,0.518556,0.233699,0.335047,2.251500,-1.026331,-0.175410,0.261800,1.689590,0.844189,0.583480,-0.348488,-0.641397,0.828125,-0.207221,0.299064,-0.086738,0.978555
-0.098306,0.041021,0.046878,-0.009848,-0.026489,0.281232,0.005617,-0.424975,-0.010685,0.196263,0.075847,0.157320,0.530291,0.247982,0.369374,2.251500,-1.038089,-0.188661,0.261800,1.671931,0.814093,0.582291,-0.349543,-0.623226,0.812925,-0.210879,0.290367,-0.082719,0.975442
-0.103805,0.027444,0.049597,-0.009121,-0.019438,0.267030,0.003234,-0.426272,-0.009701,0.210508,0.093337,0.161571,0.540896,0.264822,0.399795,2.251500,-1.056520,-0.202732,0.261800,1.648436,0.777353,0.578573,-0.356874,-0.592228,0.795341,-0.214282,0.273901,-0.077893,0.970742
-0.108518,0.012556,0.053734,-0.008979,-0.014215,0.252367,0.001324,-0.429054,-0.009218,0.225931,0.115699,0.166573,0.550936,0.282939,0.428262,2.251500,-1.078288,-0.217211,0.261800,1.622024,0.737290,0.573590,-0.367343,-0.554816,0.776565,-0.217557,0.253550,-0.072665,0.965249
-0.110957,-0.011875,0.059415,-0.012411,-0.027938,0.234442,0.004187,-0.436097,-0.009778,0.250248,0.178475,0.178081,0.549144,0.277832,0.434954,2.251500,-1.111437,-0.219994,0.261800,1.586942,0.686719,0.572570,-0.387700,-0.507311,0.765578,-0.221040,0.222405,-0.053780,0.947612
-0.116866,-0.051513,0.065372,-0.017095,-0.059117,0.219648,0.009203,-0.441845,-0.010343,0.286502,0.285023,0.191365,0.544210,0.264364,0.424901,2.251500,-1.158539,-0.217443,0.261800,1.545749,0.626568,0.578598,-0.415529,-0.454068,0.756391,-0.224248,0.183098,-0.029319,0.923450
-0.129717,-0.121563,0.071883,-0.024282,-0.125205,0.211118,0.018521,-0.445006,-0.010919,0.346630,0.479117,0.208204,0.532993,0.234176,0.381358,2.251500,-1.233546,-0.204224,0.261800,1.492335,0.547259,0.598719,-0.458302,-0.389350,0.750805,-0.226909,0.127468,0.006291,0.886239
-0.162717,-0.220813,0.085218,-0.026690,-0.222278,0.200551,0.042719,-0.431669,-0.015210,0.440678,0.726291,0.234209,0.503362,0.160966,0.316399,2.251500,-1.311600,-0.174221,0.261800,1.424859,0.449125,0.626192,-0.478875,-0.330857,0.741724,-0.230328,0.067448,0.038968,0.836526
-0.205790,-0.334663,0.101966,-0.026709,-0.334843,0.188965,0.074355,-0.410083,-0.021358,0.551687,1.000004,0.264798,0.464524,0.066245,0.240733,2.251500,-1.391178,-0.135826,0.261800,1.350351,0.341578,0.657341,-0.488349,-0.275477,0.730897,-0.234126,0.005233,0.070177,0.780562
-0.282918,-0.470437,0.135087,-0.006901,-0.440258,0.155115,0.128078,-0.344827,-0.020345,0.751257,1.201374,0.259797,0.452162,-0.121098,0.115444,2.231454,-1.407890,-0.092751,0.251836,1.227046,0.172448,0.671021,-0.453463,-0.232130,0.686492,-0.277767,-0.074307,0.192756,0.611612
-0.356803,-0.597904,0.174090,0.019760,-0.545654,0.142274,0.181060,-0.288488,-0.008645,0.941803,1.344087,0.255439,0.417908,-0.299610,-0.005480,2.173673,-1.436979,-0.050927,0.235766,1.114637,0.000193,0.684831,-0.375548,-0.212685,0.619694,-0.322900,-0.148734,0.311505,0.427776
-0.424203,-0.708754,0.224856,0.060126,-0.651013,0.171454,0.232561,-0.249985,0.024430,1.114299,1.369487,0.252367,0.339872,-0.460458,-0.117674,2.040423,-1.490822,-0.011607,0.207484,1.024021,-0.178313,0.698897,-0.211575,-0.241045,0.508110,-0.371019,-0.212938,0.422594,0.214166
-0.489727,-0.793699,0.265480,0.091277,-0.722104,0.209771,0.254404,-0.222582,0.080093,1.278285,1.308130,0.267905,0.202753,-0.586592,-0.163596,1.912364,-1.563791,0.024861,0.200097,0.974322,-0.313102,0.752323,0.023256,-0.337259,0.355815,-0.384571,-0.232756,0.445376,-0.003467
-0.554313,-0.865690,0.301032,0.117819,-0.776062,0.252658,0.261419,-0.200729,0.147050,1.438016,1.203394,0.292748,0.036092,-0.695369,-0.176382,1.786901,-1.646324,0.059902,0.203158,0.945082,-0.426032,0.825427,0.293517,-0.467400,0.183163,-0.380840,-0.230383,0.424004,-0.223112
-0.625915,-0.924557,0.343854,0.129588,-0.792327,0.240889,0.251982,-0.189796,0.222821,1.585503,1.108592,0.289390,-0.147949,-0.762562,-0.153387,1.776776,-1.649508,0.068106,0.197250,0.899625,-0.447203,0.961583,0.520540,-0.543913,0.286341,-0.311155,-0.224536,0.219250,-0.348113
-0.697456,-0.979715,0.379976,0.135702,-0.805857,0.225572,0.241262,-0.180019,0.288267,1.719372,1.029578,0.288559,-0.311687,-0.819933,-0.130694,1.770720,-1.652529,0.074405,0.190972,0.855595,-0.461256,1.079608,0.724336,-0.607862,0.366062,-0.247993,-0.207613,0.051562,-0.419743
-0.768875,-1.027458,0.402700,0.130505,-0.813916,0.203157,0.227977,-0.172555,0.333062,1.826002,0.982140,0.292785,-0.434822,-0.857663,-0.108604,1.772801,-1.655222,0.076897,0.183953,0.814422,-0.461072,1.161368,0.881680,-0.646682,0.398869,-0.197877,-0.168536,-0.041995,-0.384628
-0.840206,-1.073924,0.415512,0.125718,-0.820366,0.186057,0.217437,-0.165866,0.367127,1.913190,0.954780,0.294012,-0.530610,-0.870837,-0.092362,1.779640,-1.658575,0.079840,0.171816,0.787453,-0.454985,1.214232,0.978706,-0.665206,0.414172,-0.164449,-0.145834,-0.102431,-0.358033
-0.911492,-1.119752,0.423370,0.121136,-0.826012,0.171615,0.208269,-0.159564,0.395827,1.990656,0.937459,0.293739,-0.612725,-0.871735,-0.079044,1.788858,-1.662256,0.083008,0.157120,0.767586,-0.445946,1.252649,1.045573,-0.673581,0.420722,-0.139366,-0.131320,-0.146306,-0.335699
-0.966730,-1.155092,0.422795,0.114243,-0.825351,0.168608,0.200290,-0.141287,0.416693,2.043468,0.941529,0.294720,-0.663721,-0.872271,-0.058961,1.790156,-1.659975,0.079982,0.147661,0.755643,-0.433020,1.266187,1.079490,-0.689983,0.423450,-0.123414,-0.118714,-0.172755,-0.319676
-1.016105,-1.189337,0.404913,0.104824,-0.830453,0.189974,0.191410,-0.127532,0.431091,2.091392,0.952198,0.278532,-0.745591,-0.872637,-0.049406,1.753675,-1.669239,0.074358,0.137530,0.722530,-0.374730,1.270459,1.081684,-0.707731,0.426745,-0.108825,-0.110272,-0.201026,-0.306478
-1.053757,-1.221391,0.352417,0.090350,-0.847078,0.260084,0.180726,-0.122826,0.432555,2.129537,0.976066,0.228009,-0.889210,-0.872662,-0.060908,1.641635,-1.701592,0.063534,0.126054,0.647077,-0.225713,1.256196,1.020435,-0.728170,0.431178,-0.096962,-0.110162,-0.232943,-0.298930
-1.078318,-1.239573,0.350184,0.090173,-0.840224,0.254758,0.182832,-0.110506,0.440380,2.157169,0.976956,0.198411,-0.967119,-0.872433,-0.059001,1.643775,-1.685287,0.054345,0.122472,0.610109,-0.164802,1.254672,1.035477,-0.738802,0.436005,-0.095218,-0.105080,-0.241295,-0.301773
-1.096333,-1.250820,0.373082,0.097144,-0.821630,0.211712,0.191331,-0.094379,0.451386,2.179543,0.966356,0.179274,-1.012173,-0.872076,-0.050389,1.703007,-1.644652,0.045974,0.122836,0.592384,-0.147944,1.259517,1.088666,-0.744531,0.441028,-0.098533,-0.097513,-0.237864,-0.309811
-1.101703,-1.259205,0.370449,0.098161,-0.818364,0.188803,0.194873,-0.085940,0.451204,2.186909,0.967287,0.170549,-1.055110,-0.871739,-0.043176,1.731035,-1.618891,0.037550,0.120946,0.582410,-0.118139,1.269623,1.114675,-0.762331,0.447584,-0.095536,-0.102160,-0.241749,-0.309908
-1.105595,-1.265369,0.365562,0.098691,-0.814271,0.169963,0.197472,-0.079276,0.449480,2.192019,0.966604,0.163851,-1.097263,-0.871425,-0.037796,1.753007,-1.595748,0.029538,0.119966,0.573120,-0.086448,1.279678,1.136561,-0.778736,0.454431,-0.093292,-0.107363,-0.245806,-0.309863
-1.106528,-1.267090,0.356166,0.098245,-0.808526,0.159261,0.198186,-0.076164,0.444673,2.192617,0.962696,0.161208,-1.137847,-0.871159,-0.036083,1.762867,-1.577843,0.022350,0.120806,0.565196,-0.050986,1.289633,1.150203,-0.792349,0.461858,-0.092559,-0.113679,-0.250206,-0.309535
-1.103894,-1.266249,0.344936,0.097355,-0.803394,0.153032,0.198694,-0.073640,0.438940,2.189799,0.959339,0.159516,-1.176142,-0.870993,-0.033834,1.766067,-1.563376,0.016733,0.121774,0.558403,-0.012978,1.298659,1.160725,-0.805702,0.469433,-0.092532,-0.119055,-0.252604,-0.309827
-1.099477,-1.264127,0.332789,0.096244,-0.798567,0.149040,0.199099,-0.071410,0.432744,2.185274,0.956257,0.158299,-1.213293,-0.870878,-0.031316,1.765936,-1.550627,0.011902,0.122807,0.552176,0.026305,1.307222,1.169686,-0.818924,0.477082,-0.092859,-0.123960,-0.254001,-0.310430
-1.092052,-1.261126,0.321252,0.094527,-0.793430,0.150103,0.199100,-0.069552,0.423870,2.175344,0.949929,0.155757,-1.246950,-0.870828,-0.025998,1.761157,-1.544349,0.008597,0.127337,0.548979,0.067505,1.317203,1.176964,-0.831143,0.481667,-0.094562,-0.128785,-0.253139,-0.311563
-1.084047,-1.258066,0.309951,0.093477,-0.788795,0.152033,0.199034,-0.068421,0.415542,2.165124,0.944584,0.153358,-1.279998,-0.870819,-0.021548,1.755295,-1.538339,0.005843,0.131210,0.545822,0.108492,1.326420,1.184322,-0.842832,0.485896,-0.096171,-0.132977,-0.252312,-0.313071
-1.074882,-1.254887,0.299124,0.093761,-0.785166,0.155696,0.198834,-0.068743,0.408307,2.154325,0.941205,0.151244,-1.311829,-0.870894,-0.018833,1.747266,-1.532866,0.004188,0.133772,0.542746,0.149054,1.334108,1.191839,-0.853462,0.489414,-0.097590,-0.135903,-0.251556,-0.315324
-1.064576,-1.250358,0.288645,0.092980,-0.781831,0.160491,0.196917,-0.069459,0.401882,2.141788,0.940495,0.147393,-1.341527,-0.871000,-0.021194,1.738418,-1.527376,0.002484,0.137305,0.541629,0.189959,1.340863,1.201306,-0.866757,0.491356,-0.099350,-0.136975,-0.247252,-0.317098
-1.053700,-1.245154,0.278341,0.091668,-0.778645,0.165853,0.194142,-0.070373,0.395862,2.128382,0.941119,0.142676,-1.370159,-0.871122,-0.026092,1.729161,-1.521876,0.000755,0.141323,0.541490,0.231036,1.347152,1.211747,-0.881383,0.492510,-0.101280,-0.137121,-0.241175,-0.318632
-1.040345,-1.238614,0.267324,0.097547,-0.777121,0.171975,0.193149,-0.071821,0.390257,2.110402,0.948702,0.136868,-1.396703,-0.871359,-0.040014,1.721312,-1.516862,0.000670,0.144227,0.542900,0.271553,1.350706,1.219627,-0.890756,0.490950,-0.104716,-0.137600,-0.231203,-0.321913
-1.027165,-1.232311,0.256203,0.104312,-0.775717,0.177820,0.190861,-0.072781,0.384753,2.094361,0.959611,0.129262,-1.422833,-0.871582,-0.054716,1.714281,-1.509861,0.001088,0.146171,0.545957,0.311585,1.352493,1.227073,-0.902528,0.490856,-0.108517,-0.137400,-0.218950,-0.324840
-1.014334,-1.226480,0.244872,0.112852,-0.774555,0.183113,0.185984,-0.072764,0.379449,2.082198,0.977174,0.118059,-1.448136,-0.871776,-0.070977,1.708885,-1.498886,0.002512,0.146196,0.552304,0.350646,1.350748,1.233654,-0.919097,0.493695,-0.113048,-0.135841,-0.202136,-0.327056
-0.999902,-1.216881,0.233013,0.125201,-0.776822,0.187445,0.182286,-0.077699,0.375454,2.064600,0.998624,0.104617,-1.471211,-0.871987,-0.090220,1.706513,-1.487165,0.004521,0.146348,0.560822,0.389888,1.347180,1.239829,-0.933104,0.494252,-0.119011,-0.133866,-0.182460,-0.329427
-0.984670,-1.205398,0.220889,0.139456,-0.780804,0.191296,0.179178,-0.085109,0.372114,2.044286,1.022016,0.090056,-1.493172,-0.872206,-0.110953,1.705653,-1.475072,0.006821,0.146564,0.570424,0.429220,1.342700,1.245803,-0.945830,0.493669,-0.125690,-0.131682,-0.161354,-0.331876
-0.959601,-1.186506,0.208111,0.155947,-0.782920,0.196136,0.175549,-0.089655,0.369367,2.022852,1.046952,0.070157,-1.511191,-0.872264,-0.130350,1.708266,-1.454994,0.006331,0.147399,0.584400,0.467506,1.332194,1.251123,-0.956085,0.490365,-0.136989,-0.128906,-0.131739,-0.333716
-0.931947,-1.164485,0.195489,0.173365,-0.786697,0.200962,0.171426,-0.095144,0.366319,2.000111,1.070251,0.047930,-1.526446,-0.872313,-0.149614,1.712715,-1.432391,0.004167,0.149311,0.600358,0.506603,1.317506,1.256005,-0.966478,0.484656,-0.150856,-0.126068,-0.097543,-0.336205
-0.899121,-1.136206,0.183180,0.192638,-0.793798,0.205760,0.166311,-0.102518,0.362668,1.974757,1.090274,0.021046,-1.536172,-0.872342,-0.168612,1.720835,-1.404740,-0.001345,0.153377,0.620283,0.547323,1.294456,1.260009,-0.977147,0.474140,-0.169862,-0.123104,-0.054187,-0.339991
-0.865863,-1.100034,0.163352,0.212539,-0.792206,0.213182,0.156056,-0.100477,0.360227,1.949564,1.104086,-0.013246,-1.545493,-0.872363,-0.177432,1.726703,-1.361727,-0.006752,0.168004,0.642841,0.595295,1.245437,1.267211,-0.989875,0.456860,-0.202976,-0.116949,0.026635,-0.338664
-0.832389,-1.059917,0.139765,0.232756,-0.786267,0.221915,0.143231,-0.093729,0.358390,1.924451,1.114793,-0.051243,-1.554613,-0.872380,-0.181164,1.731445,-1.311033,-0.012106,0.187911,0.666717,0.646893,1.183432,1.276013,-1.003633,0.436198,-0.243145,-0.109198,0.126188,-0.334782
-0.792659,-1.011921,0.110601,0.255167,-0.775609,0.228815,0.128807,-0.078050,0.359658,1.904088,1.113131,-0.089707,-1.543135,-0.872217,-0.162858,1.735975,-1.232977,-0.023916,0.216718,0.681596,0.699547,1.053917,1.278269,-1.009089,0.397124,-0.287582,-0.086713,0.220379,-0.299426
-0.750980,-0.958527,0.082373,0.285646,-0.763193,0.231987,0.114455,-0.071421,0.357776,1.881349,1.096566,-0.126075,-1.526353,-0.872220,-0.137330,1.744877,-1.142436,-0.035452,0.241098,0.691170,0.758411,0.899487,1.269661,-1.007992,0.357647,-0.333527,-0.061511,0.315386,-0.232904
-0.705404,-0.894338,0.056017,0.332262,-0.747264,0.227700,0.100247,-0.082891,0.349594,1.853858,1.050195,-0.158252,-1.498964,-0.872554,-0.097359,1.762523,-1.026921,-0.046438,0.256624,0.690133,0.829694,0.695226,1.239328,-0.993789,0.317362,-0.382487,-0.030875,0.412026,-0.104047
-0.679906,-0.827263,0.015454,0.375418,-0.749489,0.211656,0.081198,-0.102361,0.346054,1.828100,0.980508,-0.179488,-1.518510,-0.872667,-0.071660,1.812596,-0.914848,-0.065239,0.261800,0.702940,0.892675,0.528027,1.178377,-0.939877,0.328388,-0.429216,-0.025567,0.480078,-0.013168
-0.664446,-0.758746,-0.032211,0.416844,-0.760792,0.189734,0.059728,-0.125831,0.344836,1.803210,0.899165,-0.195254,-1.561524,-0.872670,-0.053097,1.878883,-0.804497,-0.087945,0.261800,0.722671,0.951505,0.379359,1.102119,-0.866109,0.365069,-0.474829,-0.032921,0.533835,0.058723
-0.663671,-0.706725,-0.085647,0.461054,-0.787162,0.163742,0.028993,-0.133535,0.334142,1.793627,0.833740,-0.172663,-1.656420,-0.872670,-0.069102,1.957786,-0.709942,-0.120329,0.261800,0.776851,0.996563,0.298121,1.019388,-0.810693,0.411478,-0.491635,-0.060739,0.573730,0.042121
-0.665830,-0.664879,-0.111012,0.510426,-0.814898,0.140262,-0.003946,-0.134903,0.314420,1.786524,0.788868,-0.052638,-1.751650,-0.872670,-0.090177,2.058610,-0.647517,-0.150848,0.261800,0.936259,1.032154,0.238696,0.932491,-0.764542,0.482342,-0.503082,-0.097645,0.616119,0.010285
-0.673858,-0.643382,-0.080238,0.570120,-0.845367,0.121808,-0.041292,-0.123600,0.276644,1.784378,0.785101,0.262256,-1.847546,-0.872670,-0.121394,2.203277,-0.649356,-0.177640,0.261800,1.306121,1.048810,0.222895,0.837264,-0.736919,0.602117,-0.503810,-0.152727,0.663496,-0.052022
-0.688112,-0.620809,-0.120673,0.619935,-0.875304,0.132536,-0.080316,-0.107898,0.248296,1.785067,0.789091,0.405256,-1.997477,-0.865411,-0.146783,2.251500,-0.608794,-0.197936,0.261800,1.472660,1.074396,0.202803,0.712741,-0.710911,0.665530,-0.510507,-0.218714,0.682048,-0.124974
-0.705480,-0.597698,-0.196714,0.664811,-0.904974,0.157856,-0.120178,-0.089998,0.224663,1.787172,0.796959,0.462310,-2.174426,-0.854523,-0.169258,2.251500,-0.547032,-0.214985,0.261800,1.537537,1.104447,0.180566,0.573571,-0.685711,0.700762,-0.520188,-0.290154,0.686187,-0.203248
-0.749469,-0.613617,-0.222882,0.712147,-0.924914,0.188145,-0.166557,-0.069143,0.198520,1.778867,0.874246,0.486762,-2.320545,-0.834443,-0.215580,2.251500,-0.506426,-0.235513,0.261800,1.584284,1.120439,0.175609,0.506023,-0.692261,0.706405,-0.520933,-0.332875,0.696982,-0.290354
-0.787580,-0.630128,-0.240948,0.756682,-0.940578,0.212786,-0.205210,-0.048157,0.175763,1.771228,0.951222,0.503400,-2.446283,-0.817806,-0.264812,2.251500,-0.475708,-0.251489,0.261800,1.626338,1.131368,0.170812,0.450723,-0.701236,0.709925,-0.521492,-0.369663,0.704450,-0.364434
-0.813937,-0.647824,-0.242808,0.795615,-0.947688,0.226131,-0.228412,-0.026909,0.159777,1.764922,1.027576,0.504411,-2.531258,-0.808054,-0.319863,2.251500,-0.464762,-0.258361,0.261800,1.659008,1.132170,0.166334,0.419918,-0.715059,0.709200,-0.521680,-0.394587,0.705262,-0.412463
-0.838947,-0.676883,-0.206371,0.820395,-0.952911,0.219890,-0.249039,-0.000858,0.158026,1.764520,1.108363,0.492932,-2.622373,-0.800189,-0.372096,2.251500,-0.481679,-0.261111,0.261800,1.704320,1.164937,0.128393,0.422549,-0.734946,0.688743,-0.525621,-0.408946,0.697384,-0.468624
-0.863284,-0.711623,-0.150784,0.838099,-0.957189,0.203856,-0.268379,0.027596,0.163391,1.767070,1.191366,0.475208,-2.716558,-0.793267,-0.422920,2.251500,-0.512528,-0.261800,0.261800,1.755954,1.213686,0.073720,0.441897,-0.757865,0.658419,-0.531439,-0.418022,0.685161,-0.528851
-0.862924,-0.722840,-0.174063,0.852767,-0.958027,0.231403,-0.277014,0.040468,0.168080,1.760793,1.243606,0.479740,-2.744869,-0.789843,-0.455170,2.251500,-0.494103,-0.261576,0.261800,1.766508,1.216095,0.116684,0.408065,-0.759517,0.663885,-0.517241,-0.422897,0.694009,-0.545156
-0.863385,-0.737236,-0.186498,0.864705,-0.959196,0.244809,-0.284445,0.054501,0.171144,1.756106,1.293137,0.482957,-2.770388,-0.787068,-0.483979,2.251500,-0.484480,-0.261499,0.261800,1.776757,1.221756,0.143022,0.391275,-0.763173,0.661974,-0.510485,-0.422819,0.699536,-0.564772
-0.865486,-0.757992,-0.177244,0.871184,-0.961026,0.229931,-0.289469,0.070858,0.170955,1.754600,1.337253,0.483543,-2.790319,-0.785590,-0.505908,2.251500,-0.492460,-0.261718,0.261800,1.786395,1.233921,0.136109,0.408566,-0.770835,0.645312,-0.518616,-0.412836,0.698421,-0.591012
-0.864200,-0.775790,-0.173495,0.878349,-0.961412,0.220995,-0.289145,0.082891,0.171754,1.748224,1.371894,0.486314,-2.803780,-0.781606,-0.521501,2.251500,-0.504064,-0.261795,0.261800,1.792461,1.248025,0.130814,0.416228,-0.775768,0.628578,-0.525422,-0.407593,0.701319,-0.611015
-0.861221,-0.792109,-0.172499,0.885856,-0.961074,0.215031,-0.286147,0.092763,0.173047,1.739413,1.401796,0.490178,-2.814006,-0.776368,-0.533926,2.251500,-0.517480,-0.261800,0.261800,1.796742,1.263099,0.126329,0.419076,-0.779338,0.611808,-0.531566,-0.404720,0.706224,-0.627899
-0.857876,-0.805826,-0.170981,0.885298,-0.957439,0.206849,-0.284177,0.105063,0.175726,1.732585,1.422294,0.497012,-2.813913,-0.772575,-0.543076,2.251500,-0.541415,-0.261800,0.261800,1.796684,1.281462,0.120641,0.415748,-0.777202,0.594388,-0.541822,-0.405842,0.716582,-0.642259
-0.856897,-0.821168,-0.167940,0.884226,-0.954663,0.198214,-0.283009,0.117954,0.177491,1.726833,1.442639,0.503904,-2.812142,-0.769162,-0.552620,2.251500,-0.569938,-0.261800,0.261800,1.795592,1.300612,0.113174,0.408900,-0.773208,0.575603,-0.553036,-0.408157,0.727431,-0.656056
-0.860652,-0.839761,-0.161853,0.882126,-0.953605,0.188674,-0.283447,0.132026,0.177429,1.723235,1.462681,0.510908,-2.807015,-0.766509,-0.562948,2.251500,-0.607641,-0.261800,0.261800,1.792434,1.321335,0.102149,0.395012,-0.765498,0.554088,-0.566167,-0.412856,0.739263,-0.668730
-0.865182,-0.860517,-0.145260,0.879916,-0.953132,0.170048,-0.283177,0.147461,0.175405,1.720528,1.483881,0.518861,-2.796812,-0.764918,-0.570290,2.251500,-0.672132,-0.261800,0.261800,1.786196,1.349838,0.071980,0.366330,-0.750556,0.525675,-0.581676,-0.422192,0.759148,-0.689230
-0.870100,-0.882354,-0.123415,0.877652,-0.952953,0.146880,-0.282552,0.163578,0.172400,1.718268,1.505661,0.527288,-2.784070,-0.763858,-0.576137,2.251500,-0.750018,-0.261800,0.261800,1.778417,1.382231,0.032239,0.330250,-0.731997,0.493814,-0.598374,-0.433844,0.783059,-0.713643
-0.874516,-0.894796,-0.123309,0.877316,-0.946953,0.148616,-0.287114,0.174566,0.173775,1.715132,1.522501,0.543506,-2.752635,-0.765469,-0.584071,2.251500,-0.830821,-0.261800,0.261800,1.757523,1.392892,0.044293,0.245120,-0.696082,0.466947,-0.600738,-0.451446,0.815710,-0.730911
-0.881470,-0.910617,-0.109548,0.876901,-0.941367,0.133204,-0.293017,0.188718,0.174906,1.713838,1.541133,0.567944,-2.701903,-0.768640,-0.593283,2.251500,-0.955556,-0.261800,0.261800,1.739065,1.399799,0.034882,0.137893,-0.653042,0.430596,-0.604063,-0.463936,0.859190,-0.760298
-0.893497,-0.933195,-0.068478,0.876329,-0.936610,0.083498,-0.301602,0.209199,0.175548,1.716227,1.563350,0.608822,-2.612578,-0.774933,-0.605054,2.251500,-1.168156,-0.261800,0.261800,1.725477,1.399198,-0.017457,-0.013525,-0.595749,0.375278,-0.609306,-0.466201,0.924332,-0.813927
-0.911226,-0.953305,-0.040390,0.874366,-0.928777,0.053849,-0.313822,0.224030,0.213711,1.717386,1.588501,0.665526,-2.518098,-0.779868,-0.618457,2.179209,-1.370185,-0.261800,0.261800,1.735728,1.372822,-0.070850,-0.133553,-0.566060,0.340903,-0.607465,-0.471832,0.977245,-0.861514
-0.931805,-0.972181,-0.018794,0.871707,-0.919407,0.034228,-0.327859,0.236037,0.270636,1.717929,1.615120,0.730143,-2.421040,-0.784126,-0.632676,2.070773,-1.566928,-0.261800,0.261800,1.757900,1.333559,-0.124769,-0.237886,-0.550174,0.316998,-0.602081,-0.479146,1.024044,-0.906082
-0.959383,-0.990345,-0.010084,0.860672,-0.911866,0.029338,-0.346381,0.243097,0.380320,1.717235,1.632434,0.773848,-2.349411,-0.784597,-0.643061,1.914496,-1.740149,-0.261800,0.261739,1.759889,1.301289,-0.122925,-0.252512,-0.623930,0.386579,-0.601005,-0.492051,1.057641,-0.953964
-0.993607,-1.014462,0.011852,0.838125,-0.903804,0.087510,-0.368851,0.250424,0.426341,1.720028,1.644712,0.638274,-2.250034,-0.786487,-0.648447,1.612652,-1.934687,-0.261800,0.261719,1.497678,1.303820,-0.151165,-0.278318,-0.650284,0.465686,-0.587502,-0.488547,1.047360,-0.966129
-1.041123,-1.050489,0.060241,0.792553,-0.894698,0.271807,-0.399218,0.258287,0.345037,1.729791,1.646917,0.144142,-2.095163,-0.791212,-0.643837,1.019672,-2.171857,-0.261800,0.261780,0.707069,1.375955,-0.239572,-0.326483,-0.581833,0.563847,-0.549145,-0.452223,0.949322,-0.906859
-1.051026,-1.067094,-0.020297,0.757053,-0.882005,0.407795,-0.412040,0.267307,0.393383,1.728503,1.637631,0.032297,-1.967593,-0.790943,-0.643323,0.606352,-2.238376,-0.261800,0.261800,0.394301,1.400000,-0.128953,-0.183677,-0.561409,0.656898,-0.485468,-0.357017,0.912995,-0.814726
-1.042123,-1.073989,-0.165298,0.726588,-0.867517,0.519628,-0.416090,0.276905,0.506554,1.721689,1.622601,0.111596,-1.853673,-0.788178,-0.644856,0.282862,-2.219570,-0.261800,0.261800,0.320455,1.400000,0.081179,0.054615,-0.565000,0.747394,-0.409133,-0.232370,0.907524,-0.706161
-1.083101,-1.084469,-0.449832,0.708514,-0.862480,0.488686,-0.450623,0.289299,0.498481,1.742119,1.628419,0.309318,-1.463260,-0.787911,-0.670523,0.038397,-1.945962,-0.261800,0.261773,0.326650,1.400000,0.321562,0.294701,-0.614354,0.747120,-0.338693,-0.090728,0.824266,-0.491446
-1.118992,-1.101189,-0.621542,0.686260,-0.855861,0.378824,-0.478765,0.308512,0.477609,1.762347,1.640388,0.453212,-1.003345,-0.780685,-0.690079,-0.092472,-1.586464,-0.261800,0.261764,0.360556,1.257933,0.524287,0.553773,-0.655790,0.719339,-0.289301,0.012654,0.733635,-0.345171
-1.144710,-1.130392,-0.567605,0.655646,-0.846079,0.111124,-0.494128,0.341365,0.431135,1.782170,1.664661,0.489450,-0.404428,-0.759540,-0.697414,0.003847,-1.055188,-0.261800,0.261791,0.449884,0.831733,0.651697,0.850815,-0.681390,0.636543,-0.282006,0.039516,0.628256,-0.335774
-1.155002,-1.142262,-0.443270,0.651285,-0.824064,0.017717,-0.510533,0.353921,0.449970,1.783906,1.684402,0.418722,-0.068464,-0.750633,-0.709311,0.109271,-0.774178,-0.261800,0.256756,0.412969,0.535127,0.799869,1.026384,-0.691783,0.474451,-0.252194,0.006363,0.549638,-0.281338
-1.157581,-1.145467,-0.283735,0.660052,-0.795932,0.011458,-0.527459,0.356330,0.501460,1.776598,1.701877,0.294512,0.136023,-0.747844,-0.723490,0.219247,-0.618302,-0.261800,0.249189,0.312933,0.303317,0.958422,1.141216,-0.694572,0.272710,-0.211123,-0.056798,0.484400,-0.204381
-1.162097,-1.155497,-0.186947,0.662217,-0.783814,0.021644,-0.534696,0.366745,0.509178,1.778766,1.711349,0.246934,0.178679,-0.747653,-0.728672,0.280047,-0.551398,-0.261800,0.249988,0.205901,0.235942,1.012446,1.194136,-0.695853,0.243907,-0.200688,-0.046740,0.454585,-0.176372
-1.163948,-1.162028,-0.115563,0.666349,-0.772106,0.029566,-0.540865,0.374767,0.514444,1.777126,1.718507,0.208954,0.203825,-0.746716,-0.733478,0.329506,-0.506616,-0.261800,0.250231,0.120701,0.189764,1.051421,1.233564,-0.691775,0.219539,-0.190751,-0.037010,0.428812,-0.150141
-1.160472,-1.161558,-0.094988,0.674415,-0.761220,0.032960,-0.544896,0.378004,0.514805,1.767870,1.721038,0.190166,0.193949,-0.744285,-0.737532,0.356285,-0.506081,-0.261800,0.249359,0.079162,0.185983,1.060298,1.246007,-0.676979,0.204041,-0.181809,-0.027934,0.411125,-0.127463
-1.154384,-1.158822,-0.079928,0.690710,-0.754026,0.035873,-0.540622,0.376879,0.511831,1.752887,1.723843,0.168550,0.172506,-0.737573,-0.743063,0.388372,-0.518491,-0.261615,0.246358,0.042868,0.183523,1.060623,1.245653,-0.658699,0.189472,-0.175851,-0.023904,0.402192,-0.118277
-1.146990,-1.154955,-0.067624,0.711119,-0.748678,0.038546,-0.532195,0.373574,0.507191,1.735040,1.726784,0.145520,0.145279,-0.728722,-0.749333,0.423114,-0.537373,-0.261337,0.242293,0.009198,0.181723,1.056671,1.238898,-0.638677,0.175367,-0.171384,-0.022395,0.397637,-0.115836
-1.123221,-1.138797,-0.059526,0.741504,-0.746937,0.039896,-0.513754,0.361005,0.499089,1.702506,1.723087,0.112586,0.104508,-0.717926,-0.756107,0.464610,-0.569896,-0.260755,0.232013,-0.019285,0.183399,1.043919,1.216355,-0.606708,0.146026,-0.165222,-0.022440,0.391812,-0.118501
-1.093170,-1.120524,-0.053398,0.772582,-0.746945,0.040945,-0.486403,0.345039,0.489192,1.664496,1.718509,0.078101,0.059197,-0.704973,-0.763440,0.505657,-0.603759,-0.255465,0.220305,-0.046487,0.187111,1.031086,1.191724,-0.574631,0.117011,-0.159767,-0.023490,0.389173,-0.127632
-1.050556,-1.098021,-0.051212,0.805042,-0.750449,0.041392,-0.441231,0.322277,0.475708,1.615532,1.712172,0.040515,0.004805,-0.687705,-0.771889,0.545804,-0.640304,-0.240758,0.205739,-0.071127,0.194891,1.018092,1.162916,-0.542340,0.088652,-0.155726,-0.026553,0.392902,-0.149692
-0.987944,-1.068432,-0.049030,0.837105,-0.754777,0.041816,-0.384965,0.288245,0.457994,1.545916,1.704380,-0.002621,-0.060435,-0.661712,-0.781861,0.580996,-0.671942,-0.227973,0.187940,-0.097830,0.212500,1.008042,1.138279,-0.509108,0.063048,-0.149596,-0.027652,0.392190,-0.167163
-0.915334,-1.035299,-0.046851,0.868970,-0.759517,0.042230,-0.323151,0.248579,0.438167,1.465975,1.695862,-0.048532,-0.131100,-0.631356,-0.792596,0.613710,-0.701127,-0.216150,0.168526,-0.125567,0.235024,0.999463,1.115727,-0.475404,0.038823,-0.142422,-0.027769,0.389257,-0.182339
-0.825207,-0.985101,-0.048902,0.883686,-0.754707,0.039902,-0.255644,0.186981,0.415907,1.350000,1.673056,-0.109598,-0.220866,-0.573043,-0.801452,0.628758,-0.700469,-0.212768,0.144110,-0.158166,0.271737,1.006266,1.106862,-0.439185,0.029057,-0.138884,-0.033868,0.383256,-0.205278
-0.733017,-0.929339,-0.051266,0.892978,-0.745557,0.036161,-0.188142,0.120334,0.391122,1.226036,1.644840,-0.172691,-0.307824,-0.499058,-0.809727,0.636572,-0.689438,-0.211049,0.118881,-0.193040,0.314058,1.015409,1.098410,-0.402771,0.018830,-0.133723,-0.038738,0.373514,-0.221468
-0.636703,-0.862451,-0.054257,0.891420,-0.727725,0.029593,-0.120654,0.043590,0.361285,1.086095,1.605803,-0.239838,-0.389167,-0.393728,-0.816838,0.629917,-0.657666,-0.212657,0.092024,-0.232460,0.367596,1.029232,1.090784,-0.365970,0.007682,-0.125315,-0.041150,0.356290,-0.224161
-0.553886,-0.790042,-0.056843,0.881434,-0.698444,0.020339,-0.057602,-0.030551,0.332593,0.964224,1.553814,-0.308396,-0.458740,-0.274871,-0.811000,0.610189,-0.609709,-0.209489,0.061244,-0.272963,0.422421,1.045232,1.081086,-0.325731,-0.003669,-0.116539,-0.042156,0.327328,-0.217444
-0.477818,-0.714873,-0.059228,0.867233,-0.663438,0.009741,0.003230,-0.103389,0.304473,0.851387,1.495348,-0.377660,-0.522430,-0.149250,-0.798686,0.583924,-0.553660,-0.203931,0.028502,-0.314008,0.477888,1.062322,1.070350,-0.283774,-0.015120,-0.107579,-0.042459,0.292497,-0.206021
-0.436825,-0.633538,-0.059159,0.840430,-0.617676,-0.003288,0.058298,-0.162869,0.286404,0.814585,1.412712,-0.431183,-0.552081,-0.094228,-0.765605,0.542266,-0.494010,-0.189638,0.006775,-0.346003,0.514227,1.061471,1.051282,-0.270052,-0.011535,-0.109861,-0.046656,0.261962,-0.194001
-0.406525,-0.551006,-0.058611,0.800986,-0.569305,-0.015693,0.106419,-0.218055,0.270227,0.806301,1.321385,-0.474198,-0.567832,-0.072740,-0.725260,0.495595,-0.436477,-0.171314,-0.006116,-0.372704,0.544390,1.048936,1.020693,-0.268252,-0.003713,-0.114387,-0.050860,0.237606,-0.182723
-0.397610,-0.466080,-0.057109,0.736260,-0.515714,-0.026849,0.140647,-0.264653,0.257833,0.855053,1.212679,-0.496197,-0.555785,-0.118320,-0.670387,0.438902,-0.383176,-0.144926,-0.001336,-0.388821,0.562202,1.013032,0.967065,-0.290296,0.012585,-0.123402,-0.055076,0.225607,-0.172930
-0.401981,-0.390760,-0.053211,0.649099,-0.465013,-0.038397,0.167206,-0.296252,0.246591,0.932491,1.099103,-0.501502,-0.532197,-0.201739,-0.594817,0.382411,-0.340624,-0.112550,0.017375,-0.411373,0.586272,0.960878,0.893393,-0.305453,0.020677,-0.135388,-0.062407,0.194128,-0.149462
-0.412993,-0.320241,-0.048115,0.550719,-0.415756,-0.050142,0.189931,-0.320351,0.235924,1.024272,0.983092,-0.498460,-0.502838,-0.304076,-0.508900,0.326021,-0.303446,-0.077179,0.043052,-0.437143,0.613471,0.900598,0.809699,-0.317167,0.024666,-0.148859,-0.071296,0.152908,-0.119158
-0.423223,-0.271041,-0.038817,0.431358,-0.361608,-0.047673,0.208507,-0.314990,0.202872,1.063306,0.862260,-0.429755,-0.400982,-0.349939,-0.419998,0.300299,-0.338684,-0.063369,0.076136,-0.447061,0.600347,0.760453,0.623928,-0.292788,0.030518,-0.161158,-0.085687,0.106122,-0.087007
-0.419862,-0.226032,-0.030304,0.321031,-0.307471,-0.043432,0.229354,-0.304662,0.165806,1.068182,0.741478,-0.345332,-0.287358,-0.375709,-0.330279,0.287048,-0.381996,-0.052050,0.107788,-0.448633,0.577902,0.615848,0.437600,-0.271494,0.038180,-0.178925,-0.107634,0.067152,-0.069176
-0.389321,-0.189404,-0.023365,0.228770,-0.253356,-0.035648,0.254744,-0.284400,0.120709,1.004742,0.620793,-0.229473,-0.150197,-0.361294,-0.238928,0.298737,-0.441458,-0.045715,0.136574,-0.433513,0.536814,0.462321,0.250159,-0.256370,0.049461,-0.207627,-0.144696,0.043815,-0.079987
-0.348890,-0.161785,-0.017363,0.140577,-0.203522,-0.031097,0.254443,-0.245113,0.087724,0.894266,0.513610,-0.087430,-0.008374,-0.336206,-0.139273,0.324923,-0.494560,-0.048078,0.167178,-0.391441,0.471592,0.306986,0.101591,-0.275669,0.064922,-0.236623,-0.175602,0.015816,-0.081978
-0.303514,-0.138672,-0.011829,0.054420,-0.155828,-0.028162,0.241297,-0.196313,0.060794,0.760273,0.413177,0.067705,0.135780,-0.305781,-0.035466,0.358358,-0.544482,-0.054790,0.198691,-0.335893,0.394304,0.150748,-0.027539,-0.312179,0.082472,-0.265766,-0.203429,-0.014515,-0.079557
-0.248306,-0.116150,-0.014483,0.009813,-0.125965,-0.020394,0.221198,-0.175182,0.044248,0.620803,0.351139,0.181273,0.232307,-0.263871,0.014130,0.388477,-0.583526,-0.065698,0.203262,-0.280814,0.337247,0.066968,-0.100757,-0.329332,0.092147,-0.284092,-0.223322,0.010629,-0.105722
-0.194139,-0.095001,-0.017482,-0.029657,-0.098169,-0.012522,0.194653,-0.158014,0.031337,0.491957,0.297769,0.287922,0.322632,-0.218525,0.050587,0.410860,-0.612649,-0.076781,0.203562,-0.230355,0.283644,-0.005613,-0.160312,-0.347373,0.104606,-0.300574,-0.241314,0.034785,-0.133601
-0.142050,-0.076596,-0.021171,-0.058856,-0.074510,-0.004445,0.155214,-0.148771,0.025693,0.384360,0.261734,0.380735,0.400554,-0.166305,0.060765,0.417770,-0.621929,-0.088210,0.195320,-0.189132,0.236949,-0.055798,-0.192543,-0.367193,0.122633,-0.313366,-0.255506,0.056965,-0.164907
-0.100535,-0.064582,-0.024142,-0.073529,-0.057376,0.000834,0.123790,-0.147620,0.020505,0.303312,0.239866,0.449726,0.456282,-0.129708,0.056467,0.420290,-0.622625,-0.092375,0.184379,-0.160387,0.205308,-0.095370,-0.218712,-0.381783,0.150262,-0.317581,-0.262491,0.060148,-0.165985
-0.064307,-0.055763,-0.026755,-0.080938,-0.043504,0.004714,0.096374,-0.150513,0.015546,0.235538,0.225081,0.506805,0.500913,-0.100924,0.044929,0.420614,-0.619029,-0.092909,0.172088,-0.137880,0.181194,-0.129637,-0.241850,-0.393758,0.182692,-0.317509,-0.265872,0.053832,-0.151949
-0.043440,-0.052222,-0.028680,-0.078427,-0.034732,0.006096,0.088223,-0.151046,0.011501,0.203079,0.217245,0.533569,0.523597,-0.106430,0.018121,0.419802,-0.616217,-0.084892,0.161056,-0.124990,0.168003,-0.141930,-0.247631,-0.405639,0.214200,-0.316992,-0.266880,0.055173,-0.152955
-0.024556,-0.049362,-0.030456,-0.075015,-0.027873,0.006789,0.082289,-0.153537,0.008980,0.173318,0.210517,0.556138,0.542709,-0.113748,-0.006537,0.420012,-0.613840,-0.076593,0.150992,-0.114092,0.155956,-0.153519,-0.253188,-0.417827,0.242472,-0.316900,-0.267642,0.058770,-0.152604
-0.009641,-0.047862,-0.031931,-0.069799,-0.024843,0.006101,0.080790,-0.159947,0.009508,0.148952,0.206005,0.570316,0.554677,-0.124691,-0.026895,0.422267,-0.612333,-0.067728,0.142862,-0.107181,0.146195,-0.163703,-0.258296,-0.430631,0.264272,-0.317659,-0.267909,0.066877,-0.149539
0.002059,-0.046570,-0.033067,-0.063207,-0.023796,0.004647,0.084817,-0.168037,0.010391,0.130824,0.202965,0.576532,0.559808,-0.141054,-0.044499,0.424864,-0.610486,-0.059281,0.136420,-0.102612,0.138786,-0.169395,-0.260780,-0.435181,0.276467,-0.317594,-0.267387,0.069599,-0.143661
0.012152,-0.045382,-0.034032,-0.055928,-0.023741,0.002810,0.091607,-0.176967,0.011451,0.115816,0.200661,0.578765,0.561520,-0.160127,-0.060727,0.427632,-0.608469,-0.051042,0.130821,-0.099216,0.132553,-0.172841,-0.261953,-0.435604,0.283861,-0.317117,-0.266471,0.069629,-0.136375
0.020086,-0.043473,-0.034321,-0.050958,-0.024852,0.001116,0.096288,-0.186362,0.012875,0.105063,0.200145,0.576779,0.559016,-0.172989,-0.073465,0.430953,-0.607729,-0.045453,0.126513,-0.099921,0.132030,-0.169474,-0.258334,-0.436191,0.283820,-0.318710,-0.267247,0.075719,-0.131554
0.026442,-0.042105,-0.034340,-0.047012,-0.024880,-0.000087,0.098091,-0.194167,0.013604,0.095737,0.199859,0.573835,0.555820,-0.179870,-0.083126,0.433778,-0.606589,-0.041711,0.123365,-0.101353,0.132881,-0.164740,-0.253754,-0.434950,0.281642,-0.319459,-0.267726,0.080730,-0.128333
0.029643,-0.041819,-0.033816,-0.045116,-0.022745,-0.000309,0.094138,-0.198789,0.012945,0.089268,0.200035,0.568976,0.551240,-0.174788,-0.086632,0.435610,-0.604647,-0.041663,0.122539,-0.104237,0.136480,-0.157271,-0.247254,-0.430054,0.275191,-0.318519,-0.267610,0.083583,-0.128311
0.030940,-0.040607,-0.032919,-0.043187,-0.022074,-0.000875,0.094344,-0.202067,0.013029,0.086236,0.198420,0.564658,0.546784,-0.171741,-0.086203,0.437567,-0.602128,-0.041317,0.122681,-0.106763,0.139731,-0.150194,-0.240294,-0.426410,0.271397,-0.320049,-0.268580,0.085433,-0.129279
0.031284,-0.038931,-0.031835,-0.041242,-0.022135,-0.001612,0.096628,-0.204672,0.013486,0.084922,0.195909,0.560609,0.542391,-0.169713,-0.083808,0.439587,-0.599320,-0.040821,0.123305,-0.109110,0.142807,-0.143313,-0.233105,-0.423392,0.268931,-0.322814,-0.270094,0.086780,-0.130742
0.030344,-0.040054,-0.030932,-0.038074,-0.020827,-0.002069,0.093625,-0.202950,0.013548,0.083927,0.195037,0.555337,0.539403,-0.158398,-0.079875,0.442524,-0.599200,-0.042055,0.122290,-0.111608,0.146216,-0.134566,-0.225084,-0.419857,0.265648,-0.323378,-0.269643,0.088106,-0.125652
0.027588,-0.044136,-0.031038,-0.034002,-0.020568,-0.002696,0.089684,-0.200602,0.014148,0.084012,0.198235,0.550358,0.538165,-0.151921,-0.080082,0.445675,-0.599234,-0.043320,0.121477,-0.111501,0.146590,-0.127300,-0.217407,-0.418159,0.264229,-0.322985,-0.269051,0.087666,-0.117837
0.021201,-0.054134,-0.033163,-0.028122,-0.022408,-0.003664,0.083864,-0.197002,0.015827,0.086257,0.209572,0.545962,0.540426,-0.155123,-0.088566,0.449257,-0.599576,-0.044647,0.121067,-0.106181,0.140896,-0.122998,-0.210418,-0.420133,0.266540,-0.320679,-0.268176,0.083691,-0.104572
